v -1.21247 -0.20611 -0.22
v -1.21247 -0.20611 -0.22
v -1.21247 -0.20611 -0.22
v -1.21247 -0.20611 -0.22
v -1.21247 -0.20611 -0.22
v -1.21247 -0.20611 -0.22
v -1.21247 -0.20611 -0.22
v -1.21247 -0.20611 -0.22
v -1.21247 -0.20611 -0.22
v -1.21247 -0.20611 -0.22
v -1.21247 -0.20611 -0.22
v -1.21247 -0.20611 -0.22
v -1.25006 -0.21979 -0.12
v -1.22783 -0.28087 -0.1334
v -1.21156 -0.32558 -0.17
v -1.2056 -0.34195 -0.22
v -1.21156 -0.32558 -0.27
v -1.22783 -0.28087 -0.3066
v -1.25006 -0.21979 -0.32
v -1.27229 -0.15871 -0.3066
v -1.28857 -0.114 -0.27
v -1.29452 -0.09763 -0.22
v -1.28857 -0.114 -0.17
v -1.27229 -0.15871 -0.1334
v -1.16549 -0.18901 -0.04
v -1.13813 -0.26418 -0.06144
v -1.1181 -0.31922 -0.12
v -1.11077 -0.33936 -0.2
v -1.1181 -0.31922 -0.28
v -1.13813 -0.26418 -0.33856
v -1.16549 -0.18901 -0.36
v -1.19285 -0.11383 -0.33856
v -1.21288 -0.0588 -0.28
v -1.22021 -0.03866 -0.2
v -1.21288 -0.0588 -0.12
v -1.19285 -0.11383 -0.06144
v -0.98695 -0.12403 0.04
v -0.9459 -0.23679 0.01588
v -0.91586 -0.31934 -0.05
v -0.90486 -0.34955 -0.14
v -0.91586 -0.31934 -0.23
v -0.9459 -0.23679 -0.29588
v -0.98695 -0.12403 -0.32
v -1.02799 -0.01126 -0.29588
v -1.05803 0.07129 -0.23
v -1.06903 0.1015 -0.14
v -1.05803 0.07129 -0.05
v -1.02799 -0.01126 0.01588
v -0.79901 -0.05562 0.08
v -0.76139 -0.15899 0.05588
v -0.73385 -0.23466 -0.01
v -0.72376 -0.26235 -0.1
v -0.73385 -0.23466 -0.19
v -0.76139 -0.15899 -0.25588
v -0.79901 -0.05562 -0.28
v -0.83663 0.04774 -0.25588
v -0.86417 0.12341 -0.19
v -0.87425 0.15111 -0.1
v -0.86417 0.12341 -0.01
v -0.83663 0.04774 0.05588
v -0.70504 -0.02142 0.08
v -0.664 -0.13418 0.05588
v -0.63395 -0.21673 -0.01
v -0.62295 -0.24695 -0.1
v -0.63395 -0.21673 -0.19
v -0.664 -0.13418 -0.25588
v -0.70504 -0.02142 -0.28
v -0.74608 0.09134 -0.25588
v -0.77613 0.17389 -0.19
v -0.78712 0.20411 -0.1
v -0.77613 0.17389 -0.01
v -0.74608 0.09134 0.05588
v -0.70504 -0.02142 0.08
v -0.66229 -0.13888 0.05588
v -0.63099 -0.22487 -0.01
v -0.61953 -0.25634 -0.1
v -0.63099 -0.22487 -0.19
v -0.66229 -0.13888 -0.25588
v -0.70504 -0.02142 -0.28
v -0.74779 0.09604 -0.25588
v -0.77909 0.18203 -0.19
v -0.79054 0.2135 -0.1
v -0.77909 0.18203 -0.01
v -0.74779 0.09604 0.05588
v -0.70504 -0.02142 0.08
v -0.664 -0.13418 0.05588
v -0.63395 -0.21673 -0.01
v -0.62295 -0.24695 -0.1
v -0.63395 -0.21673 -0.19
v -0.664 -0.13418 -0.25588
v -0.70504 -0.02142 -0.28
v -0.74608 0.09134 -0.25588
v -0.77613 0.17389 -0.19
v -0.78712 0.20411 -0.1
v -0.77613 0.17389 -0.01
v -0.74608 0.09134 0.05588
v -0.70504 -0.02142 0.07
v -0.66229 -0.13888 0.04722
v -0.63099 -0.22487 -0.015
v -0.61953 -0.25634 -0.1
v -0.63099 -0.22487 -0.185
v -0.66229 -0.13888 -0.24722
v -0.70504 -0.02142 -0.27
v -0.74779 0.09604 -0.24722
v -0.77909 0.18203 -0.185
v -0.79054 0.2135 -0.1
v -0.77909 0.18203 -0.015
v -0.74779 0.09604 0.04722
v -0.70504 -0.02142 0
v -0.68281 -0.0825 -0.0134
v -0.66653 -0.12721 -0.05
v -0.66058 -0.14358 -0.1
v -0.66653 -0.12721 -0.15
v -0.68281 -0.0825 -0.1866
v -0.70504 -0.02142 -0.2
v -0.72727 0.03966 -0.1866
v -0.74355 0.08437 -0.15
v -0.7495 0.10074 -0.1
v -0.74355 0.08437 -0.05
v -0.72727 0.03966 -0.0134
v -0.70504 -0.02142 -0.1
v -0.70504 -0.02142 -0.1
v -0.70504 -0.02142 -0.1
v -0.70504 -0.02142 -0.1
v -0.70504 -0.02142 -0.1
v -0.70504 -0.02142 -0.1
v -0.70504 -0.02142 -0.1
v -0.70504 -0.02142 -0.1
v -0.70504 -0.02142 -0.1
v -0.70504 -0.02142 -0.1
v -0.70504 -0.02142 -0.1
v -0.70504 -0.02142 -0.1
v -0.47874 0.02876 -0.03
v -0.47874 0.02876 -0.03
v -0.47874 0.02876 -0.03
v -0.47874 0.02876 -0.03
v -0.47874 0.02876 -0.03
v -0.47874 0.02876 -0.03
v -0.47874 0.02876 -0.03
v -0.47874 0.02876 -0.03
v -0.47874 0.02876 0.18
v -0.49415 -0.14734 0.11849
v -0.50053 -0.22029 -0.03
v -0.49415 -0.14734 -0.17849
v -0.47874 0.02876 -0.24
v -0.46334 0.20487 -0.17849
v -0.45696 0.27781 -0.03
v -0.46334 0.20487 0.11849
v -0.47874 0.02876 0.18
v -0.49415 -0.14734 0.11849
v -0.50053 -0.22029 -0.03
v -0.49415 -0.14734 -0.17849
v -0.47874 0.02876 -0.24
v -0.46334 0.20487 -0.17849
v -0.45696 0.27781 -0.03
v -0.46334 0.20487 0.11849
v -0.47874 0.02876 0.18
v -0.49415 -0.14734 0.11849
v -0.50053 -0.22029 -0.03
v -0.49415 -0.14734 -0.17849
v -0.47874 0.02876 -0.24
v -0.46334 0.20487 -0.17849
v -0.45696 0.27781 -0.03
v -0.46334 0.20487 0.11849
v -0.47874 0.02876 0.18
v -0.49415 -0.14734 0.11849
v -0.50053 -0.22029 -0.03
v -0.49415 -0.14734 -0.17849
v -0.47874 0.02876 -0.24
v -0.46334 0.20487 -0.17849
v -0.45696 0.27781 -0.03
v -0.46334 0.20487 0.11849
v -0.34924 0.01743 0.18
v -0.36539 -0.16713 0.11849
v -0.37207 -0.24357 -0.03
v -0.36539 -0.16713 -0.17849
v -0.34924 0.01743 -0.24
v -0.33309 0.20199 -0.17849
v -0.3264 0.27843 -0.03
v -0.33309 0.20199 0.11849
v -0.10019 -0.00436 0.17
v -0.11745 -0.20159 0.11142
v -0.12459 -0.28329 -0.03
v -0.11745 -0.20159 -0.17142
v -0.10019 -0.00436 -0.23
v -0.08293 0.19288 -0.17142
v -0.07579 0.27458 -0.03
v -0.08293 0.19288 0.11142
v -0.10019 -0.00436 0.17
v -0.11868 -0.21568 0.11142
v -0.12634 -0.30322 -0.03
v -0.11868 -0.21568 -0.17142
v -0.10019 -0.00436 -0.23
v -0.0817 0.20697 -0.17142
v -0.07404 0.2945 -0.03
v -0.0817 0.20697 0.11142
v -0.10019 -0.00436 0.18
v -0.11868 -0.21568 0.11849
v -0.12634 -0.30322 -0.03
v -0.11868 -0.21568 -0.17849
v -0.10019 -0.00436 -0.24
v -0.0817 0.20697 -0.17849
v -0.07404 0.2945 -0.03
v -0.0817 0.20697 0.11849
v -0.10019 -0.00436 0.09
v -0.11005 -0.11706 0.05485
v -0.11414 -0.16375 -0.03
v -0.11005 -0.11706 -0.11485
v -0.10019 -0.00436 -0.15
v -0.09033 0.10835 -0.11485
v -0.08625 0.15503 -0.03
v -0.09033 0.10835 0.05485
v -0.10019 -0.00436 -0.03
v -0.10019 -0.00436 -0.03
v -0.10019 -0.00436 -0.03
v -0.10019 -0.00436 -0.03
v -0.10019 -0.00436 -0.03
v -0.10019 -0.00436 -0.03
v -0.10019 -0.00436 -0.03
v -0.10019 -0.00436 -0.03
v 0.05981 0.00436 0
v 0.05981 0.00436 0
v 0.05981 0.00436 0
v 0.05981 0.00436 0
v 0.05981 0.00436 0
v 0.05981 0.00436 0
v 0.05981 0.00436 0
v 0.05981 0.00436 0
v 0.05981 0.00436 0.21
v 0.07522 -0.17175 0.14849
v 0.0816 -0.24469 0
v 0.07522 -0.17175 -0.14849
v 0.05981 0.00436 -0.21
v 0.0444 0.18046 -0.14849
v 0.03802 0.25341 0
v 0.0444 0.18046 0.14849
v 0.05981 0.00436 0.21
v 0.07522 -0.17175 0.14849
v 0.0816 -0.24469 0
v 0.07522 -0.17175 -0.14849
v 0.05981 0.00436 -0.21
v 0.0444 0.18046 -0.14849
v 0.03802 0.25341 0
v 0.0444 0.18046 0.14849
v 0.05981 0.00436 0.21
v 0.07522 -0.17175 0.14849
v 0.0816 -0.24469 0
v 0.07522 -0.17175 -0.14849
v 0.05981 0.00436 -0.21
v 0.0444 0.18046 -0.14849
v 0.03802 0.25341 0
v 0.0444 0.18046 0.14849
v 0.05981 0.00436 0.21
v 0.07522 -0.17175 0.14849
v 0.0816 -0.24469 0
v 0.07522 -0.17175 -0.14849
v 0.05981 0.00436 -0.21
v 0.0444 0.18046 -0.14849
v 0.03802 0.25341 0
v 0.0444 0.18046 0.14849
v 0.05981 0.00436 0.21
v 0.07596 -0.1802 0.14849
v 0.08264 -0.25665 0
v 0.07596 -0.1802 -0.14849
v 0.05981 0.00436 -0.21
v 0.04366 0.18891 -0.14849
v 0.03697 0.26536 0
v 0.04366 0.18891 0.14849
v 0.05981 0.00436 0.2
v 0.07707 -0.19288 0.14142
v 0.08421 -0.27458 0
v 0.07707 -0.19288 -0.14142
v 0.05981 0.00436 -0.2
v 0.04255 0.20159 -0.14142
v 0.03541 0.28329 0
v 0.04255 0.20159 0.14142
v 0.20924 0.01743 0.2
v 0.22773 -0.19389 0.14142
v 0.23539 -0.28143 0
v 0.22773 -0.19389 -0.14142
v 0.20924 0.01743 -0.2
v 0.19075 0.22876 -0.14142
v 0.18309 0.31629 0
v 0.19075 0.22876 0.14142
v 0.49814 0.04271 0.21
v 0.51662 -0.16862 0.14849
v 0.52428 -0.25615 0
v 0.51662 -0.16862 -0.14849
v 0.49814 0.04271 -0.21
v 0.47965 0.25403 -0.14849
v 0.47199 0.34156 0
v 0.47965 0.25403 0.14849
v 0.49814 0.04271 0.12
v 0.508 -0.07 0.08485
v 0.51208 -0.11668 0
v 0.508 -0.07 -0.08485
v 0.49814 0.04271 -0.12
v 0.48827 0.15541 -0.08485
v 0.48419 0.2021 0
v 0.48827 0.15541 0.08485
v 0.49814 0.04271 0
v 0.49814 0.04271 0
v 0.49814 0.04271 0
v 0.49814 0.04271 0
v 0.49814 0.04271 0
v 0.49814 0.04271 0
v 0.49814 0.04271 0
v 0.49814 0.04271 0
v 0.52992 0.01339 0
v 0.52992 0.01339 0
v 0.52992 0.01339 0
v 0.52992 0.01339 0
v 0.52992 0.01339 0
v 0.52992 0.01339 0
v 0.52992 0.01339 0
v 0.52992 0.01339 0
v 0.52992 0.01339 0.21
v 0.49308 -0.19552 0.14849
v 0.47783 -0.28205 0
v 0.49308 -0.19552 -0.14849
v 0.52992 0.01339 -0.21
v 0.56676 0.2223 -0.14849
v 0.58202 0.30884 0
v 0.56676 0.2223 0.14849
v 0.52992 0.01339 0.21
v 0.49308 -0.19552 0.14849
v 0.47783 -0.28205 0
v 0.49308 -0.19552 -0.14849
v 0.52992 0.01339 -0.21
v 0.56676 0.2223 -0.14849
v 0.58202 0.30884 0
v 0.56676 0.2223 0.14849
v 0.52992 0.01339 0.21
v 0.49308 -0.19552 0.14849
v 0.47783 -0.28205 0
v 0.49308 -0.19552 -0.14849
v 0.52992 0.01339 -0.21
v 0.56676 0.2223 -0.14849
v 0.58202 0.30884 0
v 0.56676 0.2223 0.14849
v 0.52992 0.01339 0.21
v 0.49308 -0.19552 0.14849
v 0.47783 -0.28205 0
v 0.49308 -0.19552 -0.14849
v 0.52992 0.01339 -0.21
v 0.56676 0.2223 -0.14849
v 0.58202 0.30884 0
v 0.56676 0.2223 0.14849
v 0.52992 0.01339 0.21
v 0.49308 -0.19552 0.14849
v 0.47783 -0.28205 0
v 0.49308 -0.19552 -0.14849
v 0.52992 0.01339 -0.21
v 0.56676 0.2223 -0.14849
v 0.58202 0.30884 0
v 0.56676 0.2223 0.14849
v 0.52992 0.01339 0.2
v 0.49308 -0.19552 0.14142
v 0.47783 -0.28205 0
v 0.49308 -0.19552 -0.14142
v 0.52992 0.01339 -0.2
v 0.56676 0.2223 -0.14142
v 0.58202 0.30884 0
v 0.56676 0.2223 0.14142
v 0.52992 0.01339 0.2
v 0.49308 -0.19552 0.14142
v 0.47783 -0.28205 0
v 0.49308 -0.19552 -0.14142
v 0.52992 0.01339 -0.2
v 0.56676 0.2223 -0.14142
v 0.58202 0.30884 0
v 0.56676 0.2223 0.14142
v 0.52992 0.01339 0.21
v 0.49308 -0.19552 0.14849
v 0.47783 -0.28205 0
v 0.49308 -0.19552 -0.14849
v 0.52992 0.01339 -0.21
v 0.56676 0.2223 -0.14849
v 0.58202 0.30884 0
v 0.56676 0.2223 0.14849
v 0.68749 -0.01439 0.12
v 0.66784 -0.12581 0.08485
v 0.65971 -0.17196 0
v 0.66784 -0.12581 -0.08485
v 0.68749 -0.01439 -0.12
v 0.70714 0.09703 -0.08485
v 0.71527 0.14318 0
v 0.70714 0.09703 0.08485
v 0.63825 -0.00571 0
v 0.63825 -0.00571 0
v 0.63825 -0.00571 0
v 0.63825 -0.00571 0
v 0.63825 -0.00571 0
v 0.63825 -0.00571 0
v 0.63825 -0.00571 0
v 0.63825 -0.00571 0
v -0.97311 0.17141 -0.42
v -0.97311 0.17141 -0.42
v -0.97311 0.17141 -0.42
v -0.97311 0.17141 -0.42
v -0.97311 0.17141 -0.42
v -0.97311 0.17141 -0.42
v -0.97311 0.17141 -0.42
v -0.97311 0.17141 -0.42
v -0.99909 0.15641 -0.38
v -0.98495 0.13192 -0.39172
v -0.97909 0.12177 -0.42
v -0.98495 0.13192 -0.44828
v -0.99909 0.15641 -0.46
v -1.01323 0.18091 -0.44828
v -1.01909 0.19105 -0.42
v -1.01323 0.18091 -0.39172
v -0.97311 0.17141 -0.35
v -0.9519 0.13467 -0.3705
v -0.94311 0.11945 -0.42
v -0.9519 0.13467 -0.4695
v -0.97311 0.17141 -0.49
v -0.99432 0.20815 -0.4695
v -1.00311 0.22337 -0.42
v -0.99432 0.20815 -0.3705
v -0.88651 0.22141 -0.33
v -0.85822 0.17242 -0.35636
v -0.84651 0.15213 -0.42
v -0.85822 0.17242 -0.48364
v -0.88651 0.22141 -0.51
v -0.91479 0.2704 -0.48364
v -0.92651 0.29069 -0.42
v -0.91479 0.2704 -0.35636
v -0.7999 0.27141 -0.33
v -0.76808 0.2163 -0.35636
v -0.7549 0.19347 -0.42
v -0.76808 0.2163 -0.48364
v -0.7999 0.27141 -0.51
v -0.83172 0.32652 -0.48364
v -0.8449 0.34935 -0.42
v -0.83172 0.32652 -0.35636
v -0.7566 0.29641 -0.33
v -0.72478 0.2413 -0.35636
v -0.7116 0.21847 -0.42
v -0.72478 0.2413 -0.48364
v -0.7566 0.29641 -0.51
v -0.78842 0.35152 -0.48364
v -0.8016 0.37435 -0.42
v -0.78842 0.35152 -0.35636
v -0.7999 0.27141 -0.33
v -0.76808 0.2163 -0.35636
v -0.7549 0.19347 -0.42
v -0.76808 0.2163 -0.48364
v -0.7999 0.27141 -0.51
v -0.83172 0.32652 -0.48364
v -0.8449 0.34935 -0.42
v -0.83172 0.32652 -0.35636
v -0.7999 0.27141 -0.33
v -0.77162 0.22242 -0.35636
v -0.7599 0.20213 -0.42
v -0.77162 0.22242 -0.48364
v -0.7999 0.27141 -0.51
v -0.82819 0.3204 -0.48364
v -0.8399 0.34069 -0.42
v -0.82819 0.3204 -0.35636
v -0.7999 0.27141 -0.35
v -0.7893 0.25304 -0.35879
v -0.7849 0.24543 -0.38
v -0.7893 0.25304 -0.40121
v -0.7999 0.27141 -0.41
v -0.81051 0.28978 -0.40121
v -0.8149 0.29739 -0.38
v -0.81051 0.28978 -0.35879
v -0.66716 0.41008 -0.4
v -0.66716 0.41008 -0.4
v -0.66716 0.41008 -0.4
v -0.66716 0.41008 -0.4
v -0.66716 0.41008 -0.4
v -0.66716 0.41008 -0.4
v -0.66716 0.41008 -0.4
v -0.66716 0.41008 -0.4
v -0.66716 0.41008 -0.36
v -0.67683 0.3835 -0.37172
v -0.68084 0.37249 -0.4
v -0.67683 0.3835 -0.42828
v -0.66716 0.41008 -0.44
v -0.65749 0.43666 -0.42828
v -0.65348 0.44767 -0.4
v -0.65749 0.43666 -0.37172
v -0.66716 0.41008 -0.33
v -0.68167 0.37021 -0.3505
v -0.68768 0.3537 -0.4
v -0.68167 0.37021 -0.4495
v -0.66716 0.41008 -0.47
v -0.65265 0.44995 -0.4495
v -0.64664 0.46646 -0.4
v -0.65265 0.44995 -0.3505
v -0.66716 0.41008 -0.31
v -0.68651 0.35692 -0.33636
v -0.69452 0.3349 -0.4
v -0.68651 0.35692 -0.46364
v -0.66716 0.41008 -0.49
v -0.64781 0.46324 -0.46364
v -0.6398 0.48525 -0.4
v -0.64781 0.46324 -0.33636
v -0.66716 0.41008 -0.31
v -0.68893 0.35028 -0.33636
v -0.69794 0.32551 -0.4
v -0.68893 0.35028 -0.46364
v -0.66716 0.41008 -0.49
v -0.6454 0.46988 -0.46364
v -0.63638 0.49465 -0.4
v -0.6454 0.46988 -0.33636
v -0.62018 0.39298 -0.31
v -0.64194 0.33318 -0.33636
v -0.65096 0.30841 -0.4
v -0.64194 0.33318 -0.46364
v -0.62018 0.39298 -0.49
v -0.59841 0.45278 -0.46364
v -0.58939 0.47755 -0.4
v -0.59841 0.45278 -0.33636
v -0.48606 0.32288 -0.31
v -0.51025 0.25643 -0.33636
v -0.52027 0.22891 -0.4
v -0.51025 0.25643 -0.46364
v -0.48606 0.32288 -0.49
v -0.46188 0.38933 -0.46364
v -0.45186 0.41685 -0.4
v -0.46188 0.38933 -0.33636
v -0.40235 0.26049 -0.31
v -0.4217 0.20733 -0.33636
v -0.42972 0.18531 -0.4
v -0.4217 0.20733 -0.46364
v -0.40235 0.26049 -0.49
v -0.38301 0.31365 -0.46364
v -0.37499 0.33566 -0.4
v -0.38301 0.31365 -0.33636
v -0.36563 0.2152 -0.33
v -0.37289 0.19526 -0.33879
v -0.37589 0.18701 -0.36
v -0.37289 0.19526 -0.38121
v -0.36563 0.2152 -0.39
v -0.35838 0.23513 -0.38121
v -0.35537 0.24339 -0.36
v -0.35838 0.23513 -0.33879
v 0.09 0 0.25
v 0.09 -0.05657 0.22364
v 0.09 -0.08 0.16
v 0.09 -0.05657 0.09636
v 0.09 0 0.07
v 0.09 0.05657 0.09636
v 0.09 0.08 0.16
v 0.09 0.05657 0.22364
v 0.09 0 0.3
v 0.09 -0.09899 0.25899
v 0.09 -0.14 0.16
v 0.09 -0.09899 0.06101
v 0.09 0 0.02
v 0.09 0.09899 0.06101
v 0.09 0.14 0.16
v 0.09 0.09899 0.25899
v 0.09 0 0.32
v 0.09 -0.09899 0.27314
v 0.09 -0.14 0.16
v 0.09 -0.09899 0.04686
v 0.09 0 0
v 0.09 0.09899 0.04686
v 0.09 0.14 0.16
v 0.09 0.09899 0.27314
v 0.2 0 0.31
v 0.2 -0.08485 0.26607
v 0.2 -0.12 0.16
v 0.2 -0.08485 0.05393
v 0.2 0 0.01
v 0.2 0.08485 0.05393
v 0.2 0.12 0.16
v 0.2 0.08485 0.26607
v 0.31 0 0.27
v 0.31 -0.05657 0.23778
v 0.31 -0.08 0.16
v 0.31 -0.05657 0.08222
v 0.31 0 0.05
v 0.31 0.05657 0.08222
v 0.31 0.08 0.16
v 0.31 0.05657 0.23778
v -0.42699 0.11299 0.25
v -0.43681 0.05728 0.22364
v -0.44088 0.03421 0.16
v -0.43681 0.05728 0.09636
v -0.42699 0.11299 0.07
v -0.41717 0.1687 0.09636
v -0.4131 0.19178 0.16
v -0.41717 0.1687 0.22364
v -0.23988 0.08 0.3
v -0.25707 -0.01749 0.25899
v -0.26419 -0.05787 0.16
v -0.25707 -0.01749 0.06101
v -0.23988 0.08 0.02
v -0.22269 0.17749 0.06101
v -0.21557 0.21787 0.16
v -0.22269 0.17749 0.25899
v -0.23988 0.08 0.32
v -0.25707 -0.01749 0.27314
v -0.26419 -0.05787 0.16
v -0.25707 -0.01749 0.04686
v -0.23988 0.08 0
v -0.22269 0.17749 0.04686
v -0.21557 0.21787 0.16
v -0.22269 0.17749 0.27314
v -0.23988 0.08 0.31
v -0.25461 -0.00357 0.26607
v -0.26072 -0.03818 0.16
v -0.25461 -0.00357 0.05393
v -0.23988 0.08 0.01
v -0.22514 0.16356 0.05393
v -0.21904 0.19818 0.16
v -0.22514 0.16356 0.26607
v -0.23988 0.08 0.27
v -0.2497 0.02429 0.23778
v -0.25377 0.00121 0.16
v -0.2497 0.02429 0.08222
v -0.23988 0.08 0.05
v -0.23005 0.13571 0.08222
v -0.22599 0.15878 0.16
v -0.23005 0.13571 0.23778
v -0.06118 -0.0371 0.25
v -0.06611 -0.09346 0.22364
v -0.06816 -0.1168 0.16
v -0.06611 -0.09346 0.09636
v -0.06118 -0.0371 0.07
v -0.05625 0.01925 0.09636
v -0.05421 0.04259 0.16
v -0.05625 0.01925 0.22364
v -0.21061 -0.02403 0.3
v -0.21924 -0.12265 0.25899
v -0.22281 -0.1635 0.16
v -0.21924 -0.12265 0.06101
v -0.21061 -0.02403 0.02
v -0.20198 0.07459 0.06101
v -0.19841 0.11544 0.16
v -0.20198 0.07459 0.25899
v -0.06118 -0.0371 0.32
v -0.06981 -0.13572 0.27314
v -0.07339 -0.17657 0.16
v -0.06981 -0.13572 0.04686
v -0.06118 -0.0371 0
v -0.05256 0.06152 0.04686
v -0.04898 0.10237 0.16
v -0.05256 0.06152 0.27314
v -0.06118 -0.0371 0.31
v -0.06858 -0.12163 0.26607
v -0.07164 -0.15665 0.16
v -0.06858 -0.12163 0.05393
v -0.06118 -0.0371 0.01
v -0.05379 0.04743 0.05393
v -0.05072 0.08244 0.16
v -0.05379 0.04743 0.26607
v -0.06118 -0.0371 0.27
v -0.06611 -0.09346 0.23778
v -0.06816 -0.1168 0.16
v -0.06611 -0.09346 0.08222
v -0.06118 -0.0371 0.05
v -0.05625 0.01925 0.08222
v -0.05421 0.04259 0.16
v -0.05625 0.01925 0.23778
v 0.40594 -0.21671 0
v 0.40594 -0.21671 0
v 0.40594 -0.21671 0
v 0.40594 -0.21671 0
v 0.40594 -0.21671 0
v 0.40594 -0.21671 0
v 0.40594 -0.21671 0
v 0.40594 -0.21671 0
v 0.40438 -0.20683 0.07
v 0.41323 -0.2627 0.0495
v 0.41689 -0.28585 0
v 0.41323 -0.2627 -0.0495
v 0.40438 -0.20683 -0.07
v 0.39553 -0.15096 -0.0495
v 0.39186 -0.12782 0
v 0.39553 -0.15096 0.0495
v 0.40594 -0.21671 0.12
v 0.41922 -0.30052 0.08485
v 0.42472 -0.33523 0
v 0.41922 -0.30052 -0.08485
v 0.40594 -0.21671 -0.12
v 0.39267 -0.1329 -0.08485
v 0.38717 -0.09819 0
v 0.39267 -0.1329 0.08485
v 0.41846 -0.29572 0.12
v 0.43173 -0.37953 0.08485
v 0.43723 -0.41425 0
v 0.43173 -0.37953 -0.08485
v 0.41846 -0.29572 -0.12
v 0.40518 -0.21192 -0.08485
v 0.39969 -0.1772 0
v 0.40518 -0.21192 0.08485
v 0.42002 -0.3056 0.12
v 0.4333 -0.38941 0.08485
v 0.43879 -0.42412 0
v 0.4333 -0.38941 -0.08485
v 0.42002 -0.3056 -0.12
v 0.40675 -0.22179 -0.08485
v 0.40125 -0.18708 0
v 0.40675 -0.22179 0.08485
v 0.42002 -0.3056 0.12
v 0.4333 -0.38941 0.08485
v 0.43879 -0.42412 0
v 0.4333 -0.38941 -0.08485
v 0.42002 -0.3056 -0.12
v 0.40675 -0.22179 -0.08485
v 0.40125 -0.18708 0
v 0.40675 -0.22179 0.08485
v 0.42159 -0.31548 0.14
v 0.43707 -0.41325 0.09899
v 0.44349 -0.45375 0
v 0.43707 -0.41325 -0.09899
v 0.42159 -0.31548 -0.14
v 0.4061 -0.2177 -0.09899
v 0.39969 -0.1772 0
v 0.4061 -0.2177 0.09899
v 0.49073 -0.30453 0.14
v 0.50621 -0.4023 0.09899
v 0.51263 -0.4428 0
v 0.50621 -0.4023 -0.09899
v 0.49073 -0.30453 -0.14
v 0.47524 -0.20675 -0.09899
v 0.46882 -0.16625 0
v 0.47524 -0.20675 0.09899
v 0.54167 -0.30658 0.14
v 0.55495 -0.39039 0.09899
v 0.56045 -0.4251 0
v 0.55495 -0.39039 -0.09899
v 0.54167 -0.30658 -0.14
v 0.5284 -0.22277 -0.09899
v 0.5229 -0.18806 0
v 0.5284 -0.22277 0.09899
v 0.60299 -0.24625 0.18
v 0.6218 -0.36498 0.12728
v 0.62958 -0.41415 0
v 0.6218 -0.36498 -0.12728
v 0.60299 -0.24625 -0.18
v 0.58419 -0.12752 -0.12728
v 0.5764 -0.07834 0
v 0.58419 -0.12752 0.12728
v 0.73452 -0.24566 0.16
v 0.75443 -0.37138 0.11314
v 0.76268 -0.42345 0
v 0.75443 -0.37138 -0.11314
v 0.73452 -0.24566 -0.16
v 0.71461 -0.11995 -0.11314
v 0.70636 -0.06788 0
v 0.71461 -0.11995 0.11314
v 0.80522 -0.24459 0.15
v 0.82071 -0.34237 0.10607
v 0.82712 -0.38287 0
v 0.82071 -0.34237 -0.10607
v 0.80522 -0.24459 -0.15
v 0.78974 -0.14682 -0.10607
v 0.78332 -0.10631 0
v 0.78974 -0.14682 0.10607
v 0.88424 -0.23208 0.08
v 0.8953 -0.30192 0.05657
v 0.89988 -0.33085 0
v 0.8953 -0.30192 -0.05657
v 0.88424 -0.23208 -0.08
v 0.87317 -0.16224 -0.05657
v 0.86859 -0.13331 0
v 0.87317 -0.16224 0.05657
v 0.83485 -0.2399 0
v 0.83485 -0.2399 0
v 0.83485 -0.2399 0
v 0.83485 -0.2399 0
v 0.83485 -0.2399 0
v 0.83485 -0.2399 0
v 0.83485 -0.2399 0
v 0.83485 -0.2399 0
v 0.0487 -0.4643 0
v 0.0487 -0.4643 0
v 0.0487 -0.4643 0
v 0.0487 -0.4643 0
v 0.0487 -0.4643 0
v 0.0487 -0.4643 0
v 0.0487 -0.4643 0
v 0.0487 -0.4643 0
v 0.0487 -0.4643 0.07
v 0.07612 -0.51378 0.0495
v 0.08748 -0.53427 0
v 0.07612 -0.51378 -0.0495
v 0.0487 -0.4643 -0.07
v 0.02127 -0.41483 -0.0495
v 0.00991 -0.39433 0
v 0.02127 -0.41483 0.0495
v 0.0487 -0.4643 0.14
v 0.09669 -0.55089 0.09899
v 0.11657 -0.58675 0
v 0.09669 -0.55089 -0.09899
v 0.0487 -0.4643 -0.14
v 0.0007 -0.37772 -0.09899
v -0.01918 -0.34186 0
v 0.0007 -0.37772 0.09899
v 0.0487 -0.4643 0.16
v 0.10355 -0.56325 0.11314
v 0.12627 -0.60424 0
v 0.10355 -0.56325 -0.11314
v 0.0487 -0.4643 -0.16
v -0.00615 -0.36535 -0.11314
v -0.02887 -0.32436 0
v -0.00615 -0.36535 0.11314
v 0.14101 -0.42457 0.16
v 0.19586 -0.52352 0.11314
v 0.21858 -0.56451 0
v 0.19586 -0.52352 -0.11314
v 0.14101 -0.42457 -0.16
v 0.08616 -0.32562 -0.11314
v 0.06344 -0.28463 0
v 0.08616 -0.32562 0.11314
v 0.29844 -0.3373 0.12
v 0.33958 -0.41152 0.08485
v 0.35661 -0.44226 0
v 0.33958 -0.41152 -0.08485
v 0.29844 -0.3373 -0.12
v 0.2573 -0.26309 -0.08485
v 0.24026 -0.23235 0
v 0.2573 -0.26309 0.08485
v 0.29844 -0.3373 0.12
v 0.33958 -0.41152 0.08485
v 0.35661 -0.44226 0
v 0.33958 -0.41152 -0.08485
v 0.29844 -0.3373 -0.12
v 0.2573 -0.26309 -0.08485
v 0.24026 -0.23235 0
v 0.2573 -0.26309 0.08485
v 0.29844 -0.3373 0.12
v 0.33958 -0.41152 0.08485
v 0.35661 -0.44226 0
v 0.33958 -0.41152 -0.08485
v 0.29844 -0.3373 -0.12
v 0.2573 -0.26309 -0.08485
v 0.24026 -0.23235 0
v 0.2573 -0.26309 0.08485
v 0.24996 -0.24984 0.12
v 0.29109 -0.32405 0.08485
v 0.30813 -0.35479 0
v 0.29109 -0.32405 -0.08485
v 0.24996 -0.24984 -0.12
v 0.20882 -0.17563 -0.08485
v 0.19178 -0.14489 0
v 0.20882 -0.17563 0.08485
v 0.24996 -0.24984 0.12
v 0.29109 -0.32405 0.08485
v 0.30813 -0.35479 0
v 0.29109 -0.32405 -0.08485
v 0.24996 -0.24984 -0.12
v 0.20882 -0.17563 -0.08485
v 0.19178 -0.14489 0
v 0.20882 -0.17563 0.08485
v 0.24996 -0.24984 0.12
v 0.29109 -0.32405 0.08485
v 0.30813 -0.35479 0
v 0.29109 -0.32405 -0.08485
v 0.24996 -0.24984 -0.12
v 0.20882 -0.17563 -0.08485
v 0.19178 -0.14489 0
v 0.20882 -0.17563 0.08485
v 0.24996 -0.24984 0.12
v 0.29109 -0.32405 0.08485
v 0.30813 -0.35479 0
v 0.29109 -0.32405 -0.08485
v 0.24996 -0.24984 -0.12
v 0.20882 -0.17563 -0.08485
v 0.19178 -0.14489 0
v 0.20882 -0.17563 0.08485
v 0.24996 -0.24984 0.08
v 0.28424 -0.31168 0.05657
v 0.29844 -0.3373 0
v 0.28424 -0.31168 -0.05657
v 0.24996 -0.24984 -0.08
v 0.21568 -0.18799 -0.05657
v 0.20148 -0.16238 0
v 0.21568 -0.18799 0.05657
v 0.24996 -0.24984 0
v 0.24996 -0.24984 0
v 0.24996 -0.24984 0
v 0.24996 -0.24984 0
v 0.24996 -0.24984 0
v 0.24996 -0.24984 0
v 0.24996 -0.24984 0
v 0.24996 -0.24984 0
v -0.54603 -0.46613 0
v -0.54603 -0.46613 0
v -0.54603 -0.46613 0
v -0.54603 -0.46613 0
v -0.54603 -0.46613 0
v -0.54603 -0.46613 0
v -0.54603 -0.46613 0
v -0.54603 -0.46613 0
v -0.5925 -0.44514 0.07
v -0.60522 -0.50026 0.0495
v -0.61049 -0.52309 0
v -0.60522 -0.50026 -0.0495
v -0.5925 -0.44514 -0.07
v -0.57977 -0.39002 -0.0495
v -0.5745 -0.36719 0
v -0.57977 -0.39002 0.0495
v -0.30244 -0.52237 0.14
v -0.3247 -0.61883 0.09899
v -0.33393 -0.65878 0
v -0.3247 -0.61883 -0.09899
v -0.30244 -0.52237 -0.14
v -0.28017 -0.42591 -0.09899
v -0.27094 -0.38596 0
v -0.28017 -0.42591 0.09899
v -0.05434 -0.55912 0.16
v -0.07979 -0.66936 0.11314
v -0.09034 -0.71502 0
v -0.07979 -0.66936 -0.11314
v -0.05434 -0.55912 -0.16
v -0.02889 -0.44888 -0.11314
v -0.01835 -0.40322 0
v -0.02889 -0.44888 0.11314
v -0.05434 -0.55912 0.16
v -0.07979 -0.66936 0.11314
v -0.09034 -0.71502 0
v -0.07979 -0.66936 -0.11314
v -0.05434 -0.55912 -0.16
v -0.02889 -0.44888 -0.11314
v -0.01835 -0.40322 0
v -0.02889 -0.44888 0.11314
v -0.05434 -0.55912 0.16
v -0.07979 -0.66936 0.11314
v -0.09034 -0.71502 0
v -0.07979 -0.66936 -0.11314
v -0.05434 -0.55912 -0.16
v -0.02889 -0.44888 -0.11314
v -0.01835 -0.40322 0
v -0.02889 -0.44888 0.11314
v -0.05434 -0.55912 0.16
v -0.07979 -0.66936 0.11314
v -0.09034 -0.71502 0
v -0.07979 -0.66936 -0.11314
v -0.05434 -0.55912 -0.16
v -0.02889 -0.44888 -0.11314
v -0.01835 -0.40322 0
v -0.02889 -0.44888 0.11314
v -0.05434 -0.55912 0.16
v -0.07979 -0.66936 0.11314
v -0.09034 -0.71502 0
v -0.07979 -0.66936 -0.11314
v -0.05434 -0.55912 -0.16
v -0.02889 -0.44888 -0.11314
v -0.01835 -0.40322 0
v -0.02889 -0.44888 0.11314
v -0.05434 -0.55912 0.16
v -0.07979 -0.66936 0.11314
v -0.09034 -0.71502 0
v -0.07979 -0.66936 -0.11314
v -0.05434 -0.55912 -0.16
v -0.02889 -0.44888 -0.11314
v -0.01835 -0.40322 0
v -0.02889 -0.44888 0.11314
v -0.05434 -0.55912 0.16
v -0.07979 -0.66936 0.11314
v -0.09034 -0.71502 0
v -0.07979 -0.66936 -0.11314
v -0.05434 -0.55912 -0.16
v -0.02889 -0.44888 -0.11314
v -0.01835 -0.40322 0
v -0.02889 -0.44888 0.11314
v -0.05434 -0.55912 0.16
v -0.07979 -0.66936 0.11314
v -0.09034 -0.71502 0
v -0.07979 -0.66936 -0.11314
v -0.05434 -0.55912 -0.16
v -0.02889 -0.44888 -0.11314
v -0.01835 -0.40322 0
v -0.02889 -0.44888 0.11314
v -0.05434 -0.55912 0.16
v -0.07979 -0.66936 0.11314
v -0.09034 -0.71502 0
v -0.07979 -0.66936 -0.11314
v -0.05434 -0.55912 -0.16
v -0.02889 -0.44888 -0.11314
v -0.01835 -0.40322 0
v -0.02889 -0.44888 0.11314
v -0.05434 -0.55912 0.08
v -0.07025 -0.62802 0.05657
v -0.07684 -0.65656 0
v -0.07025 -0.62802 -0.05657
v -0.05434 -0.55912 -0.08
v -0.03844 -0.49022 -0.05657
v -0.03185 -0.46168 0
v -0.03844 -0.49022 0.05657
v -0.05434 -0.55912 0
v -0.05434 -0.55912 0
v -0.05434 -0.55912 0
v -0.05434 -0.55912 0
v -0.05434 -0.55912 0
v -0.05434 -0.55912 0
v -0.05434 -0.55912 0
v -0.05434 -0.55912 0
v -0.10558 0.57923 0
v -0.10558 0.57923 0
v -0.10558 0.57923 0
v -0.10558 0.57923 0
v -0.10558 0.57923 0
v -0.10558 0.57923 0
v -0.10558 0.57923 0
v -0.10558 0.57923 0
v -0.05634 0.57055 0.15
v -0.06862 0.50091 0.10607
v -0.0737 0.47206 0
v -0.06862 0.50091 -0.10607
v -0.05634 0.57055 -0.15
v -0.04406 0.64018 -0.10607
v -0.03897 0.66903 0
v -0.04406 0.64018 0.10607
v 0.19854 0.57637 0.2
v 0.18013 0.47192 0.14142
v 0.1725 0.42865 0
v 0.18013 0.47192 -0.14142
v 0.19854 0.57637 -0.2
v 0.21696 0.68083 -0.14142
v 0.22459 0.7241 0
v 0.21696 0.68083 0.14142
v 0.39551 0.54164 0.25
v 0.37709 0.43719 0.17678
v 0.36946 0.39392 0
v 0.37709 0.43719 -0.17678
v 0.39551 0.54164 -0.25
v 0.41392 0.6461 -0.17678
v 0.42155 0.68937 0
v 0.41392 0.6461 0.17678
v 0.58379 0.45767 0.2
v 0.56537 0.35322 0.14142
v 0.55774 0.30995 0
v 0.56537 0.35322 -0.14142
v 0.58379 0.45767 -0.2
v 0.6022 0.56213 -0.14142
v 0.60983 0.6054 0
v 0.6022 0.56213 0.14142
v 0.58379 0.45767 0.1
v 0.57151 0.38804 0.07071
v 0.56642 0.35919 0
v 0.57151 0.38804 -0.07071
v 0.58379 0.45767 -0.1
v 0.59606 0.52731 -0.07071
v 0.60115 0.55616 0
v 0.59606 0.52731 0.07071
v 0.58379 0.45767 0
v 0.58379 0.45767 0
v 0.58379 0.45767 0
v 0.58379 0.45767 0
v 0.58379 0.45767 0
v 0.58379 0.45767 0
v 0.58379 0.45767 0
v 0.58379 0.45767 0
v 0.73379 0.45767 0
v 0.73379 0.45767 0
v 0.73379 0.45767 0
v 0.73379 0.45767 0
v 0.73379 0.45767 0
v 0.73379 0.45767 0
v 0.73379 0.45767 0
v 0.73379 0.45767 0
v 0.73379 0.45767 0.2
v 0.71537 0.35322 0.14142
v 0.70774 0.30995 0
v 0.71537 0.35322 -0.14142
v 0.73379 0.45767 -0.2
v 0.7522 0.56213 -0.14142
v 0.75983 0.6054 0
v 0.7522 0.56213 0.14142
v 0.73379 0.45767 0.2
v 0.71537 0.35322 0.14142
v 0.70774 0.30995 0
v 0.71537 0.35322 -0.14142
v 0.73379 0.45767 -0.2
v 0.7522 0.56213 -0.14142
v 0.75983 0.6054 0
v 0.7522 0.56213 0.14142
v 0.73379 0.45767 0.2
v 0.71537 0.35322 0.14142
v 0.70774 0.30995 0
v 0.71537 0.35322 -0.14142
v 0.73379 0.45767 -0.2
v 0.7522 0.56213 -0.14142
v 0.75983 0.6054 0
v 0.7522 0.56213 0.14142
v 0.73379 0.45767 0.2
v 0.71537 0.35322 0.14142
v 0.70774 0.30995 0
v 0.71537 0.35322 -0.14142
v 0.73379 0.45767 -0.2
v 0.7522 0.56213 -0.14142
v 0.75983 0.6054 0
v 0.7522 0.56213 0.14142
v 1.02923 0.40558 0.1
v 1.01695 0.33594 0.07071
v 1.01186 0.3071 0
v 1.01695 0.33594 -0.07071
v 1.02923 0.40558 -0.1
v 1.04151 0.47522 -0.07071
v 1.04659 0.50406 0
v 1.04151 0.47522 0.07071
v 0.93075 0.42294 0
v 0.93075 0.42294 0
v 0.93075 0.42294 0
v 0.93075 0.42294 0
v 0.93075 0.42294 0
v 0.93075 0.42294 0
v 0.93075 0.42294 0
v 0.93075 0.42294 0
v 0.41352 1.1262 -0.18
v 0.41352 1.1262 -0.18
v 0.41352 1.1262 -0.18
v 0.41352 1.1262 -0.18
v 0.41352 1.1262 -0.18
v 0.41352 1.1262 -0.18
v 0.41352 1.1262 -0.18
v 0.41352 1.1262 -0.18
v 0.41352 1.1262 -0.18
v 0.41352 1.1262 -0.18
v 0.41352 1.1262 -0.18
v 0.41352 1.1262 -0.18
v 0.41352 1.1262 -0.14
v 0.41004 1.10651 -0.14536
v 0.4075 1.09209 -0.16
v 0.40657 1.08681 -0.18
v 0.4075 1.09209 -0.2
v 0.41004 1.10651 -0.21464
v 0.41352 1.1262 -0.22
v 0.41699 1.1459 -0.21464
v 0.41953 1.16032 -0.2
v 0.42046 1.16559 -0.18
v 0.41953 1.16032 -0.16
v 0.41699 1.1459 -0.14536
v 0.41352 1.1262 -0.13
v 0.40918 1.10158 -0.1367
v 0.406 1.08356 -0.155
v 0.40483 1.07696 -0.18
v 0.406 1.08356 -0.205
v 0.40918 1.10158 -0.2233
v 0.41352 1.1262 -0.23
v 0.41786 1.15082 -0.2233
v 0.42104 1.16885 -0.205
v 0.4222 1.17544 -0.18
v 0.42104 1.16885 -0.155
v 0.41786 1.15082 -0.1367
v 0.41352 1.1262 -0.13
v 0.40918 1.10158 -0.1367
v 0.406 1.08356 -0.155
v 0.40483 1.07696 -0.18
v 0.406 1.08356 -0.205
v 0.40918 1.10158 -0.2233
v 0.41352 1.1262 -0.23
v 0.41786 1.15082 -0.2233
v 0.42104 1.16885 -0.205
v 0.4222 1.17544 -0.18
v 0.42104 1.16885 -0.155
v 0.41786 1.15082 -0.1367
v 0.41352 1.1262 -0.12
v 0.40744 1.09173 -0.12804
v 0.40299 1.0665 -0.15
v 0.40136 1.05727 -0.18
v 0.40299 1.0665 -0.21
v 0.40744 1.09173 -0.23196
v 0.41352 1.1262 -0.24
v 0.41959 1.16067 -0.23196
v 0.42404 1.1859 -0.21
v 0.42567 1.19514 -0.18
v 0.42404 1.1859 -0.15
v 0.41959 1.16067 -0.12804
v 0.41352 1.1262 -0.09
v 0.4057 1.08189 -0.10206
v 0.39998 1.04944 -0.135
v 0.39789 1.03757 -0.18
v 0.39998 1.04944 -0.225
v 0.4057 1.08189 -0.25794
v 0.41352 1.1262 -0.27
v 0.42133 1.17052 -0.25794
v 0.42705 1.20296 -0.225
v 0.42914 1.21483 -0.18
v 0.42705 1.20296 -0.135
v 0.42133 1.17052 -0.10206
v 0.41352 1.1262 -0.08
v 0.40483 1.07696 -0.0934
v 0.39848 1.04092 -0.13
v 0.39615 1.02772 -0.18
v 0.39848 1.04092 -0.23
v 0.40483 1.07696 -0.2666
v 0.41352 1.1262 -0.28
v 0.4222 1.17544 -0.2666
v 0.42855 1.21149 -0.23
v 0.43088 1.22468 -0.18
v 0.42855 1.21149 -0.13
v 0.4222 1.17544 -0.0934
v 0.50215 1.11057 -0.08
v 0.49347 1.06133 -0.0934
v 0.48711 1.02529 -0.13
v 0.48478 1.01209 -0.18
v 0.48711 1.02529 -0.23
v 0.49347 1.06133 -0.2666
v 0.50215 1.11057 -0.28
v 0.51083 1.15981 -0.2666
v 0.51719 1.19586 -0.23
v 0.51951 1.20905 -0.18
v 0.51719 1.19586 -0.13
v 0.51083 1.15981 -0.0934
v 0.61048 1.09147 -0.1
v 0.60266 1.04716 -0.11072
v 0.59694 1.01471 -0.14
v 0.59485 1.00284 -0.18
v 0.59694 1.01471 -0.22
v 0.60266 1.04716 -0.24928
v 0.61048 1.09147 -0.26
v 0.61829 1.13579 -0.24928
v 0.62401 1.16823 -0.22
v 0.62611 1.1801 -0.18
v 0.62401 1.16823 -0.14
v 0.61829 1.13579 -0.11072
v 0.59078 1.09495 -0.13
v 0.58644 1.07033 -0.1367
v 0.58326 1.0523 -0.155
v 0.5821 1.0457 -0.18
v 0.58326 1.0523 -0.205
v 0.58644 1.07033 -0.2233
v 0.59078 1.09495 -0.23
v 0.59512 1.11957 -0.2233
v 0.5983 1.13759 -0.205
v 0.59946 1.14419 -0.18
v 0.5983 1.13759 -0.155
v 0.59512 1.11957 -0.1367
v 0.68926 1.07758 -0.15
v 0.68666 1.06281 -0.15402
v 0.68475 1.05199 -0.165
v 0.68405 1.04804 -0.18
v 0.68475 1.05199 -0.195
v 0.68666 1.06281 -0.20598
v 0.68926 1.07758 -0.21
v 0.69187 1.09235 -0.20598
v 0.69377 1.10317 -0.195
v 0.69447 1.10712 -0.18
v 0.69377 1.10317 -0.165
v 0.69187 1.09235 -0.15402
v -0.03481 -0.79078 -0.05
v -0.03481 -0.79078 -0.05
v -0.03481 -0.79078 -0.05
v -0.03481 -0.79078 -0.05
v -0.03481 -0.79078 -0.05
v -0.03481 -0.79078 -0.05
v -0.03481 -0.79078 -0.05
v -0.03481 -0.79078 -0.05
v -0.03481 -0.79078 -0.05
v -0.03481 -0.79078 -0.05
v -0.03481 -0.79078 -0.05
v -0.03481 -0.79078 -0.05
v -0.04013 -0.80932 -0.02702
v -0.04066 -0.81117 -0.02879
v -0.04115 -0.81287 -0.03072
v -0.04115 -0.81287 -0.06928
v -0.04066 -0.81117 -0.07121
v -0.04013 -0.80932 -0.07298
v -0.0295 -0.77225 -0.07298
v -0.02897 -0.77039 -0.07121
v -0.02848 -0.76869 -0.06928
v -0.02848 -0.76869 -0.03072
v -0.02897 -0.77039 -0.02879
v -0.0295 -0.77225 -0.02702
v -0.04013 -0.80932 0.01894
v -0.04066 -0.81117 0.01364
v -0.04115 -0.81287 0.00785
v -0.04115 -0.81287 -0.10785
v -0.04066 -0.81117 -0.11364
v -0.04013 -0.80932 -0.11894
v -0.0295 -0.77225 -0.11894
v -0.02897 -0.77039 -0.11364
v -0.02848 -0.76869 -0.10785
v -0.02848 -0.76869 0.00785
v -0.02897 -0.77039 0.01364
v -0.0295 -0.77225 0.01894
v 0.13677 -0.918 0.05725
v 0.13553 -0.92233 0.04899
v 0.13439 -0.92629 0.03999
v 0.13439 -0.92629 -0.13999
v 0.13553 -0.92233 -0.14899
v 0.13677 -0.918 -0.15725
v 0.16157 -0.8315 -0.15725
v 0.16281 -0.82717 -0.14899
v 0.16395 -0.8232 -0.13999
v 0.16395 -0.8232 0.03999
v 0.16281 -0.82717 0.04899
v 0.16157 -0.8315 0.05725
v 0.23289 -0.94556 0.05725
v 0.23165 -0.94989 0.04899
v 0.23052 -0.95386 0.03999
v 0.23052 -0.95386 -0.13999
v 0.23165 -0.94989 -0.14899
v 0.23289 -0.94556 -0.15725
v 0.2577 -0.85906 -0.15725
v 0.25894 -0.85473 -0.14899
v 0.26008 -0.85077 -0.13999
v 0.26008 -0.85077 0.03999
v 0.25894 -0.85473 0.04899
v 0.2577 -0.85906 0.05725
v 0.23467 -0.93939 0.04193
v 0.2336 -0.94309 0.03485
v 0.23263 -0.94649 0.02713
v 0.23263 -0.94649 -0.12713
v 0.2336 -0.94309 -0.13485
v 0.23467 -0.93939 -0.14193
v 0.25593 -0.86524 -0.14193
v 0.25699 -0.86153 -0.13485
v 0.25797 -0.85813 -0.12713
v 0.25797 -0.85813 0.02713
v 0.25699 -0.86153 0.03485
v 0.25593 -0.86524 0.04193
v 0.2453 -0.90231 -0.05
v 0.2453 -0.90231 -0.05
v 0.2453 -0.90231 -0.05
v 0.2453 -0.90231 -0.05
v 0.2453 -0.90231 -0.05
v 0.2453 -0.90231 -0.05
v 0.2453 -0.90231 -0.05
v 0.2453 -0.90231 -0.05
v 0.2453 -0.90231 -0.05
v 0.2453 -0.90231 -0.05
v 0.2453 -0.90231 -0.05
v 0.2453 -0.90231 -0.05
v 0.49144 -0.86473 -0.05
v 0.49144 -0.86473 -0.05
v 0.49144 -0.86473 -0.05
v 0.49144 -0.86473 -0.05
v 0.49144 -0.86473 -0.05
v 0.49144 -0.86473 -0.05
v 0.49144 -0.86473 -0.05
v 0.49144 -0.86473 -0.05
v 0.49144 -0.86473 -0.05
v 0.49144 -0.86473 -0.05
v 0.49144 -0.86473 -0.05
v 0.49144 -0.86473 -0.05
v 0.49345 -0.8839 -0.02702
v 0.49365 -0.88582 -0.02879
v 0.49384 -0.88758 -0.03072
v 0.49384 -0.88758 -0.06928
v 0.49365 -0.88582 -0.07121
v 0.49345 -0.8839 -0.07298
v 0.48942 -0.84555 -0.07298
v 0.48922 -0.84363 -0.07121
v 0.48904 -0.84187 -0.06928
v 0.48904 -0.84187 -0.03072
v 0.48922 -0.84363 -0.02879
v 0.48942 -0.84555 -0.02702
v 0.49345 -0.8839 0.01894
v 0.49365 -0.88582 0.01364
v 0.49384 -0.88758 0.00785
v 0.49384 -0.88758 -0.10785
v 0.49365 -0.88582 -0.11364
v 0.49345 -0.8839 -0.11894
v 0.48942 -0.84555 -0.11894
v 0.48922 -0.84363 -0.11364
v 0.48904 -0.84187 -0.10785
v 0.48904 -0.84187 0.00785
v 0.48922 -0.84363 0.01364
v 0.48942 -0.84555 0.01894
v 0.49928 -0.93931 0.05725
v 0.49975 -0.94379 0.04899
v 0.50018 -0.94789 0.03999
v 0.50018 -0.94789 -0.13999
v 0.49975 -0.94379 -0.14899
v 0.49928 -0.93931 -0.15725
v 0.48987 -0.84981 -0.15725
v 0.4894 -0.84534 -0.14899
v 0.48897 -0.84123 -0.13999
v 0.48897 -0.84123 0.03999
v 0.4894 -0.84534 0.04899
v 0.48987 -0.84981 0.05725
v 0.59873 -0.92886 0.05725
v 0.5992 -0.93334 0.04899
v 0.59963 -0.93744 0.03999
v 0.59963 -0.93744 -0.13999
v 0.5992 -0.93334 -0.14899
v 0.59873 -0.92886 -0.15725
v 0.58932 -0.83936 -0.15725
v 0.58885 -0.83488 -0.14899
v 0.58842 -0.83078 -0.13999
v 0.58842 -0.83078 0.03999
v 0.58885 -0.83488 0.04899
v 0.58932 -0.83936 0.05725
v 0.79383 -0.87172 0.04193
v 0.79423 -0.87556 0.03485
v 0.7946 -0.87908 0.02713
v 0.7946 -0.87908 -0.12713
v 0.79423 -0.87556 -0.13485
v 0.79383 -0.87172 -0.14193
v 0.78576 -0.79501 -0.14193
v 0.78536 -0.79117 -0.13485
v 0.78499 -0.78766 -0.12713
v 0.78499 -0.78766 0.02713
v 0.78536 -0.79117 0.03485
v 0.78576 -0.79501 0.04193
v 0.80968 -0.83128 -0.05
v 0.80968 -0.83128 -0.05
v 0.80968 -0.83128 -0.05
v 0.80968 -0.83128 -0.05
v 0.80968 -0.83128 -0.05
v 0.80968 -0.83128 -0.05
v 0.80968 -0.83128 -0.05
v 0.80968 -0.83128 -0.05
v 0.80968 -0.83128 -0.05
v 0.80968 -0.83128 -0.05
v 0.80968 -0.83128 -0.05
v 0.80968 -0.83128 -0.05
v 0.32288 -1.05721 -0.05
v 0.32288 -1.05721 -0.05
v 0.32288 -1.05721 -0.05
v 0.32288 -1.05721 -0.05
v 0.32288 -1.05721 -0.05
v 0.32288 -1.05721 -0.05
v 0.32288 -1.05721 -0.05
v 0.32288 -1.05721 -0.05
v 0.32288 -1.05721 -0.05
v 0.32288 -1.05721 -0.05
v 0.32288 -1.05721 -0.05
v 0.32288 -1.05721 -0.05
v 0.32456 -1.07642 -0.02702
v 0.32472 -1.07835 -0.02879
v 0.32488 -1.08011 -0.03072
v 0.32488 -1.08011 -0.06928
v 0.32472 -1.07835 -0.07121
v 0.32456 -1.07642 -0.07298
v 0.3212 -1.038 -0.07298
v 0.32103 -1.03608 -0.07121
v 0.32087 -1.03432 -0.06928
v 0.32087 -1.03432 -0.03072
v 0.32103 -1.03608 -0.02879
v 0.3212 -1.038 -0.02702
v 0.32456 -1.07642 0.01894
v 0.32472 -1.07835 0.01364
v 0.32488 -1.08011 0.00785
v 0.32488 -1.08011 -0.10785
v 0.32472 -1.07835 -0.11364
v 0.32456 -1.07642 -0.11894
v 0.3212 -1.038 -0.11894
v 0.32103 -1.03608 -0.11364
v 0.32087 -1.03432 -0.10785
v 0.32087 -1.03432 0.00785
v 0.32103 -1.03608 0.01364
v 0.3212 -1.038 0.01894
v 0.3268 -1.10204 0.05725
v 0.32719 -1.10652 0.04899
v 0.32755 -1.11063 0.03999
v 0.32755 -1.11063 -0.13999
v 0.32719 -1.10652 -0.14899
v 0.3268 -1.10204 -0.15725
v 0.31895 -1.01239 -0.15725
v 0.31856 -1.0079 -0.14899
v 0.3182 -1.00379 -0.13999
v 0.3182 -1.00379 0.03999
v 0.31856 -1.0079 0.04899
v 0.31895 -1.01239 0.05725
v 0.4563 -1.09071 0.05725
v 0.4567 -1.09519 0.04899
v 0.45705 -1.0993 0.03999
v 0.45705 -1.0993 -0.13999
v 0.4567 -1.09519 -0.14899
v 0.4563 -1.09071 -0.15725
v 0.44846 -1.00106 -0.15725
v 0.44807 -0.99657 -0.14899
v 0.44771 -0.99246 -0.13999
v 0.44771 -0.99246 0.03999
v 0.44807 -0.99657 0.04899
v 0.44846 -1.00106 0.05725
v 0.45574 -1.0843 0.04193
v 0.45608 -1.08815 0.03485
v 0.45639 -1.09167 0.02713
v 0.45639 -1.09167 -0.12713
v 0.45608 -1.08815 -0.13485
v 0.45574 -1.0843 -0.14193
v 0.44902 -1.00746 -0.14193
v 0.44868 -1.00362 -0.13485
v 0.44838 -1.00009 -0.12713
v 0.44838 -1.00009 0.02713
v 0.44868 -1.00362 0.03485
v 0.44902 -1.00746 0.04193
v 0.45238 -1.04588 -0.05
v 0.45238 -1.04588 -0.05
v 0.45238 -1.04588 -0.05
v 0.45238 -1.04588 -0.05
v 0.45238 -1.04588 -0.05
v 0.45238 -1.04588 -0.05
v 0.45238 -1.04588 -0.05
v 0.45238 -1.04588 -0.05
v 0.45238 -1.04588 -0.05
v 0.45238 -1.04588 -0.05
v 0.45238 -1.04588 -0.05
v 0.45238 -1.04588 -0.05
v 0.03491 1.09606 -0.18
v 0.03491 1.09606 -0.18
v 0.03491 1.09606 -0.18
v 0.03491 1.09606 -0.18
v 0.03491 1.09606 -0.18
v 0.03491 1.09606 -0.18
v 0.03491 1.09606 -0.18
v 0.03491 1.09606 -0.18
v 0.03491 1.09606 -0.18
v 0.03491 1.09606 -0.18
v 0.03491 1.09606 -0.18
v 0.03491 1.09606 -0.18
v -0.04465 1.0877 -0.14
v -0.04256 1.06781 -0.14536
v -0.04103 1.05325 -0.16
v -0.04047 1.04792 -0.18
v -0.04103 1.05325 -0.2
v -0.04256 1.06781 -0.21464
v -0.04465 1.0877 -0.22
v -0.04674 1.10759 -0.21464
v -0.04827 1.12215 -0.2
v -0.04883 1.12748 -0.18
v -0.04827 1.12215 -0.16
v -0.04674 1.10759 -0.14536
v 0.01502 1.09397 -0.13
v 0.01763 1.06911 -0.1367
v 0.01954 1.05091 -0.155
v 0.02025 1.04425 -0.18
v 0.01954 1.05091 -0.205
v 0.01763 1.06911 -0.2233
v 0.01502 1.09397 -0.23
v 0.01241 1.11884 -0.2233
v 0.01049 1.13704 -0.205
v 0.00979 1.1437 -0.18
v 0.01049 1.13704 -0.155
v 0.01241 1.11884 -0.1367
v 0.13436 1.10652 -0.13
v 0.13697 1.08165 -0.1367
v 0.13889 1.06345 -0.155
v 0.13959 1.05679 -0.18
v 0.13889 1.06345 -0.205
v 0.13697 1.08165 -0.2233
v 0.13436 1.10652 -0.23
v 0.13175 1.13138 -0.2233
v 0.12984 1.14958 -0.205
v 0.12913 1.15624 -0.18
v 0.12984 1.14958 -0.155
v 0.13175 1.13138 -0.1367
v 0.27359 1.12115 -0.12
v 0.27725 1.08634 -0.12804
v 0.27993 1.06086 -0.15
v 0.28091 1.05153 -0.18
v 0.27993 1.06086 -0.21
v 0.27725 1.08634 -0.23196
v 0.27359 1.12115 -0.24
v 0.26994 1.15596 -0.23196
v 0.26726 1.18144 -0.21
v 0.26628 1.19077 -0.18
v 0.26726 1.18144 -0.15
v 0.26994 1.15596 -0.12804
v 0.23381 1.11697 -0.09
v 0.23852 1.07222 -0.10206
v 0.24196 1.03946 -0.135
v 0.24322 1.02746 -0.18
v 0.24196 1.03946 -0.225
v 0.23852 1.07222 -0.25794
v 0.23381 1.11697 -0.27
v 0.22911 1.16172 -0.25794
v 0.22567 1.19449 -0.225
v 0.22441 1.20648 -0.18
v 0.22567 1.19449 -0.135
v 0.22911 1.16172 -0.10206
v 0.33327 1.12742 -0.08
v 0.33849 1.0777 -0.0934
v 0.34232 1.0413 -0.13
v 0.34372 1.02797 -0.18
v 0.34232 1.0413 -0.23
v 0.33849 1.0777 -0.2666
v 0.33327 1.12742 -0.28
v 0.32804 1.17715 -0.2666
v 0.32421 1.21355 -0.23
v 0.32281 1.22688 -0.18
v 0.32421 1.21355 -0.13
v 0.32804 1.17715 -0.0934
v 0.33327 1.12742 -0.08
v 0.33849 1.0777 -0.0934
v 0.34232 1.0413 -0.13
v 0.34372 1.02797 -0.18
v 0.34232 1.0413 -0.23
v 0.33849 1.0777 -0.2666
v 0.33327 1.12742 -0.28
v 0.32804 1.17715 -0.2666
v 0.32421 1.21355 -0.23
v 0.32281 1.22688 -0.18
v 0.32421 1.21355 -0.13
v 0.32804 1.17715 -0.0934
v 0.33327 1.12742 -0.1
v 0.33797 1.08267 -0.11072
v 0.34141 1.04991 -0.14
v 0.34267 1.03792 -0.18
v 0.34141 1.04991 -0.22
v 0.33797 1.08267 -0.24928
v 0.33327 1.12742 -0.26
v 0.32856 1.17218 -0.24928
v 0.32512 1.20494 -0.22
v 0.32386 1.21693 -0.18
v 0.32512 1.20494 -0.14
v 0.32856 1.17218 -0.11072
v 0.33327 1.12742 -0.13
v 0.33588 1.10256 -0.1367
v 0.33779 1.08436 -0.155
v 0.33849 1.0777 -0.18
v 0.33779 1.08436 -0.205
v 0.33588 1.10256 -0.2233
v 0.33327 1.12742 -0.23
v 0.33065 1.15229 -0.2233
v 0.32874 1.17049 -0.205
v 0.32804 1.17715 -0.18
v 0.32874 1.17049 -0.155
v 0.33065 1.15229 -0.1367
v 0.33327 1.12742 -0.15
v 0.33483 1.11251 -0.15402
v 0.33598 1.10158 -0.165
v 0.3364 1.09759 -0.18
v 0.33598 1.10158 -0.195
v 0.33483 1.11251 -0.20598
v 0.33327 1.12742 -0.21
v 0.3317 1.14234 -0.20598
v 0.33055 1.15326 -0.195
v 0.33013 1.15726 -0.18
v 0.33055 1.15326 -0.165
v 0.3317 1.14234 -0.15402
v 0.32605 -0.03583 0.23
v 0.31879 -0.05576 0.22121
v 0.31579 -0.06402 0.2
v 0.31879 -0.05576 0.17879
v 0.32605 -0.03583 0.17
v 0.33331 -0.01589 0.17879
v 0.33631 -0.00764 0.2
v 0.33331 -0.01589 0.22121
v 0.40123 -0.06319 0.35
v 0.3843 -0.1097 0.30607
v 0.37728 -0.12897 0.2
v 0.3843 -0.1097 0.09393
v 0.40123 -0.06319 0.05
v 0.41815 -0.01668 0.09393
v 0.42517 0.00259 0.2
v 0.41815 -0.01668 0.30607
v 0.53278 -0.11107 0.38
v 0.51585 -0.15758 0.32728
v 0.50884 -0.17685 0.2
v 0.51585 -0.15758 0.07272
v 0.53278 -0.11107 0.02
v 0.54971 -0.06456 0.07272
v 0.55672 -0.04529 0.2
v 0.54971 -0.06456 0.32728
v 0.72072 -0.17947 0.41
v 0.70379 -0.22599 0.38071
v 0.69678 -0.24525 0.31
v 0.70379 -0.22599 0.23929
v 0.72072 -0.17947 0.21
v 0.73765 -0.13296 0.23929
v 0.74466 -0.1137 0.31
v 0.73765 -0.13296 0.38071
v 0.90866 -0.24788 0.39
v 0.89899 -0.27446 0.39
v 0.89498 -0.28547 0.39
v 0.89899 -0.27446 0.39
v 0.90866 -0.24788 0.39
v 0.91833 -0.2213 0.39
v 0.92234 -0.21029 0.39
v 0.91833 -0.2213 0.39
v 0.25347 0.72374 0.1
v 0.39294 0.71153 0.08928
v 0.49504 0.7026 0.06
v 0.53241 0.69933 0.02
v 0.49504 0.7026 -0.02
v 0.39294 0.71153 -0.04928
v 0.25347 0.72374 -0.06
v 0.114 0.73594 -0.04928
v 0.01191 0.74487 -0.02
v -0.02546 0.74814 0.02
v 0.01191 0.74487 0.06
v 0.114 0.73594 0.08928
v 0.27389 0.84241 0.06
v 0.38845 0.83238 0.05062
v 0.47232 0.82505 0.025
v 0.50302 0.82236 -0.01
v 0.47232 0.82505 -0.045
v 0.38845 0.83238 -0.07062
v 0.27389 0.84241 -0.08
v 0.15933 0.85243 -0.07062
v 0.07546 0.85977 -0.045
v 0.04477 0.86245 -0.01
v 0.07546 0.85977 0.025
v 0.15933 0.85243 0.05062
v 0.28086 0.9221 0.04
v 0.3755 0.91382 0.03196
v 0.44478 0.90776 0.01
v 0.47014 0.90554 -0.02
v 0.44478 0.90776 -0.05
v 0.3755 0.91382 -0.07196
v 0.28086 0.9221 -0.08
v 0.18623 0.93038 -0.07196
v 0.11695 0.93644 -0.05
v 0.09159 0.93866 -0.02
v 0.11695 0.93644 0.01
v 0.18623 0.93038 0.03196
v 0.29132 1.04165 0.02
v 0.35109 1.03642 0.0133
v 0.39485 1.03259 -0.005
v 0.41087 1.03119 -0.03
v 0.39485 1.03259 -0.055
v 0.35109 1.03642 -0.0733
v 0.29132 1.04165 -0.08
v 0.23155 1.04688 -0.0733
v 0.1878 1.0507 -0.055
v 0.17178 1.05211 -0.03
v 0.1878 1.0507 -0.005
v 0.23155 1.04688 0.0133
v 0.29219 1.05161 0
v 0.31212 1.04987 -0.00402
v 0.3267 1.04859 -0.015
v 0.33204 1.04812 -0.03
v 0.3267 1.04859 -0.045
v 0.31212 1.04987 -0.05598
v 0.29219 1.05161 -0.06
v 0.27227 1.05335 -0.05598
v 0.25769 1.05463 -0.045
v 0.25235 1.05509 -0.03
v 0.25769 1.05463 -0.015
v 0.27227 1.05335 -0.00402
v 0.4 -0.74 0.05
v 0.42 -0.74 0.04598
v 0.43464 -0.74 0.035
v 0.44 -0.74 0.02
v 0.43464 -0.74 0.005
v 0.42 -0.74 -0.00598
v 0.4 -0.74 -0.01
v 0.38 -0.74 -0.00598
v 0.36536 -0.74 0.005
v 0.36 -0.74 0.02
v 0.36536 -0.74 0.035
v 0.38 -0.74 0.04598
v 0.4 -0.71 0.05
v 0.49 -0.71 0.0433
v 0.55588 -0.71 0.025
v 0.58 -0.71 0
v 0.55588 -0.71 -0.025
v 0.49 -0.71 -0.0433
v 0.4 -0.71 -0.05
v 0.31 -0.71 -0.0433
v 0.24412 -0.71 -0.025
v 0.22 -0.71 0
v 0.24412 -0.71 0.025
v 0.31 -0.71 0.0433
v 0.45 -0.59 0.04
v 0.555 -0.59 0.03196
v 0.63187 -0.59 0.01
v 0.66 -0.59 -0.02
v 0.63187 -0.59 -0.05
v 0.555 -0.59 -0.07196
v 0.45 -0.59 -0.08
v 0.345 -0.59 -0.07196
v 0.26813 -0.59 -0.05
v 0.24 -0.59 -0.02
v 0.26813 -0.59 0.01
v 0.345 -0.59 0.03196
v 0.42 -0.51 0.06
v 0.53 -0.51 0.05062
v 0.61053 -0.51 0.025
v 0.64 -0.51 -0.01
v 0.61053 -0.51 -0.045
v 0.53 -0.51 -0.07062
v 0.42 -0.51 -0.08
v 0.31 -0.51 -0.07062
v 0.22947 -0.51 -0.045
v 0.2 -0.51 -0.01
v 0.22947 -0.51 0.025
v 0.31 -0.51 0.05062
v 0.37 -0.39 0.1
v 0.49 -0.39 0.08928
v 0.57785 -0.39 0.06
v 0.61 -0.39 0.02
v 0.57785 -0.39 -0.02
v 0.49 -0.39 -0.04928
v 0.37 -0.39 -0.06
v 0.25 -0.39 -0.04928
v 0.16215 -0.39 -0.02
v 0.13 -0.39 0.02
v 0.16215 -0.39 0.06
v 0.25 -0.39 0.08928

vt 0.5125 0.525
vt 0.5125 0.725
vt 0.54583 0.725
vt 0.54583 0.525
vt 0.5125 0.525
vt 0.54583 0.725
vt 0.54583 0.525
vt 0.54583 0.725
vt 0.57917 0.725
vt 0.57917 0.525
vt 0.54583 0.525
vt 0.57917 0.725
vt 0.57917 0.525
vt 0.57917 0.725
vt 0.6125 0.725
vt 0.6125 0.525
vt 0.57917 0.525
vt 0.6125 0.725
vt 0.5125 0.525
vt 0.5125 0.725
vt 0.54583 0.725
vt 0.54583 0.525
vt 0.5125 0.525
vt 0.54583 0.725
vt 0.54583 0.525
vt 0.54583 0.725
vt 0.57917 0.725
vt 0.57917 0.525
vt 0.54583 0.525
vt 0.57917 0.725
vt 0.57917 0.525
vt 0.57917 0.725
vt 0.6125 0.725
vt 0.6125 0.525
vt 0.57917 0.525
vt 0.6125 0.725
vt 0.5125 0.525
vt 0.5125 0.725
vt 0.54583 0.525
vt 0.5125 0.725
vt 0.54583 0.725
vt 0.54583 0.525
vt 0.54583 0.525
vt 0.54583 0.725
vt 0.57917 0.525
vt 0.54583 0.725
vt 0.57917 0.725
vt 0.57917 0.525
vt 0.57917 0.525
vt 0.57917 0.725
vt 0.6125 0.525
vt 0.57917 0.725
vt 0.6125 0.725
vt 0.6125 0.525
vt 0.5125 0.525
vt 0.5125 0.725
vt 0.54583 0.525
vt 0.5125 0.725
vt 0.54583 0.725
vt 0.54583 0.525
vt 0.54583 0.525
vt 0.54583 0.725
vt 0.57917 0.525
vt 0.54583 0.725
vt 0.57917 0.725
vt 0.57917 0.525
vt 0.57917 0.525
vt 0.57917 0.725
vt 0.6125 0.525
vt 0.57917 0.725
vt 0.6125 0.725
vt 0.6125 0.525
vt 0.87625 0.025
vt 0.87625 0.225
vt 0.87625 0.225
vt 0.87625 0.025
vt 0.87625 0.025
vt 0.87625 0.225
vt 0.87625 0.025
vt 0.87625 0.225
vt 0.87625 0.225
vt 0.87625 0.025
vt 0.87625 0.025
vt 0.87625 0.225
vt 0.87625 0.025
vt 0.87625 0.225
vt 0.87625 0.225
vt 0.87625 0.025
vt 0.87625 0.025
vt 0.87625 0.225
vt 0.87625 0.025
vt 0.87625 0.225
vt 0.87625 0.225
vt 0.87625 0.025
vt 0.87625 0.025
vt 0.87625 0.225
vt 0.87625 0.025
vt 0.87625 0.225
vt 0.87625 0.225
vt 0.87625 0.025
vt 0.87625 0.025
vt 0.87625 0.225
vt 0.87625 0.025
vt 0.87625 0.225
vt 0.87625 0.225
vt 0.87625 0.025
vt 0.87625 0.025
vt 0.87625 0.225
vt 0.87625 0.025
vt 0.87625 0.225
vt 0.87625 0.025
vt 0.87625 0.225
vt 0.87625 0.225
vt 0.87625 0.025
vt 0.87625 0.025
vt 0.87625 0.225
vt 0.87625 0.025
vt 0.87625 0.225
vt 0.87625 0.225
vt 0.87625 0.025
vt 0.87625 0.025
vt 0.87625 0.225
vt 0.87625 0.025
vt 0.87625 0.225
vt 0.87625 0.225
vt 0.87625 0.025
vt 0.87625 0.025
vt 0.87625 0.225
vt 0.87625 0.025
vt 0.87625 0.225
vt 0.87625 0.225
vt 0.87625 0.025
vt 0.87625 0.025
vt 0.87625 0.225
vt 0.87625 0.025
vt 0.87625 0.225
vt 0.87625 0.225
vt 0.87625 0.025
vt 0.87625 0.025
vt 0.87625 0.225
vt 0.87625 0.025
vt 0.87625 0.225
vt 0.87625 0.225
vt 0.87625 0.025
vt 0.5125 0.525
vt 0.5125 0.725
vt 0.54583 0.725
vt 0.54583 0.525
vt 0.5125 0.525
vt 0.54583 0.725
vt 0.54583 0.525
vt 0.54583 0.725
vt 0.57917 0.725
vt 0.57917 0.525
vt 0.54583 0.525
vt 0.57917 0.725
vt 0.57917 0.525
vt 0.57917 0.725
vt 0.6125 0.725
vt 0.6125 0.525
vt 0.57917 0.525
vt 0.6125 0.725
vt 0.5125 0.525
vt 0.5125 0.725
vt 0.54583 0.725
vt 0.54583 0.525
vt 0.5125 0.525
vt 0.54583 0.725
vt 0.54583 0.525
vt 0.54583 0.725
vt 0.57917 0.725
vt 0.57917 0.525
vt 0.54583 0.525
vt 0.57917 0.725
vt 0.57917 0.525
vt 0.57917 0.725
vt 0.6125 0.725
vt 0.6125 0.525
vt 0.57917 0.525
vt 0.6125 0.725
vt 0.5125 0.525
vt 0.5125 0.725
vt 0.54583 0.525
vt 0.5125 0.725
vt 0.54583 0.725
vt 0.54583 0.525
vt 0.54583 0.525
vt 0.54583 0.725
vt 0.57917 0.525
vt 0.54583 0.725
vt 0.57917 0.725
vt 0.57917 0.525
vt 0.57917 0.525
vt 0.57917 0.725
vt 0.6125 0.525
vt 0.57917 0.725
vt 0.6125 0.725
vt 0.6125 0.525
vt 0.5125 0.525
vt 0.5125 0.725
vt 0.54583 0.525
vt 0.5125 0.725
vt 0.54583 0.725
vt 0.54583 0.525
vt 0.54583 0.525
vt 0.54583 0.725
vt 0.57917 0.525
vt 0.54583 0.725
vt 0.57917 0.725
vt 0.57917 0.525
vt 0.57917 0.525
vt 0.57917 0.725
vt 0.6125 0.525
vt 0.57917 0.725
vt 0.6125 0.725
vt 0.6125 0.525
vt 0.2625 0.775
vt 0.2625 0.975
vt 0.29583 0.975
vt 0.29583 0.775
vt 0.2625 0.775
vt 0.29583 0.975
vt 0.29583 0.775
vt 0.29583 0.975
vt 0.32917 0.975
vt 0.32917 0.775
vt 0.29583 0.775
vt 0.32917 0.975
vt 0.32917 0.775
vt 0.32917 0.975
vt 0.3625 0.975
vt 0.3625 0.775
vt 0.32917 0.775
vt 0.3625 0.975
vt 0.2625 0.775
vt 0.2625 0.975
vt 0.29583 0.975
vt 0.29583 0.775
vt 0.2625 0.775
vt 0.29583 0.975
vt 0.29583 0.775
vt 0.29583 0.975
vt 0.32917 0.975
vt 0.32917 0.775
vt 0.29583 0.775
vt 0.32917 0.975
vt 0.32917 0.775
vt 0.32917 0.975
vt 0.3625 0.975
vt 0.3625 0.775
vt 0.32917 0.775
vt 0.3625 0.975
vt 0.2625 0.775
vt 0.2625 0.975
vt 0.29583 0.775
vt 0.2625 0.975
vt 0.29583 0.975
vt 0.29583 0.775
vt 0.29583 0.775
vt 0.29583 0.975
vt 0.32917 0.775
vt 0.29583 0.975
vt 0.32917 0.975
vt 0.32917 0.775
vt 0.32917 0.775
vt 0.32917 0.975
vt 0.3625 0.775
vt 0.32917 0.975
vt 0.3625 0.975
vt 0.3625 0.775
vt 0.2625 0.775
vt 0.2625 0.975
vt 0.29583 0.775
vt 0.2625 0.975
vt 0.29583 0.975
vt 0.29583 0.775
vt 0.29583 0.775
vt 0.29583 0.975
vt 0.32917 0.775
vt 0.29583 0.975
vt 0.32917 0.975
vt 0.32917 0.775
vt 0.32917 0.775
vt 0.32917 0.975
vt 0.3625 0.775
vt 0.32917 0.975
vt 0.3625 0.975
vt 0.3625 0.775
vt 0.87625 0.025
vt 0.87625 0.225
vt 0.87625 0.225
vt 0.87625 0.025
vt 0.87625 0.025
vt 0.87625 0.225
vt 0.87625 0.025
vt 0.87625 0.225
vt 0.87625 0.225
vt 0.87625 0.025
vt 0.87625 0.025
vt 0.87625 0.225
vt 0.87625 0.025
vt 0.87625 0.225
vt 0.87625 0.225
vt 0.87625 0.025
vt 0.87625 0.025
vt 0.87625 0.225
vt 0.87625 0.025
vt 0.87625 0.225
vt 0.87625 0.225
vt 0.87625 0.025
vt 0.87625 0.025
vt 0.87625 0.225
vt 0.87625 0.025
vt 0.87625 0.225
vt 0.87625 0.225
vt 0.87625 0.025
vt 0.87625 0.025
vt 0.87625 0.225
vt 0.87625 0.025
vt 0.87625 0.225
vt 0.87625 0.225
vt 0.87625 0.025
vt 0.87625 0.025
vt 0.87625 0.225
vt 0.87625 0.025
vt 0.87625 0.225
vt 0.87625 0.025
vt 0.87625 0.225
vt 0.87625 0.225
vt 0.87625 0.025
vt 0.87625 0.025
vt 0.87625 0.225
vt 0.87625 0.025
vt 0.87625 0.225
vt 0.87625 0.225
vt 0.87625 0.025
vt 0.87625 0.025
vt 0.87625 0.225
vt 0.87625 0.025
vt 0.87625 0.225
vt 0.87625 0.225
vt 0.87625 0.025
vt 0.87625 0.025
vt 0.87625 0.225
vt 0.87625 0.025
vt 0.87625 0.225
vt 0.87625 0.225
vt 0.87625 0.025
vt 0.87625 0.025
vt 0.87625 0.225
vt 0.87625 0.025
vt 0.87625 0.225
vt 0.87625 0.225
vt 0.87625 0.025
vt 0.87625 0.025
vt 0.87625 0.225
vt 0.87625 0.025
vt 0.87625 0.225
vt 0.87625 0.225
vt 0.87625 0.025
vt 0.4375 0.775
vt 0.4375 0.975
vt 0.45417 0.975
vt 0.45417 0.775
vt 0.4375 0.775
vt 0.45417 0.975
vt 0.45417 0.775
vt 0.45417 0.975
vt 0.47083 0.975
vt 0.47083 0.775
vt 0.45417 0.775
vt 0.47083 0.975
vt 0.47083 0.775
vt 0.47083 0.975
vt 0.4875 0.975
vt 0.4875 0.775
vt 0.47083 0.775
vt 0.4875 0.975
vt 0.3875 0.775
vt 0.3875 0.975
vt 0.40417 0.975
vt 0.40417 0.775
vt 0.3875 0.775
vt 0.40417 0.975
vt 0.40417 0.775
vt 0.40417 0.975
vt 0.42083 0.975
vt 0.42083 0.775
vt 0.40417 0.775
vt 0.42083 0.975
vt 0.42083 0.775
vt 0.42083 0.975
vt 0.4375 0.975
vt 0.4375 0.775
vt 0.42083 0.775
vt 0.4375 0.975
vt 0.4375 0.775
vt 0.4375 0.975
vt 0.45417 0.775
vt 0.4375 0.975
vt 0.45417 0.975
vt 0.45417 0.775
vt 0.45417 0.775
vt 0.45417 0.975
vt 0.47083 0.775
vt 0.45417 0.975
vt 0.47083 0.975
vt 0.47083 0.775
vt 0.47083 0.775
vt 0.47083 0.975
vt 0.4875 0.775
vt 0.47083 0.975
vt 0.4875 0.975
vt 0.4875 0.775
vt 0.3875 0.775
vt 0.3875 0.975
vt 0.40417 0.775
vt 0.3875 0.975
vt 0.40417 0.975
vt 0.40417 0.775
vt 0.40417 0.775
vt 0.40417 0.975
vt 0.42083 0.775
vt 0.40417 0.975
vt 0.42083 0.975
vt 0.42083 0.775
vt 0.42083 0.775
vt 0.42083 0.975
vt 0.4375 0.775
vt 0.42083 0.975
vt 0.4375 0.975
vt 0.4375 0.775
vt 0.3125 0.775
vt 0.3125 0.975
vt 0.32917 0.975
vt 0.32917 0.775
vt 0.3125 0.775
vt 0.32917 0.975
vt 0.32917 0.775
vt 0.32917 0.975
vt 0.34583 0.975
vt 0.34583 0.775
vt 0.32917 0.775
vt 0.34583 0.975
vt 0.34583 0.775
vt 0.34583 0.975
vt 0.3625 0.975
vt 0.3625 0.775
vt 0.34583 0.775
vt 0.3625 0.975
vt 0.2625 0.775
vt 0.2625 0.975
vt 0.27917 0.975
vt 0.27917 0.775
vt 0.2625 0.775
vt 0.27917 0.975
vt 0.27917 0.775
vt 0.27917 0.975
vt 0.29583 0.975
vt 0.29583 0.775
vt 0.27917 0.775
vt 0.29583 0.975
vt 0.29583 0.775
vt 0.29583 0.975
vt 0.3125 0.975
vt 0.3125 0.775
vt 0.29583 0.775
vt 0.3125 0.975
vt 0.3125 0.775
vt 0.3125 0.975
vt 0.32917 0.775
vt 0.3125 0.975
vt 0.32917 0.975
vt 0.32917 0.775
vt 0.32917 0.775
vt 0.32917 0.975
vt 0.34583 0.775
vt 0.32917 0.975
vt 0.34583 0.975
vt 0.34583 0.775
vt 0.34583 0.775
vt 0.34583 0.975
vt 0.3625 0.775
vt 0.34583 0.975
vt 0.3625 0.975
vt 0.3625 0.775
vt 0.2625 0.775
vt 0.2625 0.975
vt 0.27917 0.775
vt 0.2625 0.975
vt 0.27917 0.975
vt 0.27917 0.775
vt 0.27917 0.775
vt 0.27917 0.975
vt 0.29583 0.775
vt 0.27917 0.975
vt 0.29583 0.975
vt 0.29583 0.775
vt 0.29583 0.775
vt 0.29583 0.975
vt 0.3125 0.775
vt 0.29583 0.975
vt 0.3125 0.975
vt 0.3125 0.775
vt 0.87625 0.025
vt 0.87625 0.225
vt 0.87625 0.225
vt 0.87625 0.025
vt 0.87625 0.025
vt 0.87625 0.225
vt 0.87625 0.025
vt 0.87625 0.225
vt 0.87625 0.225
vt 0.87625 0.025
vt 0.87625 0.025
vt 0.87625 0.225
vt 0.87625 0.025
vt 0.87625 0.225
vt 0.87625 0.225
vt 0.87625 0.025
vt 0.87625 0.025
vt 0.87625 0.225
vt 0.87625 0.025
vt 0.87625 0.225
vt 0.87625 0.225
vt 0.87625 0.025
vt 0.87625 0.025
vt 0.87625 0.225
vt 0.87625 0.025
vt 0.87625 0.225
vt 0.87625 0.225
vt 0.87625 0.025
vt 0.87625 0.025
vt 0.87625 0.225
vt 0.87625 0.025
vt 0.87625 0.225
vt 0.87625 0.225
vt 0.87625 0.025
vt 0.87625 0.025
vt 0.87625 0.225
vt 0.87625 0.025
vt 0.87625 0.225
vt 0.87625 0.025
vt 0.87625 0.225
vt 0.87625 0.225
vt 0.87625 0.025
vt 0.87625 0.025
vt 0.87625 0.225
vt 0.87625 0.025
vt 0.87625 0.225
vt 0.87625 0.225
vt 0.87625 0.025
vt 0.87625 0.025
vt 0.87625 0.225
vt 0.87625 0.025
vt 0.87625 0.225
vt 0.87625 0.225
vt 0.87625 0.025
vt 0.87625 0.025
vt 0.87625 0.225
vt 0.87625 0.025
vt 0.87625 0.225
vt 0.87625 0.225
vt 0.87625 0.025
vt 0.87625 0.025
vt 0.87625 0.225
vt 0.87625 0.025
vt 0.87625 0.225
vt 0.87625 0.225
vt 0.87625 0.025
vt 0.87625 0.025
vt 0.87625 0.225
vt 0.87625 0.025
vt 0.87625 0.225
vt 0.87625 0.225
vt 0.87625 0.025
vt 0.6875 0.525
vt 0.6875 0.725
vt 0.70417 0.725
vt 0.70417 0.525
vt 0.6875 0.525
vt 0.70417 0.725
vt 0.70417 0.525
vt 0.70417 0.725
vt 0.72083 0.725
vt 0.72083 0.525
vt 0.70417 0.525
vt 0.72083 0.725
vt 0.72083 0.525
vt 0.72083 0.725
vt 0.7375 0.725
vt 0.7375 0.525
vt 0.72083 0.525
vt 0.7375 0.725
vt 0.6375 0.525
vt 0.6375 0.725
vt 0.65417 0.725
vt 0.65417 0.525
vt 0.6375 0.525
vt 0.65417 0.725
vt 0.65417 0.525
vt 0.65417 0.725
vt 0.67083 0.725
vt 0.67083 0.525
vt 0.65417 0.525
vt 0.67083 0.725
vt 0.67083 0.525
vt 0.67083 0.725
vt 0.6875 0.725
vt 0.6875 0.525
vt 0.67083 0.525
vt 0.6875 0.725
vt 0.6875 0.525
vt 0.6875 0.725
vt 0.70417 0.525
vt 0.6875 0.725
vt 0.70417 0.725
vt 0.70417 0.525
vt 0.70417 0.525
vt 0.70417 0.725
vt 0.72083 0.525
vt 0.70417 0.725
vt 0.72083 0.725
vt 0.72083 0.525
vt 0.72083 0.525
vt 0.72083 0.725
vt 0.7375 0.525
vt 0.72083 0.725
vt 0.7375 0.725
vt 0.7375 0.525
vt 0.6375 0.525
vt 0.6375 0.725
vt 0.65417 0.525
vt 0.6375 0.725
vt 0.65417 0.725
vt 0.65417 0.525
vt 0.65417 0.525
vt 0.65417 0.725
vt 0.67083 0.525
vt 0.65417 0.725
vt 0.67083 0.725
vt 0.67083 0.525
vt 0.67083 0.525
vt 0.67083 0.725
vt 0.6875 0.525
vt 0.67083 0.725
vt 0.6875 0.725
vt 0.6875 0.525
vt 0.1875 0.275
vt 0.1875 0.475
vt 0.20417 0.475
vt 0.20417 0.275
vt 0.1875 0.275
vt 0.20417 0.475
vt 0.20417 0.275
vt 0.20417 0.475
vt 0.22083 0.475
vt 0.22083 0.275
vt 0.20417 0.275
vt 0.22083 0.475
vt 0.22083 0.275
vt 0.22083 0.475
vt 0.2375 0.475
vt 0.2375 0.275
vt 0.22083 0.275
vt 0.2375 0.475
vt 0.1375 0.275
vt 0.1375 0.475
vt 0.15417 0.475
vt 0.15417 0.275
vt 0.1375 0.275
vt 0.15417 0.475
vt 0.15417 0.275
vt 0.15417 0.475
vt 0.17083 0.475
vt 0.17083 0.275
vt 0.15417 0.275
vt 0.17083 0.475
vt 0.17083 0.275
vt 0.17083 0.475
vt 0.1875 0.475
vt 0.1875 0.275
vt 0.17083 0.275
vt 0.1875 0.475
vt 0.1875 0.275
vt 0.1875 0.475
vt 0.20417 0.275
vt 0.1875 0.475
vt 0.20417 0.475
vt 0.20417 0.275
vt 0.20417 0.275
vt 0.20417 0.475
vt 0.22083 0.275
vt 0.20417 0.475
vt 0.22083 0.475
vt 0.22083 0.275
vt 0.22083 0.275
vt 0.22083 0.475
vt 0.2375 0.275
vt 0.22083 0.475
vt 0.2375 0.475
vt 0.2375 0.275
vt 0.1375 0.275
vt 0.1375 0.475
vt 0.15417 0.275
vt 0.1375 0.475
vt 0.15417 0.475
vt 0.15417 0.275
vt 0.15417 0.275
vt 0.15417 0.475
vt 0.17083 0.275
vt 0.15417 0.475
vt 0.17083 0.475
vt 0.17083 0.275
vt 0.17083 0.275
vt 0.17083 0.475
vt 0.1875 0.275
vt 0.17083 0.475
vt 0.1875 0.475
vt 0.1875 0.275
vt 0.0625 0.275
vt 0.0625 0.475
vt 0.0875 0.475
vt 0.0875 0.275
vt 0.0625 0.275
vt 0.0875 0.475
vt 0.0875 0.275
vt 0.0875 0.475
vt 0.1125 0.475
vt 0.1125 0.275
vt 0.0875 0.275
vt 0.1125 0.475
vt 0.0125 0.275
vt 0.0125 0.475
vt 0.0375 0.475
vt 0.0375 0.275
vt 0.0125 0.275
vt 0.0375 0.475
vt 0.0375 0.275
vt 0.0375 0.475
vt 0.0625 0.475
vt 0.0625 0.275
vt 0.0375 0.275
vt 0.0625 0.475
vt 0.0625 0.275
vt 0.0625 0.475
vt 0.0875 0.275
vt 0.0625 0.475
vt 0.0875 0.475
vt 0.0875 0.275
vt 0.0875 0.275
vt 0.0875 0.475
vt 0.1125 0.275
vt 0.0875 0.475
vt 0.1125 0.475
vt 0.1125 0.275
vt 0.0125 0.275
vt 0.0125 0.475
vt 0.0375 0.275
vt 0.0125 0.475
vt 0.0375 0.475
vt 0.0375 0.275
vt 0.0375 0.275
vt 0.0375 0.475
vt 0.0625 0.275
vt 0.0375 0.475
vt 0.0625 0.475
vt 0.0625 0.275
vt 0.87625 0.025
vt 0.87625 0.225
vt 0.87625 0.225
vt 0.87625 0.025
vt 0.87625 0.025
vt 0.87625 0.225
vt 0.87625 0.025
vt 0.87625 0.225
vt 0.87625 0.225
vt 0.87625 0.025
vt 0.87625 0.025
vt 0.87625 0.225
vt 0.87625 0.025
vt 0.87625 0.225
vt 0.87625 0.225
vt 0.87625 0.025
vt 0.87625 0.025
vt 0.87625 0.225
vt 0.87625 0.025
vt 0.87625 0.225
vt 0.87625 0.225
vt 0.87625 0.025
vt 0.87625 0.025
vt 0.87625 0.225
vt 0.87625 0.025
vt 0.87625 0.225
vt 0.87625 0.025
vt 0.87625 0.225
vt 0.87625 0.225
vt 0.87625 0.025
vt 0.87625 0.025
vt 0.87625 0.225
vt 0.87625 0.025
vt 0.87625 0.225
vt 0.87625 0.225
vt 0.87625 0.025
vt 0.87625 0.025
vt 0.87625 0.225
vt 0.87625 0.025
vt 0.87625 0.225
vt 0.87625 0.225
vt 0.87625 0.025
vt 0.87625 0.025
vt 0.87625 0.225
vt 0.87625 0.025
vt 0.87625 0.225
vt 0.87625 0.225
vt 0.87625 0.025
vt 0.4375 0.775
vt 0.4375 0.975
vt 0.4625 0.975
vt 0.4625 0.775
vt 0.4375 0.775
vt 0.4625 0.975
vt 0.4625 0.775
vt 0.4625 0.975
vt 0.4875 0.975
vt 0.4875 0.775
vt 0.4625 0.775
vt 0.4875 0.975
vt 0.3875 0.775
vt 0.3875 0.975
vt 0.4125 0.975
vt 0.4125 0.775
vt 0.3875 0.775
vt 0.4125 0.975
vt 0.4125 0.775
vt 0.4125 0.975
vt 0.4375 0.975
vt 0.4375 0.775
vt 0.4125 0.775
vt 0.4375 0.975
vt 0.4375 0.775
vt 0.4375 0.975
vt 0.4625 0.775
vt 0.4375 0.975
vt 0.4625 0.975
vt 0.4625 0.775
vt 0.4625 0.775
vt 0.4625 0.975
vt 0.4875 0.775
vt 0.4625 0.975
vt 0.4875 0.975
vt 0.4875 0.775
vt 0.3875 0.775
vt 0.3875 0.975
vt 0.4125 0.775
vt 0.3875 0.975
vt 0.4125 0.975
vt 0.4125 0.775
vt 0.4125 0.775
vt 0.4125 0.975
vt 0.4375 0.775
vt 0.4125 0.975
vt 0.4375 0.975
vt 0.4375 0.775
vt 0.87625 0.025
vt 0.87625 0.225
vt 0.87625 0.225
vt 0.87625 0.025
vt 0.87625 0.025
vt 0.87625 0.225
vt 0.87625 0.025
vt 0.87625 0.225
vt 0.87625 0.225
vt 0.87625 0.025
vt 0.87625 0.025
vt 0.87625 0.225
vt 0.87625 0.025
vt 0.87625 0.225
vt 0.87625 0.225
vt 0.87625 0.025
vt 0.87625 0.025
vt 0.87625 0.225
vt 0.87625 0.025
vt 0.87625 0.225
vt 0.87625 0.225
vt 0.87625 0.025
vt 0.87625 0.025
vt 0.87625 0.225
vt 0.87625 0.025
vt 0.87625 0.225
vt 0.87625 0.025
vt 0.87625 0.225
vt 0.87625 0.225
vt 0.87625 0.025
vt 0.87625 0.025
vt 0.87625 0.225
vt 0.87625 0.025
vt 0.87625 0.225
vt 0.87625 0.225
vt 0.87625 0.025
vt 0.87625 0.025
vt 0.87625 0.225
vt 0.87625 0.025
vt 0.87625 0.225
vt 0.87625 0.225
vt 0.87625 0.025
vt 0.87625 0.025
vt 0.87625 0.225
vt 0.87625 0.025
vt 0.87625 0.225
vt 0.87625 0.225
vt 0.87625 0.025
vt 0.0125 0.525
vt 0.0125 0.725
vt 0.1125 0.725
vt 0.1125 0.525
vt 0.0125 0.525
vt 0.1125 0.725
vt 0.0125 0.525
vt 0.0125 0.725
vt 0.1125 0.725
vt 0.1125 0.525
vt 0.0125 0.525
vt 0.1125 0.725
vt 0.0125 0.525
vt 0.0125 0.725
vt 0.1125 0.725
vt 0.1125 0.525
vt 0.0125 0.525
vt 0.1125 0.725
vt 0.0125 0.525
vt 0.0125 0.725
vt 0.1125 0.725
vt 0.1125 0.525
vt 0.0125 0.525
vt 0.1125 0.725
vt 0.0125 0.525
vt 0.0125 0.725
vt 0.1125 0.525
vt 0.0125 0.725
vt 0.1125 0.725
vt 0.1125 0.525
vt 0.0125 0.525
vt 0.0125 0.725
vt 0.1125 0.525
vt 0.0125 0.725
vt 0.1125 0.725
vt 0.1125 0.525
vt 0.0125 0.525
vt 0.0125 0.725
vt 0.1125 0.525
vt 0.0125 0.725
vt 0.1125 0.725
vt 0.1125 0.525
vt 0.0125 0.525
vt 0.0125 0.725
vt 0.1125 0.525
vt 0.0125 0.725
vt 0.1125 0.725
vt 0.1125 0.525
vt 0.2625 0.775
vt 0.2625 0.975
vt 0.3625 0.975
vt 0.3625 0.775
vt 0.2625 0.775
vt 0.3625 0.975
vt 0.2625 0.775
vt 0.2625 0.975
vt 0.3625 0.975
vt 0.3625 0.775
vt 0.2625 0.775
vt 0.3625 0.975
vt 0.2625 0.775
vt 0.2625 0.975
vt 0.3625 0.975
vt 0.3625 0.775
vt 0.2625 0.775
vt 0.3625 0.975
vt 0.2625 0.775
vt 0.2625 0.975
vt 0.3625 0.975
vt 0.3625 0.775
vt 0.2625 0.775
vt 0.3625 0.975
vt 0.2625 0.775
vt 0.2625 0.975
vt 0.3625 0.775
vt 0.2625 0.975
vt 0.3625 0.975
vt 0.3625 0.775
vt 0.2625 0.775
vt 0.2625 0.975
vt 0.3625 0.775
vt 0.2625 0.975
vt 0.3625 0.975
vt 0.3625 0.775
vt 0.2625 0.775
vt 0.2625 0.975
vt 0.3625 0.775
vt 0.2625 0.975
vt 0.3625 0.975
vt 0.3625 0.775
vt 0.2625 0.775
vt 0.2625 0.975
vt 0.3625 0.775
vt 0.2625 0.975
vt 0.3625 0.975
vt 0.3625 0.775
vt 0.3125 0.775
vt 0.3125 0.975
vt 0.3375 0.975
vt 0.3375 0.775
vt 0.3125 0.775
vt 0.3375 0.975
vt 0.3375 0.775
vt 0.3375 0.975
vt 0.3625 0.975
vt 0.3625 0.775
vt 0.3375 0.775
vt 0.3625 0.975
vt 0.2625 0.775
vt 0.2625 0.975
vt 0.2875 0.975
vt 0.2875 0.775
vt 0.2625 0.775
vt 0.2875 0.975
vt 0.2875 0.775
vt 0.2875 0.975
vt 0.3125 0.975
vt 0.3125 0.775
vt 0.2875 0.775
vt 0.3125 0.975
vt 0.3125 0.775
vt 0.3125 0.975
vt 0.3375 0.775
vt 0.3125 0.975
vt 0.3375 0.975
vt 0.3375 0.775
vt 0.3375 0.775
vt 0.3375 0.975
vt 0.3625 0.775
vt 0.3375 0.975
vt 0.3625 0.975
vt 0.3625 0.775
vt 0.2625 0.775
vt 0.2625 0.975
vt 0.2875 0.775
vt 0.2625 0.975
vt 0.2875 0.975
vt 0.2875 0.775
vt 0.2875 0.775
vt 0.2875 0.975
vt 0.3125 0.775
vt 0.2875 0.975
vt 0.3125 0.975
vt 0.3125 0.775
vt 0.4375 0.525
vt 0.4375 0.725
vt 0.4625 0.725
vt 0.4625 0.525
vt 0.4375 0.525
vt 0.4625 0.725
vt 0.4625 0.525
vt 0.4625 0.725
vt 0.4875 0.725
vt 0.4875 0.525
vt 0.4625 0.525
vt 0.4875 0.725
vt 0.3875 0.525
vt 0.3875 0.725
vt 0.4125 0.725
vt 0.4125 0.525
vt 0.3875 0.525
vt 0.4125 0.725
vt 0.4125 0.525
vt 0.4125 0.725
vt 0.4375 0.725
vt 0.4375 0.525
vt 0.4125 0.525
vt 0.4375 0.725
vt 0.4375 0.525
vt 0.4375 0.725
vt 0.4625 0.525
vt 0.4375 0.725
vt 0.4625 0.725
vt 0.4625 0.525
vt 0.4625 0.525
vt 0.4625 0.725
vt 0.4875 0.525
vt 0.4625 0.725
vt 0.4875 0.725
vt 0.4875 0.525
vt 0.3875 0.525
vt 0.3875 0.725
vt 0.4125 0.525
vt 0.3875 0.725
vt 0.4125 0.725
vt 0.4125 0.525
vt 0.4125 0.525
vt 0.4125 0.725
vt 0.4375 0.525
vt 0.4125 0.725
vt 0.4375 0.725
vt 0.4375 0.525
vt 0.5625 0.525
vt 0.5625 0.725
vt 0.5875 0.725
vt 0.5875 0.525
vt 0.5625 0.525
vt 0.5875 0.725
vt 0.5875 0.525
vt 0.5875 0.725
vt 0.6125 0.725
vt 0.6125 0.525
vt 0.5875 0.525
vt 0.6125 0.725
vt 0.5125 0.525
vt 0.5125 0.725
vt 0.5375 0.725
vt 0.5375 0.525
vt 0.5125 0.525
vt 0.5375 0.725
vt 0.5375 0.525
vt 0.5375 0.725
vt 0.5625 0.725
vt 0.5625 0.525
vt 0.5375 0.525
vt 0.5625 0.725
vt 0.5625 0.525
vt 0.5625 0.725
vt 0.5875 0.525
vt 0.5625 0.725
vt 0.5875 0.725
vt 0.5875 0.525
vt 0.5875 0.525
vt 0.5875 0.725
vt 0.6125 0.525
vt 0.5875 0.725
vt 0.6125 0.725
vt 0.6125 0.525
vt 0.5125 0.525
vt 0.5125 0.725
vt 0.5375 0.525
vt 0.5125 0.725
vt 0.5375 0.725
vt 0.5375 0.525
vt 0.5375 0.525
vt 0.5375 0.725
vt 0.5625 0.525
vt 0.5375 0.725
vt 0.5625 0.725
vt 0.5625 0.525
vt 0.1875 0.275
vt 0.1875 0.475
vt 0.2125 0.475
vt 0.2125 0.275
vt 0.1875 0.275
vt 0.2125 0.475
vt 0.2125 0.275
vt 0.2125 0.475
vt 0.2375 0.475
vt 0.2375 0.275
vt 0.2125 0.275
vt 0.2375 0.475
vt 0.1375 0.275
vt 0.1375 0.475
vt 0.1625 0.475
vt 0.1625 0.275
vt 0.1375 0.275
vt 0.1625 0.475
vt 0.1625 0.275
vt 0.1625 0.475
vt 0.1875 0.475
vt 0.1875 0.275
vt 0.1625 0.275
vt 0.1875 0.475
vt 0.1875 0.275
vt 0.1875 0.475
vt 0.2125 0.275
vt 0.1875 0.475
vt 0.2125 0.475
vt 0.2125 0.275
vt 0.2125 0.275
vt 0.2125 0.475
vt 0.2375 0.275
vt 0.2125 0.475
vt 0.2375 0.475
vt 0.2375 0.275
vt 0.1375 0.275
vt 0.1375 0.475
vt 0.1625 0.275
vt 0.1375 0.475
vt 0.1625 0.475
vt 0.1625 0.275
vt 0.1625 0.275
vt 0.1625 0.475
vt 0.1875 0.275
vt 0.1625 0.475
vt 0.1875 0.475
vt 0.1875 0.275
vt 0.0625 0.275
vt 0.0625 0.475
vt 0.0875 0.475
vt 0.0875 0.275
vt 0.0625 0.275
vt 0.0875 0.475
vt 0.0875 0.275
vt 0.0875 0.475
vt 0.1125 0.475
vt 0.1125 0.275
vt 0.0875 0.275
vt 0.1125 0.475
vt 0.0125 0.275
vt 0.0125 0.475
vt 0.0375 0.475
vt 0.0375 0.275
vt 0.0125 0.275
vt 0.0375 0.475
vt 0.0375 0.275
vt 0.0375 0.475
vt 0.0625 0.475
vt 0.0625 0.275
vt 0.0375 0.275
vt 0.0625 0.475
vt 0.0625 0.275
vt 0.0625 0.475
vt 0.0875 0.275
vt 0.0625 0.475
vt 0.0875 0.475
vt 0.0875 0.275
vt 0.0875 0.275
vt 0.0875 0.475
vt 0.1125 0.275
vt 0.0875 0.475
vt 0.1125 0.475
vt 0.1125 0.275
vt 0.0125 0.275
vt 0.0125 0.475
vt 0.0375 0.275
vt 0.0125 0.475
vt 0.0375 0.475
vt 0.0375 0.275
vt 0.0375 0.275
vt 0.0375 0.475
vt 0.0625 0.275
vt 0.0375 0.475
vt 0.0625 0.475
vt 0.0625 0.275
vt 0.87625 0.025
vt 0.87625 0.225
vt 0.87625 0.225
vt 0.87625 0.025
vt 0.87625 0.025
vt 0.87625 0.225
vt 0.87625 0.025
vt 0.87625 0.225
vt 0.87625 0.225
vt 0.87625 0.025
vt 0.87625 0.025
vt 0.87625 0.225
vt 0.87625 0.025
vt 0.87625 0.225
vt 0.87625 0.225
vt 0.87625 0.025
vt 0.87625 0.025
vt 0.87625 0.225
vt 0.87625 0.025
vt 0.87625 0.225
vt 0.87625 0.225
vt 0.87625 0.025
vt 0.87625 0.025
vt 0.87625 0.225
vt 0.87625 0.025
vt 0.87625 0.225
vt 0.87625 0.025
vt 0.87625 0.225
vt 0.87625 0.225
vt 0.87625 0.025
vt 0.87625 0.025
vt 0.87625 0.225
vt 0.87625 0.025
vt 0.87625 0.225
vt 0.87625 0.225
vt 0.87625 0.025
vt 0.87625 0.025
vt 0.87625 0.225
vt 0.87625 0.025
vt 0.87625 0.225
vt 0.87625 0.225
vt 0.87625 0.025
vt 0.87625 0.025
vt 0.87625 0.225
vt 0.87625 0.025
vt 0.87625 0.225
vt 0.87625 0.225
vt 0.87625 0.025
vt 0.4375 0.775
vt 0.4375 0.975
vt 0.4625 0.975
vt 0.4625 0.775
vt 0.4375 0.775
vt 0.4625 0.975
vt 0.4625 0.775
vt 0.4625 0.975
vt 0.4875 0.975
vt 0.4875 0.775
vt 0.4625 0.775
vt 0.4875 0.975
vt 0.3875 0.775
vt 0.3875 0.975
vt 0.4125 0.975
vt 0.4125 0.775
vt 0.3875 0.775
vt 0.4125 0.975
vt 0.4125 0.775
vt 0.4125 0.975
vt 0.4375 0.975
vt 0.4375 0.775
vt 0.4125 0.775
vt 0.4375 0.975
vt 0.4375 0.775
vt 0.4375 0.975
vt 0.4625 0.775
vt 0.4375 0.975
vt 0.4625 0.975
vt 0.4625 0.775
vt 0.4625 0.775
vt 0.4625 0.975
vt 0.4875 0.775
vt 0.4625 0.975
vt 0.4875 0.975
vt 0.4875 0.775
vt 0.3875 0.775
vt 0.3875 0.975
vt 0.4125 0.775
vt 0.3875 0.975
vt 0.4125 0.975
vt 0.4125 0.775
vt 0.4125 0.775
vt 0.4125 0.975
vt 0.4375 0.775
vt 0.4125 0.975
vt 0.4375 0.975
vt 0.4375 0.775
vt 0.87625 0.025
vt 0.87625 0.225
vt 0.87625 0.225
vt 0.87625 0.025
vt 0.87625 0.025
vt 0.87625 0.225
vt 0.87625 0.025
vt 0.87625 0.225
vt 0.87625 0.225
vt 0.87625 0.025
vt 0.87625 0.025
vt 0.87625 0.225
vt 0.87625 0.025
vt 0.87625 0.225
vt 0.87625 0.225
vt 0.87625 0.025
vt 0.87625 0.025
vt 0.87625 0.225
vt 0.87625 0.025
vt 0.87625 0.225
vt 0.87625 0.225
vt 0.87625 0.025
vt 0.87625 0.025
vt 0.87625 0.225
vt 0.87625 0.025
vt 0.87625 0.225
vt 0.87625 0.025
vt 0.87625 0.225
vt 0.87625 0.225
vt 0.87625 0.025
vt 0.87625 0.025
vt 0.87625 0.225
vt 0.87625 0.025
vt 0.87625 0.225
vt 0.87625 0.225
vt 0.87625 0.025
vt 0.87625 0.025
vt 0.87625 0.225
vt 0.87625 0.025
vt 0.87625 0.225
vt 0.87625 0.225
vt 0.87625 0.025
vt 0.87625 0.025
vt 0.87625 0.225
vt 0.87625 0.025
vt 0.87625 0.225
vt 0.87625 0.225
vt 0.87625 0.025
vt 0.0625 0.525
vt 0.0625 0.725
vt 0.0875 0.725
vt 0.0875 0.525
vt 0.0625 0.525
vt 0.0875 0.725
vt 0.0875 0.525
vt 0.0875 0.725
vt 0.1125 0.725
vt 0.1125 0.525
vt 0.0875 0.525
vt 0.1125 0.725
vt 0.0125 0.525
vt 0.0125 0.725
vt 0.0375 0.725
vt 0.0375 0.525
vt 0.0125 0.525
vt 0.0375 0.725
vt 0.0375 0.525
vt 0.0375 0.725
vt 0.0625 0.725
vt 0.0625 0.525
vt 0.0375 0.525
vt 0.0625 0.725
vt 0.0625 0.525
vt 0.0625 0.725
vt 0.0875 0.525
vt 0.0625 0.725
vt 0.0875 0.725
vt 0.0875 0.525
vt 0.0875 0.525
vt 0.0875 0.725
vt 0.1125 0.525
vt 0.0875 0.725
vt 0.1125 0.725
vt 0.1125 0.525
vt 0.0125 0.525
vt 0.0125 0.725
vt 0.0375 0.525
vt 0.0125 0.725
vt 0.0375 0.725
vt 0.0375 0.525
vt 0.0375 0.525
vt 0.0375 0.725
vt 0.0625 0.525
vt 0.0375 0.725
vt 0.0625 0.725
vt 0.0625 0.525
vt 0.3125 0.775
vt 0.3125 0.975
vt 0.3375 0.975
vt 0.3375 0.775
vt 0.3125 0.775
vt 0.3375 0.975
vt 0.3375 0.775
vt 0.3375 0.975
vt 0.3625 0.975
vt 0.3625 0.775
vt 0.3375 0.775
vt 0.3625 0.975
vt 0.2625 0.775
vt 0.2625 0.975
vt 0.2875 0.975
vt 0.2875 0.775
vt 0.2625 0.775
vt 0.2875 0.975
vt 0.2875 0.775
vt 0.2875 0.975
vt 0.3125 0.975
vt 0.3125 0.775
vt 0.2875 0.775
vt 0.3125 0.975
vt 0.3125 0.775
vt 0.3125 0.975
vt 0.3375 0.775
vt 0.3125 0.975
vt 0.3375 0.975
vt 0.3375 0.775
vt 0.3375 0.775
vt 0.3375 0.975
vt 0.3625 0.775
vt 0.3375 0.975
vt 0.3625 0.975
vt 0.3625 0.775
vt 0.2625 0.775
vt 0.2625 0.975
vt 0.2875 0.775
vt 0.2625 0.975
vt 0.2875 0.975
vt 0.2875 0.775
vt 0.2875 0.775
vt 0.2875 0.975
vt 0.3125 0.775
vt 0.2875 0.975
vt 0.3125 0.975
vt 0.3125 0.775
vt 0.2625 0.775
vt 0.2625 0.975
vt 0.3625 0.975
vt 0.3625 0.775
vt 0.2625 0.775
vt 0.3625 0.975
vt 0.2625 0.775
vt 0.2625 0.975
vt 0.3625 0.975
vt 0.3625 0.775
vt 0.2625 0.775
vt 0.3625 0.975
vt 0.2625 0.775
vt 0.2625 0.975
vt 0.3625 0.975
vt 0.3625 0.775
vt 0.2625 0.775
vt 0.3625 0.975
vt 0.2625 0.775
vt 0.2625 0.975
vt 0.3625 0.975
vt 0.3625 0.775
vt 0.2625 0.775
vt 0.3625 0.975
vt 0.2625 0.775
vt 0.2625 0.975
vt 0.3625 0.775
vt 0.2625 0.975
vt 0.3625 0.975
vt 0.3625 0.775
vt 0.2625 0.775
vt 0.2625 0.975
vt 0.3625 0.775
vt 0.2625 0.975
vt 0.3625 0.975
vt 0.3625 0.775
vt 0.2625 0.775
vt 0.2625 0.975
vt 0.3625 0.775
vt 0.2625 0.975
vt 0.3625 0.975
vt 0.3625 0.775
vt 0.2625 0.775
vt 0.2625 0.975
vt 0.3625 0.775
vt 0.2625 0.975
vt 0.3625 0.975
vt 0.3625 0.775
vt 0.3875 0.525
vt 0.3875 0.725
vt 0.4875 0.725
vt 0.4875 0.525
vt 0.3875 0.525
vt 0.4875 0.725
vt 0.3875 0.525
vt 0.3875 0.725
vt 0.4875 0.725
vt 0.4875 0.525
vt 0.3875 0.525
vt 0.4875 0.725
vt 0.3875 0.525
vt 0.3875 0.725
vt 0.4875 0.725
vt 0.4875 0.525
vt 0.3875 0.525
vt 0.4875 0.725
vt 0.3875 0.525
vt 0.3875 0.725
vt 0.4875 0.725
vt 0.4875 0.525
vt 0.3875 0.525
vt 0.4875 0.725
vt 0.3875 0.525
vt 0.3875 0.725
vt 0.4875 0.525
vt 0.3875 0.725
vt 0.4875 0.725
vt 0.4875 0.525
vt 0.3875 0.525
vt 0.3875 0.725
vt 0.4875 0.525
vt 0.3875 0.725
vt 0.4875 0.725
vt 0.4875 0.525
vt 0.3875 0.525
vt 0.3875 0.725
vt 0.4875 0.525
vt 0.3875 0.725
vt 0.4875 0.725
vt 0.4875 0.525
vt 0.3875 0.525
vt 0.3875 0.725
vt 0.4875 0.525
vt 0.3875 0.725
vt 0.4875 0.725
vt 0.4875 0.525
vt 0.5625 0.525
vt 0.5625 0.725
vt 0.5875 0.725
vt 0.5875 0.525
vt 0.5625 0.525
vt 0.5875 0.725
vt 0.5875 0.525
vt 0.5875 0.725
vt 0.6125 0.725
vt 0.6125 0.525
vt 0.5875 0.525
vt 0.6125 0.725
vt 0.5125 0.525
vt 0.5125 0.725
vt 0.5375 0.725
vt 0.5375 0.525
vt 0.5125 0.525
vt 0.5375 0.725
vt 0.5375 0.525
vt 0.5375 0.725
vt 0.5625 0.725
vt 0.5625 0.525
vt 0.5375 0.525
vt 0.5625 0.725
vt 0.5625 0.525
vt 0.5625 0.725
vt 0.5875 0.525
vt 0.5625 0.725
vt 0.5875 0.725
vt 0.5875 0.525
vt 0.5875 0.525
vt 0.5875 0.725
vt 0.6125 0.525
vt 0.5875 0.725
vt 0.6125 0.725
vt 0.6125 0.525
vt 0.5125 0.525
vt 0.5125 0.725
vt 0.5375 0.525
vt 0.5125 0.725
vt 0.5375 0.725
vt 0.5375 0.525
vt 0.5375 0.525
vt 0.5375 0.725
vt 0.5625 0.525
vt 0.5375 0.725
vt 0.5625 0.725
vt 0.5625 0.525
vt 0.1875 0.275
vt 0.1875 0.475
vt 0.2125 0.475
vt 0.2125 0.275
vt 0.1875 0.275
vt 0.2125 0.475
vt 0.2125 0.275
vt 0.2125 0.475
vt 0.2375 0.475
vt 0.2375 0.275
vt 0.2125 0.275
vt 0.2375 0.475
vt 0.1375 0.275
vt 0.1375 0.475
vt 0.1625 0.475
vt 0.1625 0.275
vt 0.1375 0.275
vt 0.1625 0.475
vt 0.1625 0.275
vt 0.1625 0.475
vt 0.1875 0.475
vt 0.1875 0.275
vt 0.1625 0.275
vt 0.1875 0.475
vt 0.1875 0.275
vt 0.1875 0.475
vt 0.2125 0.275
vt 0.1875 0.475
vt 0.2125 0.475
vt 0.2125 0.275
vt 0.2125 0.275
vt 0.2125 0.475
vt 0.2375 0.275
vt 0.2125 0.475
vt 0.2375 0.475
vt 0.2375 0.275
vt 0.1375 0.275
vt 0.1375 0.475
vt 0.1625 0.275
vt 0.1375 0.475
vt 0.1625 0.475
vt 0.1625 0.275
vt 0.1625 0.275
vt 0.1625 0.475
vt 0.1875 0.275
vt 0.1625 0.475
vt 0.1875 0.475
vt 0.1875 0.275
vt 0.0625 0.275
vt 0.0625 0.475
vt 0.0875 0.475
vt 0.0875 0.275
vt 0.0625 0.275
vt 0.0875 0.475
vt 0.0875 0.275
vt 0.0875 0.475
vt 0.1125 0.475
vt 0.1125 0.275
vt 0.0875 0.275
vt 0.1125 0.475
vt 0.0125 0.275
vt 0.0125 0.475
vt 0.0375 0.475
vt 0.0375 0.275
vt 0.0125 0.275
vt 0.0375 0.475
vt 0.0375 0.275
vt 0.0375 0.475
vt 0.0625 0.475
vt 0.0625 0.275
vt 0.0375 0.275
vt 0.0625 0.475
vt 0.0625 0.275
vt 0.0625 0.475
vt 0.0875 0.275
vt 0.0625 0.475
vt 0.0875 0.475
vt 0.0875 0.275
vt 0.0875 0.275
vt 0.0875 0.475
vt 0.1125 0.275
vt 0.0875 0.475
vt 0.1125 0.475
vt 0.1125 0.275
vt 0.0125 0.275
vt 0.0125 0.475
vt 0.0375 0.275
vt 0.0125 0.475
vt 0.0375 0.475
vt 0.0375 0.275
vt 0.0375 0.275
vt 0.0375 0.475
vt 0.0625 0.275
vt 0.0375 0.475
vt 0.0625 0.475
vt 0.0625 0.275
vt 0.87625 0.025
vt 0.87625 0.225
vt 0.87625 0.225
vt 0.87625 0.025
vt 0.87625 0.025
vt 0.87625 0.225
vt 0.87625 0.025
vt 0.87625 0.225
vt 0.87625 0.225
vt 0.87625 0.025
vt 0.87625 0.025
vt 0.87625 0.225
vt 0.87625 0.025
vt 0.87625 0.225
vt 0.87625 0.225
vt 0.87625 0.025
vt 0.87625 0.025
vt 0.87625 0.225
vt 0.87625 0.025
vt 0.87625 0.225
vt 0.87625 0.225
vt 0.87625 0.025
vt 0.87625 0.025
vt 0.87625 0.225
vt 0.87625 0.025
vt 0.87625 0.225
vt 0.87625 0.025
vt 0.87625 0.225
vt 0.87625 0.225
vt 0.87625 0.025
vt 0.87625 0.025
vt 0.87625 0.225
vt 0.87625 0.025
vt 0.87625 0.225
vt 0.87625 0.225
vt 0.87625 0.025
vt 0.87625 0.025
vt 0.87625 0.225
vt 0.87625 0.025
vt 0.87625 0.225
vt 0.87625 0.225
vt 0.87625 0.025
vt 0.87625 0.025
vt 0.87625 0.225
vt 0.87625 0.025
vt 0.87625 0.225
vt 0.87625 0.225
vt 0.87625 0.025
vt 0.4375 0.775
vt 0.4375 0.975
vt 0.4625 0.975
vt 0.4625 0.775
vt 0.4375 0.775
vt 0.4625 0.975
vt 0.4625 0.775
vt 0.4625 0.975
vt 0.4875 0.975
vt 0.4875 0.775
vt 0.4625 0.775
vt 0.4875 0.975
vt 0.3875 0.775
vt 0.3875 0.975
vt 0.4125 0.975
vt 0.4125 0.775
vt 0.3875 0.775
vt 0.4125 0.975
vt 0.4125 0.775
vt 0.4125 0.975
vt 0.4375 0.975
vt 0.4375 0.775
vt 0.4125 0.775
vt 0.4375 0.975
vt 0.4375 0.775
vt 0.4375 0.975
vt 0.4625 0.775
vt 0.4375 0.975
vt 0.4625 0.975
vt 0.4625 0.775
vt 0.4625 0.775
vt 0.4625 0.975
vt 0.4875 0.775
vt 0.4625 0.975
vt 0.4875 0.975
vt 0.4875 0.775
vt 0.3875 0.775
vt 0.3875 0.975
vt 0.4125 0.775
vt 0.3875 0.975
vt 0.4125 0.975
vt 0.4125 0.775
vt 0.4125 0.775
vt 0.4125 0.975
vt 0.4375 0.775
vt 0.4125 0.975
vt 0.4375 0.975
vt 0.4375 0.775
vt 0.87625 0.025
vt 0.87625 0.225
vt 0.87625 0.225
vt 0.87625 0.025
vt 0.87625 0.025
vt 0.87625 0.225
vt 0.87625 0.025
vt 0.87625 0.225
vt 0.87625 0.225
vt 0.87625 0.025
vt 0.87625 0.025
vt 0.87625 0.225
vt 0.87625 0.025
vt 0.87625 0.225
vt 0.87625 0.225
vt 0.87625 0.025
vt 0.87625 0.025
vt 0.87625 0.225
vt 0.87625 0.025
vt 0.87625 0.225
vt 0.87625 0.225
vt 0.87625 0.025
vt 0.87625 0.025
vt 0.87625 0.225
vt 0.87625 0.025
vt 0.87625 0.225
vt 0.87625 0.025
vt 0.87625 0.225
vt 0.87625 0.225
vt 0.87625 0.025
vt 0.87625 0.025
vt 0.87625 0.225
vt 0.87625 0.025
vt 0.87625 0.225
vt 0.87625 0.225
vt 0.87625 0.025
vt 0.87625 0.025
vt 0.87625 0.225
vt 0.87625 0.025
vt 0.87625 0.225
vt 0.87625 0.225
vt 0.87625 0.025
vt 0.87625 0.025
vt 0.87625 0.225
vt 0.87625 0.025
vt 0.87625 0.225
vt 0.87625 0.225
vt 0.87625 0.025
vt 0.0625 0.525
vt 0.0625 0.725
vt 0.0875 0.725
vt 0.0875 0.525
vt 0.0625 0.525
vt 0.0875 0.725
vt 0.0875 0.525
vt 0.0875 0.725
vt 0.1125 0.725
vt 0.1125 0.525
vt 0.0875 0.525
vt 0.1125 0.725
vt 0.0125 0.525
vt 0.0125 0.725
vt 0.0375 0.725
vt 0.0375 0.525
vt 0.0125 0.525
vt 0.0375 0.725
vt 0.0375 0.525
vt 0.0375 0.725
vt 0.0625 0.725
vt 0.0625 0.525
vt 0.0375 0.525
vt 0.0625 0.725
vt 0.0625 0.525
vt 0.0625 0.725
vt 0.0875 0.525
vt 0.0625 0.725
vt 0.0875 0.725
vt 0.0875 0.525
vt 0.0875 0.525
vt 0.0875 0.725
vt 0.1125 0.525
vt 0.0875 0.725
vt 0.1125 0.725
vt 0.1125 0.525
vt 0.0125 0.525
vt 0.0125 0.725
vt 0.0375 0.525
vt 0.0125 0.725
vt 0.0375 0.725
vt 0.0375 0.525
vt 0.0375 0.525
vt 0.0375 0.725
vt 0.0625 0.525
vt 0.0375 0.725
vt 0.0625 0.725
vt 0.0625 0.525
vt 0.3125 0.775
vt 0.3125 0.975
vt 0.3375 0.975
vt 0.3375 0.775
vt 0.3125 0.775
vt 0.3375 0.975
vt 0.3375 0.775
vt 0.3375 0.975
vt 0.3625 0.975
vt 0.3625 0.775
vt 0.3375 0.775
vt 0.3625 0.975
vt 0.2625 0.775
vt 0.2625 0.975
vt 0.2875 0.975
vt 0.2875 0.775
vt 0.2625 0.775
vt 0.2875 0.975
vt 0.2875 0.775
vt 0.2875 0.975
vt 0.3125 0.975
vt 0.3125 0.775
vt 0.2875 0.775
vt 0.3125 0.975
vt 0.3125 0.775
vt 0.3125 0.975
vt 0.3375 0.775
vt 0.3125 0.975
vt 0.3375 0.975
vt 0.3375 0.775
vt 0.3375 0.775
vt 0.3375 0.975
vt 0.3625 0.775
vt 0.3375 0.975
vt 0.3625 0.975
vt 0.3625 0.775
vt 0.2625 0.775
vt 0.2625 0.975
vt 0.2875 0.775
vt 0.2625 0.975
vt 0.2875 0.975
vt 0.2875 0.775
vt 0.2875 0.775
vt 0.2875 0.975
vt 0.3125 0.775
vt 0.2875 0.975
vt 0.3125 0.975
vt 0.3125 0.775
vt 0.3125 0.775
vt 0.3125 0.975
vt 0.3375 0.975
vt 0.3375 0.775
vt 0.3125 0.775
vt 0.3375 0.975
vt 0.3375 0.775
vt 0.3375 0.975
vt 0.3625 0.975
vt 0.3625 0.775
vt 0.3375 0.775
vt 0.3625 0.975
vt 0.2625 0.775
vt 0.2625 0.975
vt 0.2875 0.975
vt 0.2875 0.775
vt 0.2625 0.775
vt 0.2875 0.975
vt 0.2875 0.775
vt 0.2875 0.975
vt 0.3125 0.975
vt 0.3125 0.775
vt 0.2875 0.775
vt 0.3125 0.975
vt 0.3125 0.775
vt 0.3125 0.975
vt 0.3375 0.775
vt 0.3125 0.975
vt 0.3375 0.975
vt 0.3375 0.775
vt 0.3375 0.775
vt 0.3375 0.975
vt 0.3625 0.775
vt 0.3375 0.975
vt 0.3625 0.975
vt 0.3625 0.775
vt 0.2625 0.775
vt 0.2625 0.975
vt 0.2875 0.775
vt 0.2625 0.975
vt 0.2875 0.975
vt 0.2875 0.775
vt 0.2875 0.775
vt 0.2875 0.975
vt 0.3125 0.775
vt 0.2875 0.975
vt 0.3125 0.975
vt 0.3125 0.775
vt 0.4375 0.525
vt 0.4375 0.725
vt 0.4625 0.725
vt 0.4625 0.525
vt 0.4375 0.525
vt 0.4625 0.725
vt 0.4625 0.525
vt 0.4625 0.725
vt 0.4875 0.725
vt 0.4875 0.525
vt 0.4625 0.525
vt 0.4875 0.725
vt 0.3875 0.525
vt 0.3875 0.725
vt 0.4125 0.725
vt 0.4125 0.525
vt 0.3875 0.525
vt 0.4125 0.725
vt 0.4125 0.525
vt 0.4125 0.725
vt 0.4375 0.725
vt 0.4375 0.525
vt 0.4125 0.525
vt 0.4375 0.725
vt 0.4375 0.525
vt 0.4375 0.725
vt 0.4625 0.525
vt 0.4375 0.725
vt 0.4625 0.725
vt 0.4625 0.525
vt 0.4625 0.525
vt 0.4625 0.725
vt 0.4875 0.525
vt 0.4625 0.725
vt 0.4875 0.725
vt 0.4875 0.525
vt 0.3875 0.525
vt 0.3875 0.725
vt 0.4125 0.525
vt 0.3875 0.725
vt 0.4125 0.725
vt 0.4125 0.525
vt 0.4125 0.525
vt 0.4125 0.725
vt 0.4375 0.525
vt 0.4125 0.725
vt 0.4375 0.725
vt 0.4375 0.525
vt 0.5125 0.525
vt 0.5125 0.725
vt 0.6125 0.725
vt 0.6125 0.525
vt 0.5125 0.525
vt 0.6125 0.725
vt 0.5125 0.525
vt 0.5125 0.725
vt 0.6125 0.725
vt 0.6125 0.525
vt 0.5125 0.525
vt 0.6125 0.725
vt 0.5125 0.525
vt 0.5125 0.725
vt 0.6125 0.725
vt 0.6125 0.525
vt 0.5125 0.525
vt 0.6125 0.725
vt 0.5125 0.525
vt 0.5125 0.725
vt 0.6125 0.725
vt 0.6125 0.525
vt 0.5125 0.525
vt 0.6125 0.725
vt 0.5125 0.525
vt 0.5125 0.725
vt 0.6125 0.525
vt 0.5125 0.725
vt 0.6125 0.725
vt 0.6125 0.525
vt 0.5125 0.525
vt 0.5125 0.725
vt 0.6125 0.525
vt 0.5125 0.725
vt 0.6125 0.725
vt 0.6125 0.525
vt 0.5125 0.525
vt 0.5125 0.725
vt 0.6125 0.525
vt 0.5125 0.725
vt 0.6125 0.725
vt 0.6125 0.525
vt 0.5125 0.525
vt 0.5125 0.725
vt 0.6125 0.525
vt 0.5125 0.725
vt 0.6125 0.725
vt 0.6125 0.525
vt 0.1375 0.275
vt 0.1375 0.475
vt 0.2375 0.475
vt 0.2375 0.275
vt 0.1375 0.275
vt 0.2375 0.475
vt 0.1375 0.275
vt 0.1375 0.475
vt 0.2375 0.475
vt 0.2375 0.275
vt 0.1375 0.275
vt 0.2375 0.475
vt 0.1375 0.275
vt 0.1375 0.475
vt 0.2375 0.475
vt 0.2375 0.275
vt 0.1375 0.275
vt 0.2375 0.475
vt 0.1375 0.275
vt 0.1375 0.475
vt 0.2375 0.475
vt 0.2375 0.275
vt 0.1375 0.275
vt 0.2375 0.475
vt 0.1375 0.275
vt 0.1375 0.475
vt 0.2375 0.275
vt 0.1375 0.475
vt 0.2375 0.475
vt 0.2375 0.275
vt 0.1375 0.275
vt 0.1375 0.475
vt 0.2375 0.275
vt 0.1375 0.475
vt 0.2375 0.475
vt 0.2375 0.275
vt 0.1375 0.275
vt 0.1375 0.475
vt 0.2375 0.275
vt 0.1375 0.475
vt 0.2375 0.475
vt 0.2375 0.275
vt 0.1375 0.275
vt 0.1375 0.475
vt 0.2375 0.275
vt 0.1375 0.475
vt 0.2375 0.475
vt 0.2375 0.275
vt 0.7625 0.775
vt 0.7625 0.975
vt 0.8625 0.975
vt 0.8625 0.775
vt 0.7625 0.775
vt 0.8625 0.975
vt 0.7625 0.775
vt 0.7625 0.975
vt 0.8625 0.975
vt 0.8625 0.775
vt 0.7625 0.775
vt 0.8625 0.975
vt 0.7625 0.775
vt 0.7625 0.975
vt 0.8625 0.975
vt 0.8625 0.775
vt 0.7625 0.775
vt 0.8625 0.975
vt 0.7625 0.775
vt 0.7625 0.975
vt 0.8625 0.975
vt 0.8625 0.775
vt 0.7625 0.775
vt 0.8625 0.975
vt 0.7625 0.775
vt 0.7625 0.975
vt 0.8625 0.775
vt 0.7625 0.975
vt 0.8625 0.975
vt 0.8625 0.775
vt 0.7625 0.775
vt 0.7625 0.975
vt 0.8625 0.775
vt 0.7625 0.975
vt 0.8625 0.975
vt 0.8625 0.775
vt 0.7625 0.775
vt 0.7625 0.975
vt 0.8625 0.775
vt 0.7625 0.975
vt 0.8625 0.975
vt 0.8625 0.775
vt 0.7625 0.775
vt 0.7625 0.975
vt 0.8625 0.775
vt 0.7625 0.975
vt 0.8625 0.975
vt 0.8625 0.775
vt 0.3875 0.775
vt 0.3875 0.975
vt 0.4875 0.975
vt 0.4875 0.775
vt 0.3875 0.775
vt 0.4875 0.975
vt 0.3875 0.775
vt 0.3875 0.975
vt 0.4875 0.975
vt 0.4875 0.775
vt 0.3875 0.775
vt 0.4875 0.975
vt 0.3875 0.775
vt 0.3875 0.975
vt 0.4875 0.975
vt 0.4875 0.775
vt 0.3875 0.775
vt 0.4875 0.975
vt 0.3875 0.775
vt 0.3875 0.975
vt 0.4875 0.975
vt 0.4875 0.775
vt 0.3875 0.775
vt 0.4875 0.975
vt 0.3875 0.775
vt 0.3875 0.975
vt 0.4875 0.775
vt 0.3875 0.975
vt 0.4875 0.975
vt 0.4875 0.775
vt 0.3875 0.775
vt 0.3875 0.975
vt 0.4875 0.775
vt 0.3875 0.975
vt 0.4875 0.975
vt 0.4875 0.775
vt 0.3875 0.775
vt 0.3875 0.975
vt 0.4875 0.775
vt 0.3875 0.975
vt 0.4875 0.975
vt 0.4875 0.775
vt 0.3875 0.775
vt 0.3875 0.975
vt 0.4875 0.775
vt 0.3875 0.975
vt 0.4875 0.975
vt 0.4875 0.775
vt 0.0125 0.525
vt 0.0125 0.725
vt 0.1125 0.725
vt 0.1125 0.525
vt 0.0125 0.525
vt 0.1125 0.725
vt 0.0125 0.525
vt 0.0125 0.725
vt 0.1125 0.725
vt 0.1125 0.525
vt 0.0125 0.525
vt 0.1125 0.725
vt 0.0125 0.525
vt 0.0125 0.725
vt 0.1125 0.725
vt 0.1125 0.525
vt 0.0125 0.525
vt 0.1125 0.725
vt 0.0125 0.525
vt 0.0125 0.725
vt 0.1125 0.725
vt 0.1125 0.525
vt 0.0125 0.525
vt 0.1125 0.725
vt 0.0125 0.525
vt 0.0125 0.725
vt 0.1125 0.525
vt 0.0125 0.725
vt 0.1125 0.725
vt 0.1125 0.525
vt 0.0125 0.525
vt 0.0125 0.725
vt 0.1125 0.525
vt 0.0125 0.725
vt 0.1125 0.725
vt 0.1125 0.525
vt 0.0125 0.525
vt 0.0125 0.725
vt 0.1125 0.525
vt 0.0125 0.725
vt 0.1125 0.725
vt 0.1125 0.525
vt 0.0125 0.525
vt 0.0125 0.725
vt 0.1125 0.525
vt 0.0125 0.725
vt 0.1125 0.725
vt 0.1125 0.525
vt 0.6375 0.525
vt 0.6375 0.725
vt 0.7375 0.725
vt 0.7375 0.525
vt 0.6375 0.525
vt 0.7375 0.725
vt 0.6375 0.525
vt 0.6375 0.725
vt 0.7375 0.725
vt 0.7375 0.525
vt 0.6375 0.525
vt 0.7375 0.725
vt 0.6375 0.525
vt 0.6375 0.725
vt 0.7375 0.725
vt 0.7375 0.525
vt 0.6375 0.525
vt 0.7375 0.725
vt 0.6375 0.525
vt 0.6375 0.725
vt 0.7375 0.725
vt 0.7375 0.525
vt 0.6375 0.525
vt 0.7375 0.725
vt 0.6375 0.525
vt 0.6375 0.725
vt 0.7375 0.525
vt 0.6375 0.725
vt 0.7375 0.725
vt 0.7375 0.525
vt 0.6375 0.525
vt 0.6375 0.725
vt 0.7375 0.525
vt 0.6375 0.725
vt 0.7375 0.725
vt 0.7375 0.525
vt 0.6375 0.525
vt 0.6375 0.725
vt 0.7375 0.525
vt 0.6375 0.725
vt 0.7375 0.725
vt 0.7375 0.525
vt 0.6375 0.525
vt 0.6375 0.725
vt 0.7375 0.525
vt 0.6375 0.725
vt 0.7375 0.725
vt 0.7375 0.525
vt 0.87625 0.025
vt 0.87625 0.225
vt 0.87625 0.225
vt 0.87625 0.025
vt 0.87625 0.025
vt 0.87625 0.225
vt 0.87625 0.025
vt 0.87625 0.225
vt 0.87625 0.225
vt 0.87625 0.025
vt 0.87625 0.025
vt 0.87625 0.225
vt 0.87625 0.025
vt 0.87625 0.225
vt 0.87625 0.225
vt 0.87625 0.025
vt 0.87625 0.025
vt 0.87625 0.225
vt 0.87625 0.025
vt 0.87625 0.225
vt 0.87625 0.225
vt 0.87625 0.025
vt 0.87625 0.025
vt 0.87625 0.225
vt 0.87625 0.025
vt 0.87625 0.225
vt 0.87625 0.025
vt 0.87625 0.225
vt 0.87625 0.225
vt 0.87625 0.025
vt 0.87625 0.025
vt 0.87625 0.225
vt 0.87625 0.025
vt 0.87625 0.225
vt 0.87625 0.225
vt 0.87625 0.025
vt 0.87625 0.025
vt 0.87625 0.225
vt 0.87625 0.025
vt 0.87625 0.225
vt 0.87625 0.225
vt 0.87625 0.025
vt 0.87625 0.025
vt 0.87625 0.225
vt 0.87625 0.025
vt 0.87625 0.225
vt 0.87625 0.225
vt 0.87625 0.025
vt 0.5125 0.775
vt 0.5125 0.975
vt 0.6125 0.975
vt 0.6125 0.775
vt 0.5125 0.775
vt 0.6125 0.975
vt 0.5125 0.775
vt 0.5125 0.975
vt 0.6125 0.975
vt 0.6125 0.775
vt 0.5125 0.775
vt 0.6125 0.975
vt 0.5125 0.775
vt 0.5125 0.975
vt 0.6125 0.975
vt 0.6125 0.775
vt 0.5125 0.775
vt 0.6125 0.975
vt 0.5125 0.775
vt 0.5125 0.975
vt 0.6125 0.975
vt 0.6125 0.775
vt 0.5125 0.775
vt 0.6125 0.975
vt 0.5125 0.775
vt 0.5125 0.975
vt 0.6125 0.775
vt 0.5125 0.975
vt 0.6125 0.975
vt 0.6125 0.775
vt 0.5125 0.775
vt 0.5125 0.975
vt 0.6125 0.775
vt 0.5125 0.975
vt 0.6125 0.975
vt 0.6125 0.775
vt 0.5125 0.775
vt 0.5125 0.975
vt 0.6125 0.775
vt 0.5125 0.975
vt 0.6125 0.975
vt 0.6125 0.775
vt 0.5125 0.775
vt 0.5125 0.975
vt 0.6125 0.775
vt 0.5125 0.975
vt 0.6125 0.975
vt 0.6125 0.775
vt 0.5625 0.525
vt 0.5625 0.725
vt 0.5875 0.725
vt 0.5875 0.525
vt 0.5625 0.525
vt 0.5875 0.725
vt 0.5875 0.525
vt 0.5875 0.725
vt 0.6125 0.725
vt 0.6125 0.525
vt 0.5875 0.525
vt 0.6125 0.725
vt 0.5125 0.525
vt 0.5125 0.725
vt 0.5375 0.725
vt 0.5375 0.525
vt 0.5125 0.525
vt 0.5375 0.725
vt 0.5375 0.525
vt 0.5375 0.725
vt 0.5625 0.725
vt 0.5625 0.525
vt 0.5375 0.525
vt 0.5625 0.725
vt 0.5625 0.525
vt 0.5625 0.725
vt 0.5875 0.525
vt 0.5625 0.725
vt 0.5875 0.725
vt 0.5875 0.525
vt 0.5875 0.525
vt 0.5875 0.725
vt 0.6125 0.525
vt 0.5875 0.725
vt 0.6125 0.725
vt 0.6125 0.525
vt 0.5125 0.525
vt 0.5125 0.725
vt 0.5375 0.525
vt 0.5125 0.725
vt 0.5375 0.725
vt 0.5375 0.525
vt 0.5375 0.525
vt 0.5375 0.725
vt 0.5625 0.525
vt 0.5375 0.725
vt 0.5625 0.725
vt 0.5625 0.525
vt 0.3125 0.775
vt 0.3125 0.975
vt 0.3375 0.975
vt 0.3375 0.775
vt 0.3125 0.775
vt 0.3375 0.975
vt 0.3375 0.775
vt 0.3375 0.975
vt 0.3625 0.975
vt 0.3625 0.775
vt 0.3375 0.775
vt 0.3625 0.975
vt 0.2625 0.775
vt 0.2625 0.975
vt 0.2875 0.975
vt 0.2875 0.775
vt 0.2625 0.775
vt 0.2875 0.975
vt 0.2875 0.775
vt 0.2875 0.975
vt 0.3125 0.975
vt 0.3125 0.775
vt 0.2875 0.775
vt 0.3125 0.975
vt 0.3125 0.775
vt 0.3125 0.975
vt 0.3375 0.775
vt 0.3125 0.975
vt 0.3375 0.975
vt 0.3375 0.775
vt 0.3375 0.775
vt 0.3375 0.975
vt 0.3625 0.775
vt 0.3375 0.975
vt 0.3625 0.975
vt 0.3625 0.775
vt 0.2625 0.775
vt 0.2625 0.975
vt 0.2875 0.775
vt 0.2625 0.975
vt 0.2875 0.975
vt 0.2875 0.775
vt 0.2875 0.775
vt 0.2875 0.975
vt 0.3125 0.775
vt 0.2875 0.975
vt 0.3125 0.975
vt 0.3125 0.775
vt 0.8125 0.775
vt 0.8125 0.975
vt 0.8375 0.975
vt 0.8375 0.775
vt 0.8125 0.775
vt 0.8375 0.975
vt 0.8375 0.775
vt 0.8375 0.975
vt 0.8625 0.975
vt 0.8625 0.775
vt 0.8375 0.775
vt 0.8625 0.975
vt 0.7625 0.775
vt 0.7625 0.975
vt 0.7875 0.975
vt 0.7875 0.775
vt 0.7625 0.775
vt 0.7875 0.975
vt 0.7875 0.775
vt 0.7875 0.975
vt 0.8125 0.975
vt 0.8125 0.775
vt 0.7875 0.775
vt 0.8125 0.975
vt 0.8125 0.775
vt 0.8125 0.975
vt 0.8375 0.775
vt 0.8125 0.975
vt 0.8375 0.975
vt 0.8375 0.775
vt 0.8375 0.775
vt 0.8375 0.975
vt 0.8625 0.775
vt 0.8375 0.975
vt 0.8625 0.975
vt 0.8625 0.775
vt 0.7625 0.775
vt 0.7625 0.975
vt 0.7875 0.775
vt 0.7625 0.975
vt 0.7875 0.975
vt 0.7875 0.775
vt 0.7875 0.775
vt 0.7875 0.975
vt 0.8125 0.775
vt 0.7875 0.975
vt 0.8125 0.975
vt 0.8125 0.775
vt 0.4375 0.775
vt 0.4375 0.975
vt 0.4625 0.975
vt 0.4625 0.775
vt 0.4375 0.775
vt 0.4625 0.975
vt 0.4625 0.775
vt 0.4625 0.975
vt 0.4875 0.975
vt 0.4875 0.775
vt 0.4625 0.775
vt 0.4875 0.975
vt 0.3875 0.775
vt 0.3875 0.975
vt 0.4125 0.975
vt 0.4125 0.775
vt 0.3875 0.775
vt 0.4125 0.975
vt 0.4125 0.775
vt 0.4125 0.975
vt 0.4375 0.975
vt 0.4375 0.775
vt 0.4125 0.775
vt 0.4375 0.975
vt 0.4375 0.775
vt 0.4375 0.975
vt 0.4625 0.775
vt 0.4375 0.975
vt 0.4625 0.975
vt 0.4625 0.775
vt 0.4625 0.775
vt 0.4625 0.975
vt 0.4875 0.775
vt 0.4625 0.975
vt 0.4875 0.975
vt 0.4875 0.775
vt 0.3875 0.775
vt 0.3875 0.975
vt 0.4125 0.775
vt 0.3875 0.975
vt 0.4125 0.975
vt 0.4125 0.775
vt 0.4125 0.775
vt 0.4125 0.975
vt 0.4375 0.775
vt 0.4125 0.975
vt 0.4375 0.975
vt 0.4375 0.775
vt 0.0625 0.525
vt 0.0625 0.725
vt 0.0875 0.725
vt 0.0875 0.525
vt 0.0625 0.525
vt 0.0875 0.725
vt 0.0875 0.525
vt 0.0875 0.725
vt 0.1125 0.725
vt 0.1125 0.525
vt 0.0875 0.525
vt 0.1125 0.725
vt 0.0125 0.525
vt 0.0125 0.725
vt 0.0375 0.725
vt 0.0375 0.525
vt 0.0125 0.525
vt 0.0375 0.725
vt 0.0375 0.525
vt 0.0375 0.725
vt 0.0625 0.725
vt 0.0625 0.525
vt 0.0375 0.525
vt 0.0625 0.725
vt 0.0625 0.525
vt 0.0625 0.725
vt 0.0875 0.525
vt 0.0625 0.725
vt 0.0875 0.725
vt 0.0875 0.525
vt 0.0875 0.525
vt 0.0875 0.725
vt 0.1125 0.525
vt 0.0875 0.725
vt 0.1125 0.725
vt 0.1125 0.525
vt 0.0125 0.525
vt 0.0125 0.725
vt 0.0375 0.525
vt 0.0125 0.725
vt 0.0375 0.725
vt 0.0375 0.525
vt 0.0375 0.525
vt 0.0375 0.725
vt 0.0625 0.525
vt 0.0375 0.725
vt 0.0625 0.725
vt 0.0625 0.525
vt 0.6875 0.525
vt 0.6875 0.725
vt 0.7125 0.725
vt 0.7125 0.525
vt 0.6875 0.525
vt 0.7125 0.725
vt 0.7125 0.525
vt 0.7125 0.725
vt 0.7375 0.725
vt 0.7375 0.525
vt 0.7125 0.525
vt 0.7375 0.725
vt 0.6375 0.525
vt 0.6375 0.725
vt 0.6625 0.725
vt 0.6625 0.525
vt 0.6375 0.525
vt 0.6625 0.725
vt 0.6625 0.525
vt 0.6625 0.725
vt 0.6875 0.725
vt 0.6875 0.525
vt 0.6625 0.525
vt 0.6875 0.725
vt 0.6875 0.525
vt 0.6875 0.725
vt 0.7125 0.525
vt 0.6875 0.725
vt 0.7125 0.725
vt 0.7125 0.525
vt 0.7125 0.525
vt 0.7125 0.725
vt 0.7375 0.525
vt 0.7125 0.725
vt 0.7375 0.725
vt 0.7375 0.525
vt 0.6375 0.525
vt 0.6375 0.725
vt 0.6625 0.525
vt 0.6375 0.725
vt 0.6625 0.725
vt 0.6625 0.525
vt 0.6625 0.525
vt 0.6625 0.725
vt 0.6875 0.525
vt 0.6625 0.725
vt 0.6875 0.725
vt 0.6875 0.525
vt 0.87625 0.025
vt 0.87625 0.225
vt 0.87625 0.225
vt 0.87625 0.025
vt 0.87625 0.025
vt 0.87625 0.225
vt 0.87625 0.025
vt 0.87625 0.225
vt 0.87625 0.225
vt 0.87625 0.025
vt 0.87625 0.025
vt 0.87625 0.225
vt 0.87625 0.025
vt 0.87625 0.225
vt 0.87625 0.225
vt 0.87625 0.025
vt 0.87625 0.025
vt 0.87625 0.225
vt 0.87625 0.025
vt 0.87625 0.225
vt 0.87625 0.225
vt 0.87625 0.025
vt 0.87625 0.025
vt 0.87625 0.225
vt 0.87625 0.025
vt 0.87625 0.225
vt 0.87625 0.025
vt 0.87625 0.225
vt 0.87625 0.225
vt 0.87625 0.025
vt 0.87625 0.025
vt 0.87625 0.225
vt 0.87625 0.025
vt 0.87625 0.225
vt 0.87625 0.225
vt 0.87625 0.025
vt 0.87625 0.025
vt 0.87625 0.225
vt 0.87625 0.025
vt 0.87625 0.225
vt 0.87625 0.225
vt 0.87625 0.025
vt 0.87625 0.025
vt 0.87625 0.225
vt 0.87625 0.025
vt 0.87625 0.225
vt 0.87625 0.225
vt 0.87625 0.025
vt 0.5125 0.775
vt 0.5125 0.975
vt 0.5625 0.975
vt 0.5625 0.775
vt 0.5125 0.775
vt 0.5625 0.975
vt 0.5625 0.775
vt 0.5625 0.975
vt 0.6125 0.975
vt 0.6125 0.775
vt 0.5625 0.775
vt 0.6125 0.975
vt 0.5125 0.775
vt 0.5125 0.975
vt 0.5625 0.975
vt 0.5625 0.775
vt 0.5125 0.775
vt 0.5625 0.975
vt 0.5625 0.775
vt 0.5625 0.975
vt 0.6125 0.975
vt 0.6125 0.775
vt 0.5625 0.775
vt 0.6125 0.975
vt 0.5125 0.775
vt 0.5125 0.975
vt 0.5625 0.775
vt 0.5125 0.975
vt 0.5625 0.975
vt 0.5625 0.775
vt 0.5625 0.775
vt 0.5625 0.975
vt 0.6125 0.775
vt 0.5625 0.975
vt 0.6125 0.975
vt 0.6125 0.775
vt 0.5125 0.775
vt 0.5125 0.975
vt 0.5625 0.775
vt 0.5125 0.975
vt 0.5625 0.975
vt 0.5625 0.775
vt 0.5625 0.775
vt 0.5625 0.975
vt 0.6125 0.775
vt 0.5625 0.975
vt 0.6125 0.975
vt 0.6125 0.775
vt 0.5125 0.525
vt 0.5125 0.725
vt 0.6125 0.725
vt 0.6125 0.525
vt 0.5125 0.525
vt 0.6125 0.725
vt 0.5125 0.525
vt 0.5125 0.725
vt 0.6125 0.725
vt 0.6125 0.525
vt 0.5125 0.525
vt 0.6125 0.725
vt 0.5125 0.525
vt 0.5125 0.725
vt 0.6125 0.725
vt 0.6125 0.525
vt 0.5125 0.525
vt 0.6125 0.725
vt 0.5125 0.525
vt 0.5125 0.725
vt 0.6125 0.725
vt 0.6125 0.525
vt 0.5125 0.525
vt 0.6125 0.725
vt 0.5125 0.525
vt 0.5125 0.725
vt 0.6125 0.525
vt 0.5125 0.725
vt 0.6125 0.725
vt 0.6125 0.525
vt 0.5125 0.525
vt 0.5125 0.725
vt 0.6125 0.525
vt 0.5125 0.725
vt 0.6125 0.725
vt 0.6125 0.525
vt 0.5125 0.525
vt 0.5125 0.725
vt 0.6125 0.525
vt 0.5125 0.725
vt 0.6125 0.725
vt 0.6125 0.525
vt 0.5125 0.525
vt 0.5125 0.725
vt 0.6125 0.525
vt 0.5125 0.725
vt 0.6125 0.725
vt 0.6125 0.525
vt 0.2625 0.775
vt 0.2625 0.975
vt 0.3625 0.975
vt 0.3625 0.775
vt 0.2625 0.775
vt 0.3625 0.975
vt 0.2625 0.775
vt 0.2625 0.975
vt 0.3625 0.975
vt 0.3625 0.775
vt 0.2625 0.775
vt 0.3625 0.975
vt 0.2625 0.775
vt 0.2625 0.975
vt 0.3625 0.975
vt 0.3625 0.775
vt 0.2625 0.775
vt 0.3625 0.975
vt 0.2625 0.775
vt 0.2625 0.975
vt 0.3625 0.975
vt 0.3625 0.775
vt 0.2625 0.775
vt 0.3625 0.975
vt 0.2625 0.775
vt 0.2625 0.975
vt 0.3625 0.775
vt 0.2625 0.975
vt 0.3625 0.975
vt 0.3625 0.775
vt 0.2625 0.775
vt 0.2625 0.975
vt 0.3625 0.775
vt 0.2625 0.975
vt 0.3625 0.975
vt 0.3625 0.775
vt 0.2625 0.775
vt 0.2625 0.975
vt 0.3625 0.775
vt 0.2625 0.975
vt 0.3625 0.975
vt 0.3625 0.775
vt 0.2625 0.775
vt 0.2625 0.975
vt 0.3625 0.775
vt 0.2625 0.975
vt 0.3625 0.975
vt 0.3625 0.775
vt 0.1875 0.525
vt 0.1875 0.725
vt 0.2125 0.725
vt 0.2125 0.525
vt 0.1875 0.525
vt 0.2125 0.725
vt 0.2125 0.525
vt 0.2125 0.725
vt 0.2375 0.725
vt 0.2375 0.525
vt 0.2125 0.525
vt 0.2375 0.725
vt 0.1375 0.525
vt 0.1375 0.725
vt 0.1625 0.725
vt 0.1625 0.525
vt 0.1375 0.525
vt 0.1625 0.725
vt 0.1625 0.525
vt 0.1625 0.725
vt 0.1875 0.725
vt 0.1875 0.525
vt 0.1625 0.525
vt 0.1875 0.725
vt 0.1875 0.525
vt 0.1875 0.725
vt 0.2125 0.525
vt 0.1875 0.725
vt 0.2125 0.725
vt 0.2125 0.525
vt 0.2125 0.525
vt 0.2125 0.725
vt 0.2375 0.525
vt 0.2125 0.725
vt 0.2375 0.725
vt 0.2375 0.525
vt 0.1375 0.525
vt 0.1375 0.725
vt 0.1625 0.525
vt 0.1375 0.725
vt 0.1625 0.725
vt 0.1625 0.525
vt 0.1625 0.525
vt 0.1625 0.725
vt 0.1875 0.525
vt 0.1625 0.725
vt 0.1875 0.725
vt 0.1875 0.525
vt 0.0625 0.525
vt 0.0625 0.725
vt 0.0875 0.725
vt 0.0875 0.525
vt 0.0625 0.525
vt 0.0875 0.725
vt 0.0875 0.525
vt 0.0875 0.725
vt 0.1125 0.725
vt 0.1125 0.525
vt 0.0875 0.525
vt 0.1125 0.725
vt 0.0125 0.525
vt 0.0125 0.725
vt 0.0375 0.725
vt 0.0375 0.525
vt 0.0125 0.525
vt 0.0375 0.725
vt 0.0375 0.525
vt 0.0375 0.725
vt 0.0625 0.725
vt 0.0625 0.525
vt 0.0375 0.525
vt 0.0625 0.725
vt 0.0625 0.525
vt 0.0625 0.725
vt 0.0875 0.525
vt 0.0625 0.725
vt 0.0875 0.725
vt 0.0875 0.525
vt 0.0875 0.525
vt 0.0875 0.725
vt 0.1125 0.525
vt 0.0875 0.725
vt 0.1125 0.725
vt 0.1125 0.525
vt 0.0125 0.525
vt 0.0125 0.725
vt 0.0375 0.525
vt 0.0125 0.725
vt 0.0375 0.725
vt 0.0375 0.525
vt 0.0375 0.525
vt 0.0375 0.725
vt 0.0625 0.525
vt 0.0375 0.725
vt 0.0625 0.725
vt 0.0625 0.525
vt 0.8875 0.775
vt 0.8875 0.975
vt 0.9875 0.975
vt 0.9875 0.775
vt 0.8875 0.775
vt 0.9875 0.975
vt 0.8875 0.775
vt 0.8875 0.975
vt 0.9875 0.975
vt 0.9875 0.775
vt 0.8875 0.775
vt 0.9875 0.975
vt 0.8875 0.775
vt 0.8875 0.975
vt 0.9875 0.975
vt 0.9875 0.775
vt 0.8875 0.775
vt 0.9875 0.975
vt 0.8875 0.775
vt 0.8875 0.975
vt 0.9875 0.975
vt 0.9875 0.775
vt 0.8875 0.775
vt 0.9875 0.975
vt 0.8875 0.775
vt 0.8875 0.975
vt 0.9875 0.775
vt 0.8875 0.975
vt 0.9875 0.975
vt 0.9875 0.775
vt 0.8875 0.775
vt 0.8875 0.975
vt 0.9875 0.775
vt 0.8875 0.975
vt 0.9875 0.975
vt 0.9875 0.775
vt 0.8875 0.775
vt 0.8875 0.975
vt 0.9875 0.775
vt 0.8875 0.975
vt 0.9875 0.975
vt 0.9875 0.775
vt 0.8875 0.775
vt 0.8875 0.975
vt 0.9875 0.775
vt 0.8875 0.975
vt 0.9875 0.975
vt 0.9875 0.775
vt 0.5125 0.775
vt 0.5125 0.975
vt 0.6125 0.975
vt 0.6125 0.775
vt 0.5125 0.775
vt 0.6125 0.975
vt 0.5125 0.775
vt 0.5125 0.975
vt 0.6125 0.975
vt 0.6125 0.775
vt 0.5125 0.775
vt 0.6125 0.975
vt 0.5125 0.775
vt 0.5125 0.975
vt 0.6125 0.975
vt 0.6125 0.775
vt 0.5125 0.775
vt 0.6125 0.975
vt 0.5125 0.775
vt 0.5125 0.975
vt 0.6125 0.975
vt 0.6125 0.775
vt 0.5125 0.775
vt 0.6125 0.975
vt 0.5125 0.775
vt 0.5125 0.975
vt 0.6125 0.775
vt 0.5125 0.975
vt 0.6125 0.975
vt 0.6125 0.775
vt 0.5125 0.775
vt 0.5125 0.975
vt 0.6125 0.775
vt 0.5125 0.975
vt 0.6125 0.975
vt 0.6125 0.775
vt 0.5125 0.775
vt 0.5125 0.975
vt 0.6125 0.775
vt 0.5125 0.975
vt 0.6125 0.975
vt 0.6125 0.775
vt 0.5125 0.775
vt 0.5125 0.975
vt 0.6125 0.775
vt 0.5125 0.975
vt 0.6125 0.975
vt 0.6125 0.775
vt 0.1375 0.525
vt 0.1375 0.725
vt 0.1875 0.725
vt 0.1875 0.525
vt 0.1375 0.525
vt 0.1875 0.725
vt 0.1875 0.525
vt 0.1875 0.725
vt 0.2375 0.725
vt 0.2375 0.525
vt 0.1875 0.525
vt 0.2375 0.725
vt 0.1375 0.525
vt 0.1375 0.725
vt 0.1875 0.725
vt 0.1875 0.525
vt 0.1375 0.525
vt 0.1875 0.725
vt 0.1875 0.525
vt 0.1875 0.725
vt 0.2375 0.725
vt 0.2375 0.525
vt 0.1875 0.525
vt 0.2375 0.725
vt 0.1375 0.525
vt 0.1375 0.725
vt 0.1875 0.525
vt 0.1375 0.725
vt 0.1875 0.725
vt 0.1875 0.525
vt 0.1875 0.525
vt 0.1875 0.725
vt 0.2375 0.525
vt 0.1875 0.725
vt 0.2375 0.725
vt 0.2375 0.525
vt 0.1375 0.525
vt 0.1375 0.725
vt 0.1875 0.525
vt 0.1375 0.725
vt 0.1875 0.725
vt 0.1875 0.525
vt 0.1875 0.525
vt 0.1875 0.725
vt 0.2375 0.525
vt 0.1875 0.725
vt 0.2375 0.725
vt 0.2375 0.525
vt 0.0625 0.525
vt 0.0625 0.725
vt 0.0875 0.725
vt 0.0875 0.525
vt 0.0625 0.525
vt 0.0875 0.725
vt 0.0875 0.525
vt 0.0875 0.725
vt 0.1125 0.725
vt 0.1125 0.525
vt 0.0875 0.525
vt 0.1125 0.725
vt 0.0125 0.525
vt 0.0125 0.725
vt 0.0375 0.725
vt 0.0375 0.525
vt 0.0125 0.525
vt 0.0375 0.725
vt 0.0375 0.525
vt 0.0375 0.725
vt 0.0625 0.725
vt 0.0625 0.525
vt 0.0375 0.525
vt 0.0625 0.725
vt 0.0625 0.525
vt 0.0625 0.725
vt 0.0875 0.525
vt 0.0625 0.725
vt 0.0875 0.725
vt 0.0875 0.525
vt 0.0875 0.525
vt 0.0875 0.725
vt 0.1125 0.525
vt 0.0875 0.725
vt 0.1125 0.725
vt 0.1125 0.525
vt 0.0125 0.525
vt 0.0125 0.725
vt 0.0375 0.525
vt 0.0125 0.725
vt 0.0375 0.725
vt 0.0375 0.525
vt 0.0375 0.525
vt 0.0375 0.725
vt 0.0625 0.525
vt 0.0375 0.725
vt 0.0625 0.725
vt 0.0625 0.525
vt 0.9375 0.775
vt 0.9375 0.975
vt 0.9625 0.975
vt 0.9625 0.775
vt 0.9375 0.775
vt 0.9625 0.975
vt 0.9625 0.775
vt 0.9625 0.975
vt 0.9875 0.975
vt 0.9875 0.775
vt 0.9625 0.775
vt 0.9875 0.975
vt 0.8875 0.775
vt 0.8875 0.975
vt 0.9125 0.975
vt 0.9125 0.775
vt 0.8875 0.775
vt 0.9125 0.975
vt 0.9125 0.775
vt 0.9125 0.975
vt 0.9375 0.975
vt 0.9375 0.775
vt 0.9125 0.775
vt 0.9375 0.975
vt 0.9375 0.775
vt 0.9375 0.975
vt 0.9625 0.775
vt 0.9375 0.975
vt 0.9625 0.975
vt 0.9625 0.775
vt 0.9625 0.775
vt 0.9625 0.975
vt 0.9875 0.775
vt 0.9625 0.975
vt 0.9875 0.975
vt 0.9875 0.775
vt 0.8875 0.775
vt 0.8875 0.975
vt 0.9125 0.775
vt 0.8875 0.975
vt 0.9125 0.975
vt 0.9125 0.775
vt 0.9125 0.775
vt 0.9125 0.975
vt 0.9375 0.775
vt 0.9125 0.975
vt 0.9375 0.975
vt 0.9375 0.775
vt 0.5625 0.775
vt 0.5625 0.975
vt 0.5875 0.975
vt 0.5875 0.775
vt 0.5625 0.775
vt 0.5875 0.975
vt 0.5875 0.775
vt 0.5875 0.975
vt 0.6125 0.975
vt 0.6125 0.775
vt 0.5875 0.775
vt 0.6125 0.975
vt 0.5125 0.775
vt 0.5125 0.975
vt 0.5375 0.975
vt 0.5375 0.775
vt 0.5125 0.775
vt 0.5375 0.975
vt 0.5375 0.775
vt 0.5375 0.975
vt 0.5625 0.975
vt 0.5625 0.775
vt 0.5375 0.775
vt 0.5625 0.975
vt 0.5625 0.775
vt 0.5625 0.975
vt 0.5875 0.775
vt 0.5625 0.975
vt 0.5875 0.975
vt 0.5875 0.775
vt 0.5875 0.775
vt 0.5875 0.975
vt 0.6125 0.775
vt 0.5875 0.975
vt 0.6125 0.975
vt 0.6125 0.775
vt 0.5125 0.775
vt 0.5125 0.975
vt 0.5375 0.775
vt 0.5125 0.975
vt 0.5375 0.975
vt 0.5375 0.775
vt 0.5375 0.775
vt 0.5375 0.975
vt 0.5625 0.775
vt 0.5375 0.975
vt 0.5625 0.975
vt 0.5625 0.775
vt 0.1375 0.525
vt 0.1375 0.725
vt 0.2375 0.725
vt 0.2375 0.525
vt 0.1375 0.525
vt 0.2375 0.725
vt 0.1375 0.525
vt 0.1375 0.725
vt 0.2375 0.725
vt 0.2375 0.525
vt 0.1375 0.525
vt 0.2375 0.725
vt 0.1375 0.525
vt 0.1375 0.725
vt 0.2375 0.725
vt 0.2375 0.525
vt 0.1375 0.525
vt 0.2375 0.725
vt 0.1375 0.525
vt 0.1375 0.725
vt 0.2375 0.725
vt 0.2375 0.525
vt 0.1375 0.525
vt 0.2375 0.725
vt 0.1375 0.525
vt 0.1375 0.725
vt 0.2375 0.525
vt 0.1375 0.725
vt 0.2375 0.725
vt 0.2375 0.525
vt 0.1375 0.525
vt 0.1375 0.725
vt 0.2375 0.525
vt 0.1375 0.725
vt 0.2375 0.725
vt 0.2375 0.525
vt 0.1375 0.525
vt 0.1375 0.725
vt 0.2375 0.525
vt 0.1375 0.725
vt 0.2375 0.725
vt 0.2375 0.525
vt 0.1375 0.525
vt 0.1375 0.725
vt 0.2375 0.525
vt 0.1375 0.725
vt 0.2375 0.725
vt 0.2375 0.525
vt 0.0125 0.525
vt 0.0125 0.725
vt 0.1125 0.725
vt 0.1125 0.525
vt 0.0125 0.525
vt 0.1125 0.725
vt 0.0125 0.525
vt 0.0125 0.725
vt 0.1125 0.725
vt 0.1125 0.525
vt 0.0125 0.525
vt 0.1125 0.725
vt 0.0125 0.525
vt 0.0125 0.725
vt 0.1125 0.725
vt 0.1125 0.525
vt 0.0125 0.525
vt 0.1125 0.725
vt 0.0125 0.525
vt 0.0125 0.725
vt 0.1125 0.725
vt 0.1125 0.525
vt 0.0125 0.525
vt 0.1125 0.725
vt 0.0125 0.525
vt 0.0125 0.725
vt 0.1125 0.525
vt 0.0125 0.725
vt 0.1125 0.725
vt 0.1125 0.525
vt 0.0125 0.525
vt 0.0125 0.725
vt 0.1125 0.525
vt 0.0125 0.725
vt 0.1125 0.725
vt 0.1125 0.525
vt 0.0125 0.525
vt 0.0125 0.725
vt 0.1125 0.525
vt 0.0125 0.725
vt 0.1125 0.725
vt 0.1125 0.525
vt 0.0125 0.525
vt 0.0125 0.725
vt 0.1125 0.525
vt 0.0125 0.725
vt 0.1125 0.725
vt 0.1125 0.525
vt 0.9375 0.775
vt 0.9375 0.975
vt 0.9625 0.975
vt 0.9625 0.775
vt 0.9375 0.775
vt 0.9625 0.975
vt 0.9625 0.775
vt 0.9625 0.975
vt 0.9875 0.975
vt 0.9875 0.775
vt 0.9625 0.775
vt 0.9875 0.975
vt 0.8875 0.775
vt 0.8875 0.975
vt 0.9125 0.975
vt 0.9125 0.775
vt 0.8875 0.775
vt 0.9125 0.975
vt 0.9125 0.775
vt 0.9125 0.975
vt 0.9375 0.975
vt 0.9375 0.775
vt 0.9125 0.775
vt 0.9375 0.975
vt 0.9375 0.775
vt 0.9375 0.975
vt 0.9625 0.775
vt 0.9375 0.975
vt 0.9625 0.975
vt 0.9625 0.775
vt 0.9625 0.775
vt 0.9625 0.975
vt 0.9875 0.775
vt 0.9625 0.975
vt 0.9875 0.975
vt 0.9875 0.775
vt 0.8875 0.775
vt 0.8875 0.975
vt 0.9125 0.775
vt 0.8875 0.975
vt 0.9125 0.975
vt 0.9125 0.775
vt 0.9125 0.775
vt 0.9125 0.975
vt 0.9375 0.775
vt 0.9125 0.975
vt 0.9375 0.975
vt 0.9375 0.775
vt 0.5625 0.775
vt 0.5625 0.975
vt 0.5875 0.975
vt 0.5875 0.775
vt 0.5625 0.775
vt 0.5875 0.975
vt 0.5875 0.775
vt 0.5875 0.975
vt 0.6125 0.975
vt 0.6125 0.775
vt 0.5875 0.775
vt 0.6125 0.975
vt 0.5125 0.775
vt 0.5125 0.975
vt 0.5375 0.975
vt 0.5375 0.775
vt 0.5125 0.775
vt 0.5375 0.975
vt 0.5375 0.775
vt 0.5375 0.975
vt 0.5625 0.975
vt 0.5625 0.775
vt 0.5375 0.775
vt 0.5625 0.975
vt 0.5625 0.775
vt 0.5625 0.975
vt 0.5875 0.775
vt 0.5625 0.975
vt 0.5875 0.975
vt 0.5875 0.775
vt 0.5875 0.775
vt 0.5875 0.975
vt 0.6125 0.775
vt 0.5875 0.975
vt 0.6125 0.975
vt 0.6125 0.775
vt 0.5125 0.775
vt 0.5125 0.975
vt 0.5375 0.775
vt 0.5125 0.975
vt 0.5375 0.975
vt 0.5375 0.775
vt 0.5375 0.775
vt 0.5375 0.975
vt 0.5625 0.775
vt 0.5375 0.975
vt 0.5625 0.975
vt 0.5625 0.775
vt 0.1875 0.275
vt 0.1875 0.475
vt 0.2125 0.475
vt 0.2125 0.275
vt 0.1875 0.275
vt 0.2125 0.475
vt 0.2125 0.275
vt 0.2125 0.475
vt 0.2375 0.475
vt 0.2375 0.275
vt 0.2125 0.275
vt 0.2375 0.475
vt 0.1375 0.275
vt 0.1375 0.475
vt 0.1625 0.475
vt 0.1625 0.275
vt 0.1375 0.275
vt 0.1625 0.475
vt 0.1625 0.275
vt 0.1625 0.475
vt 0.1875 0.475
vt 0.1875 0.275
vt 0.1625 0.275
vt 0.1875 0.475
vt 0.1875 0.275
vt 0.1875 0.475
vt 0.2125 0.275
vt 0.1875 0.475
vt 0.2125 0.475
vt 0.2125 0.275
vt 0.2125 0.275
vt 0.2125 0.475
vt 0.2375 0.275
vt 0.2125 0.475
vt 0.2375 0.475
vt 0.2375 0.275
vt 0.1375 0.275
vt 0.1375 0.475
vt 0.1625 0.275
vt 0.1375 0.475
vt 0.1625 0.475
vt 0.1625 0.275
vt 0.1625 0.275
vt 0.1625 0.475
vt 0.1875 0.275
vt 0.1625 0.475
vt 0.1875 0.475
vt 0.1875 0.275
vt 0.5625 0.775
vt 0.5625 0.975
vt 0.5875 0.975
vt 0.5875 0.775
vt 0.5625 0.775
vt 0.5875 0.975
vt 0.5875 0.775
vt 0.5875 0.975
vt 0.6125 0.975
vt 0.6125 0.775
vt 0.5875 0.775
vt 0.6125 0.975
vt 0.5125 0.775
vt 0.5125 0.975
vt 0.5375 0.975
vt 0.5375 0.775
vt 0.5125 0.775
vt 0.5375 0.975
vt 0.5375 0.775
vt 0.5375 0.975
vt 0.5625 0.975
vt 0.5625 0.775
vt 0.5375 0.775
vt 0.5625 0.975
vt 0.5625 0.775
vt 0.5625 0.975
vt 0.5875 0.775
vt 0.5625 0.975
vt 0.5875 0.975
vt 0.5875 0.775
vt 0.5875 0.775
vt 0.5875 0.975
vt 0.6125 0.775
vt 0.5875 0.975
vt 0.6125 0.975
vt 0.6125 0.775
vt 0.5125 0.775
vt 0.5125 0.975
vt 0.5375 0.775
vt 0.5125 0.975
vt 0.5375 0.975
vt 0.5375 0.775
vt 0.5375 0.775
vt 0.5375 0.975
vt 0.5625 0.775
vt 0.5375 0.975
vt 0.5625 0.975
vt 0.5625 0.775
vt 0.0625 0.275
vt 0.0625 0.475
vt 0.0875 0.475
vt 0.0875 0.275
vt 0.0625 0.275
vt 0.0875 0.475
vt 0.0875 0.275
vt 0.0875 0.475
vt 0.1125 0.475
vt 0.1125 0.275
vt 0.0875 0.275
vt 0.1125 0.475
vt 0.0125 0.275
vt 0.0125 0.475
vt 0.0375 0.475
vt 0.0375 0.275
vt 0.0125 0.275
vt 0.0375 0.475
vt 0.0375 0.275
vt 0.0375 0.475
vt 0.0625 0.475
vt 0.0625 0.275
vt 0.0375 0.275
vt 0.0625 0.475
vt 0.0625 0.275
vt 0.0625 0.475
vt 0.0875 0.275
vt 0.0625 0.475
vt 0.0875 0.475
vt 0.0875 0.275
vt 0.0875 0.275
vt 0.0875 0.475
vt 0.1125 0.275
vt 0.0875 0.475
vt 0.1125 0.475
vt 0.1125 0.275
vt 0.0125 0.275
vt 0.0125 0.475
vt 0.0375 0.275
vt 0.0125 0.475
vt 0.0375 0.475
vt 0.0375 0.275
vt 0.0375 0.275
vt 0.0375 0.475
vt 0.0625 0.275
vt 0.0375 0.475
vt 0.0625 0.475
vt 0.0625 0.275
vt 0.5625 0.775
vt 0.5625 0.975
vt 0.5875 0.975
vt 0.5875 0.775
vt 0.5625 0.775
vt 0.5875 0.975
vt 0.5875 0.775
vt 0.5875 0.975
vt 0.6125 0.975
vt 0.6125 0.775
vt 0.5875 0.775
vt 0.6125 0.975
vt 0.5125 0.775
vt 0.5125 0.975
vt 0.5375 0.975
vt 0.5375 0.775
vt 0.5125 0.775
vt 0.5375 0.975
vt 0.5375 0.775
vt 0.5375 0.975
vt 0.5625 0.975
vt 0.5625 0.775
vt 0.5375 0.775
vt 0.5625 0.975
vt 0.5625 0.775
vt 0.5625 0.975
vt 0.5875 0.775
vt 0.5625 0.975
vt 0.5875 0.975
vt 0.5875 0.775
vt 0.5875 0.775
vt 0.5875 0.975
vt 0.6125 0.775
vt 0.5875 0.975
vt 0.6125 0.975
vt 0.6125 0.775
vt 0.5125 0.775
vt 0.5125 0.975
vt 0.5375 0.775
vt 0.5125 0.975
vt 0.5375 0.975
vt 0.5375 0.775
vt 0.5375 0.775
vt 0.5375 0.975
vt 0.5625 0.775
vt 0.5375 0.975
vt 0.5625 0.975
vt 0.5625 0.775
vt 0.5625 0.775
vt 0.5625 0.975
vt 0.5875 0.975
vt 0.5875 0.775
vt 0.5625 0.775
vt 0.5875 0.975
vt 0.5875 0.775
vt 0.5875 0.975
vt 0.6125 0.975
vt 0.6125 0.775
vt 0.5875 0.775
vt 0.6125 0.975
vt 0.5125 0.775
vt 0.5125 0.975
vt 0.5375 0.975
vt 0.5375 0.775
vt 0.5125 0.775
vt 0.5375 0.975
vt 0.5375 0.775
vt 0.5375 0.975
vt 0.5625 0.975
vt 0.5625 0.775
vt 0.5375 0.775
vt 0.5625 0.975
vt 0.5625 0.775
vt 0.5625 0.975
vt 0.5875 0.775
vt 0.5625 0.975
vt 0.5875 0.975
vt 0.5875 0.775
vt 0.5875 0.775
vt 0.5875 0.975
vt 0.6125 0.775
vt 0.5875 0.975
vt 0.6125 0.975
vt 0.6125 0.775
vt 0.5125 0.775
vt 0.5125 0.975
vt 0.5375 0.775
vt 0.5125 0.975
vt 0.5375 0.975
vt 0.5375 0.775
vt 0.5375 0.775
vt 0.5375 0.975
vt 0.5625 0.775
vt 0.5375 0.975
vt 0.5625 0.975
vt 0.5625 0.775
vt 0.5625 0.775
vt 0.5625 0.975
vt 0.5875 0.975
vt 0.5875 0.775
vt 0.5625 0.775
vt 0.5875 0.975
vt 0.5875 0.775
vt 0.5875 0.975
vt 0.6125 0.975
vt 0.6125 0.775
vt 0.5875 0.775
vt 0.6125 0.975
vt 0.5125 0.775
vt 0.5125 0.975
vt 0.5375 0.975
vt 0.5375 0.775
vt 0.5125 0.775
vt 0.5375 0.975
vt 0.5375 0.775
vt 0.5375 0.975
vt 0.5625 0.975
vt 0.5625 0.775
vt 0.5375 0.775
vt 0.5625 0.975
vt 0.5625 0.775
vt 0.5625 0.975
vt 0.5875 0.775
vt 0.5625 0.975
vt 0.5875 0.975
vt 0.5875 0.775
vt 0.5875 0.775
vt 0.5875 0.975
vt 0.6125 0.775
vt 0.5875 0.975
vt 0.6125 0.975
vt 0.6125 0.775
vt 0.5125 0.775
vt 0.5125 0.975
vt 0.5375 0.775
vt 0.5125 0.975
vt 0.5375 0.975
vt 0.5375 0.775
vt 0.5375 0.775
vt 0.5375 0.975
vt 0.5625 0.775
vt 0.5375 0.975
vt 0.5625 0.975
vt 0.5625 0.775
vt 0.0125 0.525
vt 0.0125 0.725
vt 0.1125 0.725
vt 0.1125 0.525
vt 0.0125 0.525
vt 0.1125 0.725
vt 0.0125 0.525
vt 0.0125 0.725
vt 0.1125 0.725
vt 0.1125 0.525
vt 0.0125 0.525
vt 0.1125 0.725
vt 0.0125 0.525
vt 0.0125 0.725
vt 0.1125 0.725
vt 0.1125 0.525
vt 0.0125 0.525
vt 0.1125 0.725
vt 0.0125 0.525
vt 0.0125 0.725
vt 0.1125 0.725
vt 0.1125 0.525
vt 0.0125 0.525
vt 0.1125 0.725
vt 0.0125 0.525
vt 0.0125 0.725
vt 0.1125 0.525
vt 0.0125 0.725
vt 0.1125 0.725
vt 0.1125 0.525
vt 0.0125 0.525
vt 0.0125 0.725
vt 0.1125 0.525
vt 0.0125 0.725
vt 0.1125 0.725
vt 0.1125 0.525
vt 0.0125 0.525
vt 0.0125 0.725
vt 0.1125 0.525
vt 0.0125 0.725
vt 0.1125 0.725
vt 0.1125 0.525
vt 0.0125 0.525
vt 0.0125 0.725
vt 0.1125 0.525
vt 0.0125 0.725
vt 0.1125 0.725
vt 0.1125 0.525
vt 0.3875 0.775
vt 0.3875 0.975
vt 0.4875 0.975
vt 0.4875 0.775
vt 0.3875 0.775
vt 0.4875 0.975
vt 0.3875 0.775
vt 0.3875 0.975
vt 0.4875 0.975
vt 0.4875 0.775
vt 0.3875 0.775
vt 0.4875 0.975
vt 0.3875 0.775
vt 0.3875 0.975
vt 0.4875 0.975
vt 0.4875 0.775
vt 0.3875 0.775
vt 0.4875 0.975
vt 0.3875 0.775
vt 0.3875 0.975
vt 0.4875 0.975
vt 0.4875 0.775
vt 0.3875 0.775
vt 0.4875 0.975
vt 0.3875 0.775
vt 0.3875 0.975
vt 0.4875 0.775
vt 0.3875 0.975
vt 0.4875 0.975
vt 0.4875 0.775
vt 0.3875 0.775
vt 0.3875 0.975
vt 0.4875 0.775
vt 0.3875 0.975
vt 0.4875 0.975
vt 0.4875 0.775
vt 0.3875 0.775
vt 0.3875 0.975
vt 0.4875 0.775
vt 0.3875 0.975
vt 0.4875 0.975
vt 0.4875 0.775
vt 0.3875 0.775
vt 0.3875 0.975
vt 0.4875 0.775
vt 0.3875 0.975
vt 0.4875 0.975
vt 0.4875 0.775
vt 0.87625 0.025
vt 0.87625 0.225
vt 0.87625 0.225
vt 0.87625 0.025
vt 0.87625 0.025
vt 0.87625 0.225
vt 0.87625 0.025
vt 0.87625 0.225
vt 0.87625 0.225
vt 0.87625 0.025
vt 0.87625 0.025
vt 0.87625 0.225
vt 0.87625 0.025
vt 0.87625 0.225
vt 0.87625 0.225
vt 0.87625 0.025
vt 0.87625 0.025
vt 0.87625 0.225
vt 0.87625 0.025
vt 0.87625 0.225
vt 0.87625 0.225
vt 0.87625 0.025
vt 0.87625 0.025
vt 0.87625 0.225
vt 0.87625 0.025
vt 0.87625 0.225
vt 0.87625 0.025
vt 0.87625 0.225
vt 0.87625 0.225
vt 0.87625 0.025
vt 0.87625 0.025
vt 0.87625 0.225
vt 0.87625 0.025
vt 0.87625 0.225
vt 0.87625 0.225
vt 0.87625 0.025
vt 0.87625 0.025
vt 0.87625 0.225
vt 0.87625 0.025
vt 0.87625 0.225
vt 0.87625 0.225
vt 0.87625 0.025
vt 0.87625 0.025
vt 0.87625 0.225
vt 0.87625 0.025
vt 0.87625 0.225
vt 0.87625 0.225
vt 0.87625 0.025
vt 0.5125 0.775
vt 0.5125 0.975
vt 0.6125 0.975
vt 0.6125 0.775
vt 0.5125 0.775
vt 0.6125 0.975
vt 0.5125 0.775
vt 0.5125 0.975
vt 0.6125 0.975
vt 0.6125 0.775
vt 0.5125 0.775
vt 0.6125 0.975
vt 0.5125 0.775
vt 0.5125 0.975
vt 0.6125 0.975
vt 0.6125 0.775
vt 0.5125 0.775
vt 0.6125 0.975
vt 0.5125 0.775
vt 0.5125 0.975
vt 0.6125 0.975
vt 0.6125 0.775
vt 0.5125 0.775
vt 0.6125 0.975
vt 0.5125 0.775
vt 0.5125 0.975
vt 0.6125 0.775
vt 0.5125 0.975
vt 0.6125 0.975
vt 0.6125 0.775
vt 0.5125 0.775
vt 0.5125 0.975
vt 0.6125 0.775
vt 0.5125 0.975
vt 0.6125 0.975
vt 0.6125 0.775
vt 0.5125 0.775
vt 0.5125 0.975
vt 0.6125 0.775
vt 0.5125 0.975
vt 0.6125 0.975
vt 0.6125 0.775
vt 0.5125 0.775
vt 0.5125 0.975
vt 0.6125 0.775
vt 0.5125 0.975
vt 0.6125 0.975
vt 0.6125 0.775
vt 0.87625 0.025
vt 0.87625 0.225
vt 0.87625 0.225
vt 0.87625 0.025
vt 0.87625 0.025
vt 0.87625 0.225
vt 0.87625 0.025
vt 0.87625 0.225
vt 0.87625 0.225
vt 0.87625 0.025
vt 0.87625 0.025
vt 0.87625 0.225
vt 0.87625 0.025
vt 0.87625 0.225
vt 0.87625 0.225
vt 0.87625 0.025
vt 0.87625 0.025
vt 0.87625 0.225
vt 0.87625 0.025
vt 0.87625 0.225
vt 0.87625 0.225
vt 0.87625 0.025
vt 0.87625 0.025
vt 0.87625 0.225
vt 0.87625 0.025
vt 0.87625 0.225
vt 0.87625 0.025
vt 0.87625 0.225
vt 0.87625 0.225
vt 0.87625 0.025
vt 0.87625 0.025
vt 0.87625 0.225
vt 0.87625 0.025
vt 0.87625 0.225
vt 0.87625 0.225
vt 0.87625 0.025
vt 0.87625 0.025
vt 0.87625 0.225
vt 0.87625 0.025
vt 0.87625 0.225
vt 0.87625 0.225
vt 0.87625 0.025
vt 0.87625 0.025
vt 0.87625 0.225
vt 0.87625 0.025
vt 0.87625 0.225
vt 0.87625 0.225
vt 0.87625 0.025
vt 0.5125 0.525
vt 0.5125 0.725
vt 0.6125 0.725
vt 0.6125 0.525
vt 0.5125 0.525
vt 0.6125 0.725
vt 0.5125 0.525
vt 0.5125 0.725
vt 0.6125 0.725
vt 0.6125 0.525
vt 0.5125 0.525
vt 0.6125 0.725
vt 0.5125 0.525
vt 0.5125 0.725
vt 0.6125 0.725
vt 0.6125 0.525
vt 0.5125 0.525
vt 0.6125 0.725
vt 0.5125 0.525
vt 0.5125 0.725
vt 0.6125 0.725
vt 0.6125 0.525
vt 0.5125 0.525
vt 0.6125 0.725
vt 0.5125 0.525
vt 0.5125 0.725
vt 0.6125 0.525
vt 0.5125 0.725
vt 0.6125 0.725
vt 0.6125 0.525
vt 0.5125 0.525
vt 0.5125 0.725
vt 0.6125 0.525
vt 0.5125 0.725
vt 0.6125 0.725
vt 0.6125 0.525
vt 0.5125 0.525
vt 0.5125 0.725
vt 0.6125 0.525
vt 0.5125 0.725
vt 0.6125 0.725
vt 0.6125 0.525
vt 0.5125 0.525
vt 0.5125 0.725
vt 0.6125 0.525
vt 0.5125 0.725
vt 0.6125 0.725
vt 0.6125 0.525
vt 0.1375 0.275
vt 0.1375 0.475
vt 0.2375 0.475
vt 0.2375 0.275
vt 0.1375 0.275
vt 0.2375 0.475
vt 0.1375 0.275
vt 0.1375 0.475
vt 0.2375 0.475
vt 0.2375 0.275
vt 0.1375 0.275
vt 0.2375 0.475
vt 0.1375 0.275
vt 0.1375 0.475
vt 0.2375 0.475
vt 0.2375 0.275
vt 0.1375 0.275
vt 0.2375 0.475
vt 0.1375 0.275
vt 0.1375 0.475
vt 0.2375 0.475
vt 0.2375 0.275
vt 0.1375 0.275
vt 0.2375 0.475
vt 0.1375 0.275
vt 0.1375 0.475
vt 0.2375 0.275
vt 0.1375 0.475
vt 0.2375 0.475
vt 0.2375 0.275
vt 0.1375 0.275
vt 0.1375 0.475
vt 0.2375 0.275
vt 0.1375 0.475
vt 0.2375 0.475
vt 0.2375 0.275
vt 0.1375 0.275
vt 0.1375 0.475
vt 0.2375 0.275
vt 0.1375 0.475
vt 0.2375 0.475
vt 0.2375 0.275
vt 0.1375 0.275
vt 0.1375 0.475
vt 0.2375 0.275
vt 0.1375 0.475
vt 0.2375 0.475
vt 0.2375 0.275
vt 0.1875 0.275
vt 0.1875 0.475
vt 0.2125 0.475
vt 0.2125 0.275
vt 0.1875 0.275
vt 0.2125 0.475
vt 0.2125 0.275
vt 0.2125 0.475
vt 0.2375 0.475
vt 0.2375 0.275
vt 0.2125 0.275
vt 0.2375 0.475
vt 0.1375 0.275
vt 0.1375 0.475
vt 0.1625 0.475
vt 0.1625 0.275
vt 0.1375 0.275
vt 0.1625 0.475
vt 0.1625 0.275
vt 0.1625 0.475
vt 0.1875 0.475
vt 0.1875 0.275
vt 0.1625 0.275
vt 0.1875 0.475
vt 0.1875 0.275
vt 0.1875 0.475
vt 0.2125 0.275
vt 0.1875 0.475
vt 0.2125 0.475
vt 0.2125 0.275
vt 0.2125 0.275
vt 0.2125 0.475
vt 0.2375 0.275
vt 0.2125 0.475
vt 0.2375 0.475
vt 0.2375 0.275
vt 0.1375 0.275
vt 0.1375 0.475
vt 0.1625 0.275
vt 0.1375 0.475
vt 0.1625 0.475
vt 0.1625 0.275
vt 0.1625 0.275
vt 0.1625 0.475
vt 0.1875 0.275
vt 0.1625 0.475
vt 0.1875 0.475
vt 0.1875 0.275
vt 0.3125 0.775
vt 0.3125 0.975
vt 0.3375 0.975
vt 0.3375 0.775
vt 0.3125 0.775
vt 0.3375 0.975
vt 0.3375 0.775
vt 0.3375 0.975
vt 0.3625 0.975
vt 0.3625 0.775
vt 0.3375 0.775
vt 0.3625 0.975
vt 0.2625 0.775
vt 0.2625 0.975
vt 0.2875 0.975
vt 0.2875 0.775
vt 0.2625 0.775
vt 0.2875 0.975
vt 0.2875 0.775
vt 0.2875 0.975
vt 0.3125 0.975
vt 0.3125 0.775
vt 0.2875 0.775
vt 0.3125 0.975
vt 0.3125 0.775
vt 0.3125 0.975
vt 0.3375 0.775
vt 0.3125 0.975
vt 0.3375 0.975
vt 0.3375 0.775
vt 0.3375 0.775
vt 0.3375 0.975
vt 0.3625 0.775
vt 0.3375 0.975
vt 0.3625 0.975
vt 0.3625 0.775
vt 0.2625 0.775
vt 0.2625 0.975
vt 0.2875 0.775
vt 0.2625 0.975
vt 0.2875 0.975
vt 0.2875 0.775
vt 0.2875 0.775
vt 0.2875 0.975
vt 0.3125 0.775
vt 0.2875 0.975
vt 0.3125 0.975
vt 0.3125 0.775
vt 0.3125 0.525
vt 0.3125 0.725
vt 0.3375 0.725
vt 0.3375 0.525
vt 0.3125 0.525
vt 0.3375 0.725
vt 0.3375 0.525
vt 0.3375 0.725
vt 0.3625 0.725
vt 0.3625 0.525
vt 0.3375 0.525
vt 0.3625 0.725
vt 0.2625 0.525
vt 0.2625 0.725
vt 0.2875 0.725
vt 0.2875 0.525
vt 0.2625 0.525
vt 0.2875 0.725
vt 0.2875 0.525
vt 0.2875 0.725
vt 0.3125 0.725
vt 0.3125 0.525
vt 0.2875 0.525
vt 0.3125 0.725
vt 0.3125 0.525
vt 0.3125 0.725
vt 0.3375 0.525
vt 0.3125 0.725
vt 0.3375 0.725
vt 0.3375 0.525
vt 0.3375 0.525
vt 0.3375 0.725
vt 0.3625 0.525
vt 0.3375 0.725
vt 0.3625 0.725
vt 0.3625 0.525
vt 0.2625 0.525
vt 0.2625 0.725
vt 0.2875 0.525
vt 0.2625 0.725
vt 0.2875 0.725
vt 0.2875 0.525
vt 0.2875 0.525
vt 0.2875 0.725
vt 0.3125 0.525
vt 0.2875 0.725
vt 0.3125 0.725
vt 0.3125 0.525
vt 0.87625 0.025
vt 0.87625 0.225
vt 0.87625 0.225
vt 0.87625 0.025
vt 0.87625 0.025
vt 0.87625 0.225
vt 0.87625 0.025
vt 0.87625 0.225
vt 0.87625 0.225
vt 0.87625 0.025
vt 0.87625 0.025
vt 0.87625 0.225
vt 0.87625 0.025
vt 0.87625 0.225
vt 0.87625 0.225
vt 0.87625 0.025
vt 0.87625 0.025
vt 0.87625 0.225
vt 0.87625 0.025
vt 0.87625 0.225
vt 0.87625 0.225
vt 0.87625 0.025
vt 0.87625 0.025
vt 0.87625 0.225
vt 0.87625 0.025
vt 0.87625 0.225
vt 0.87625 0.025
vt 0.87625 0.225
vt 0.87625 0.225
vt 0.87625 0.025
vt 0.87625 0.025
vt 0.87625 0.225
vt 0.87625 0.025
vt 0.87625 0.225
vt 0.87625 0.225
vt 0.87625 0.025
vt 0.87625 0.025
vt 0.87625 0.225
vt 0.87625 0.025
vt 0.87625 0.225
vt 0.87625 0.225
vt 0.87625 0.025
vt 0.87625 0.025
vt 0.87625 0.225
vt 0.87625 0.025
vt 0.87625 0.225
vt 0.87625 0.225
vt 0.87625 0.025
vt 0.3875 0.775
vt 0.3875 0.975
vt 0.4875 0.975
vt 0.4875 0.775
vt 0.3875 0.775
vt 0.4875 0.975
vt 0.3875 0.775
vt 0.3875 0.975
vt 0.4875 0.975
vt 0.4875 0.775
vt 0.3875 0.775
vt 0.4875 0.975
vt 0.3875 0.775
vt 0.3875 0.975
vt 0.4875 0.975
vt 0.4875 0.775
vt 0.3875 0.775
vt 0.4875 0.975
vt 0.3875 0.775
vt 0.3875 0.975
vt 0.4875 0.975
vt 0.4875 0.775
vt 0.3875 0.775
vt 0.4875 0.975
vt 0.3875 0.775
vt 0.3875 0.975
vt 0.4875 0.775
vt 0.3875 0.975
vt 0.4875 0.975
vt 0.4875 0.775
vt 0.3875 0.775
vt 0.3875 0.975
vt 0.4875 0.775
vt 0.3875 0.975
vt 0.4875 0.975
vt 0.4875 0.775
vt 0.3875 0.775
vt 0.3875 0.975
vt 0.4875 0.775
vt 0.3875 0.975
vt 0.4875 0.975
vt 0.4875 0.775
vt 0.3875 0.775
vt 0.3875 0.975
vt 0.4875 0.775
vt 0.3875 0.975
vt 0.4875 0.975
vt 0.4875 0.775
vt 0.3125 0.775
vt 0.3125 0.975
vt 0.3375 0.975
vt 0.3375 0.775
vt 0.3125 0.775
vt 0.3375 0.975
vt 0.3375 0.775
vt 0.3375 0.975
vt 0.3625 0.975
vt 0.3625 0.775
vt 0.3375 0.775
vt 0.3625 0.975
vt 0.2625 0.775
vt 0.2625 0.975
vt 0.2875 0.975
vt 0.2875 0.775
vt 0.2625 0.775
vt 0.2875 0.975
vt 0.2875 0.775
vt 0.2875 0.975
vt 0.3125 0.975
vt 0.3125 0.775
vt 0.2875 0.775
vt 0.3125 0.975
vt 0.3125 0.775
vt 0.3125 0.975
vt 0.3375 0.775
vt 0.3125 0.975
vt 0.3375 0.975
vt 0.3375 0.775
vt 0.3375 0.775
vt 0.3375 0.975
vt 0.3625 0.775
vt 0.3375 0.975
vt 0.3625 0.975
vt 0.3625 0.775
vt 0.2625 0.775
vt 0.2625 0.975
vt 0.2875 0.775
vt 0.2625 0.975
vt 0.2875 0.975
vt 0.2875 0.775
vt 0.2875 0.775
vt 0.2875 0.975
vt 0.3125 0.775
vt 0.2875 0.975
vt 0.3125 0.975
vt 0.3125 0.775
vt 0.0625 0.525
vt 0.0625 0.725
vt 0.0875 0.725
vt 0.0875 0.525
vt 0.0625 0.525
vt 0.0875 0.725
vt 0.0875 0.525
vt 0.0875 0.725
vt 0.1125 0.725
vt 0.1125 0.525
vt 0.0875 0.525
vt 0.1125 0.725
vt 0.0125 0.525
vt 0.0125 0.725
vt 0.0375 0.725
vt 0.0375 0.525
vt 0.0125 0.525
vt 0.0375 0.725
vt 0.0375 0.525
vt 0.0375 0.725
vt 0.0625 0.725
vt 0.0625 0.525
vt 0.0375 0.525
vt 0.0625 0.725
vt 0.0625 0.525
vt 0.0625 0.725
vt 0.0875 0.525
vt 0.0625 0.725
vt 0.0875 0.725
vt 0.0875 0.525
vt 0.0875 0.525
vt 0.0875 0.725
vt 0.1125 0.525
vt 0.0875 0.725
vt 0.1125 0.725
vt 0.1125 0.525
vt 0.0125 0.525
vt 0.0125 0.725
vt 0.0375 0.525
vt 0.0125 0.725
vt 0.0375 0.725
vt 0.0375 0.525
vt 0.0375 0.525
vt 0.0375 0.725
vt 0.0625 0.525
vt 0.0375 0.725
vt 0.0625 0.725
vt 0.0625 0.525
vt 0.4375 0.775
vt 0.4375 0.975
vt 0.4625 0.975
vt 0.4625 0.775
vt 0.4375 0.775
vt 0.4625 0.975
vt 0.4625 0.775
vt 0.4625 0.975
vt 0.4875 0.975
vt 0.4875 0.775
vt 0.4625 0.775
vt 0.4875 0.975
vt 0.3875 0.775
vt 0.3875 0.975
vt 0.4125 0.975
vt 0.4125 0.775
vt 0.3875 0.775
vt 0.4125 0.975
vt 0.4125 0.775
vt 0.4125 0.975
vt 0.4375 0.975
vt 0.4375 0.775
vt 0.4125 0.775
vt 0.4375 0.975
vt 0.4375 0.775
vt 0.4375 0.975
vt 0.4625 0.775
vt 0.4375 0.975
vt 0.4625 0.975
vt 0.4625 0.775
vt 0.4625 0.775
vt 0.4625 0.975
vt 0.4875 0.775
vt 0.4625 0.975
vt 0.4875 0.975
vt 0.4875 0.775
vt 0.3875 0.775
vt 0.3875 0.975
vt 0.4125 0.775
vt 0.3875 0.975
vt 0.4125 0.975
vt 0.4125 0.775
vt 0.4125 0.775
vt 0.4125 0.975
vt 0.4375 0.775
vt 0.4125 0.975
vt 0.4375 0.975
vt 0.4375 0.775
vt 0.87625 0.025
vt 0.87625 0.225
vt 0.87625 0.225
vt 0.87625 0.025
vt 0.87625 0.025
vt 0.87625 0.225
vt 0.87625 0.025
vt 0.87625 0.225
vt 0.87625 0.225
vt 0.87625 0.025
vt 0.87625 0.025
vt 0.87625 0.225
vt 0.87625 0.025
vt 0.87625 0.225
vt 0.87625 0.225
vt 0.87625 0.025
vt 0.87625 0.025
vt 0.87625 0.225
vt 0.87625 0.025
vt 0.87625 0.225
vt 0.87625 0.225
vt 0.87625 0.025
vt 0.87625 0.025
vt 0.87625 0.225
vt 0.87625 0.025
vt 0.87625 0.225
vt 0.87625 0.025
vt 0.87625 0.225
vt 0.87625 0.225
vt 0.87625 0.025
vt 0.87625 0.025
vt 0.87625 0.225
vt 0.87625 0.025
vt 0.87625 0.225
vt 0.87625 0.225
vt 0.87625 0.025
vt 0.87625 0.025
vt 0.87625 0.225
vt 0.87625 0.025
vt 0.87625 0.225
vt 0.87625 0.225
vt 0.87625 0.025
vt 0.87625 0.025
vt 0.87625 0.225
vt 0.87625 0.025
vt 0.87625 0.225
vt 0.87625 0.225
vt 0.87625 0.025
vt 0.5625 0.775
vt 0.5625 0.975
vt 0.5875 0.975
vt 0.5875 0.775
vt 0.5625 0.775
vt 0.5875 0.975
vt 0.5875 0.775
vt 0.5875 0.975
vt 0.6125 0.975
vt 0.6125 0.775
vt 0.5875 0.775
vt 0.6125 0.975
vt 0.5125 0.775
vt 0.5125 0.975
vt 0.5375 0.975
vt 0.5375 0.775
vt 0.5125 0.775
vt 0.5375 0.975
vt 0.5375 0.775
vt 0.5375 0.975
vt 0.5625 0.975
vt 0.5625 0.775
vt 0.5375 0.775
vt 0.5625 0.975
vt 0.5625 0.775
vt 0.5625 0.975
vt 0.5875 0.775
vt 0.5625 0.975
vt 0.5875 0.975
vt 0.5875 0.775
vt 0.5875 0.775
vt 0.5875 0.975
vt 0.6125 0.775
vt 0.5875 0.975
vt 0.6125 0.975
vt 0.6125 0.775
vt 0.5125 0.775
vt 0.5125 0.975
vt 0.5375 0.775
vt 0.5125 0.975
vt 0.5375 0.975
vt 0.5375 0.775
vt 0.5375 0.775
vt 0.5375 0.975
vt 0.5625 0.775
vt 0.5375 0.975
vt 0.5625 0.975
vt 0.5625 0.775
vt 0.87625 0.025
vt 0.87625 0.225
vt 0.87625 0.225
vt 0.87625 0.025
vt 0.87625 0.025
vt 0.87625 0.225
vt 0.87625 0.025
vt 0.87625 0.225
vt 0.87625 0.225
vt 0.87625 0.025
vt 0.87625 0.025
vt 0.87625 0.225
vt 0.87625 0.025
vt 0.87625 0.225
vt 0.87625 0.225
vt 0.87625 0.025
vt 0.87625 0.025
vt 0.87625 0.225
vt 0.87625 0.025
vt 0.87625 0.225
vt 0.87625 0.225
vt 0.87625 0.025
vt 0.87625 0.025
vt 0.87625 0.225
vt 0.87625 0.025
vt 0.87625 0.225
vt 0.87625 0.025
vt 0.87625 0.225
vt 0.87625 0.225
vt 0.87625 0.025
vt 0.87625 0.025
vt 0.87625 0.225
vt 0.87625 0.025
vt 0.87625 0.225
vt 0.87625 0.225
vt 0.87625 0.025
vt 0.87625 0.025
vt 0.87625 0.225
vt 0.87625 0.025
vt 0.87625 0.225
vt 0.87625 0.225
vt 0.87625 0.025
vt 0.87625 0.025
vt 0.87625 0.225
vt 0.87625 0.025
vt 0.87625 0.225
vt 0.87625 0.225
vt 0.87625 0.025
vt 0.5625 0.525
vt 0.5625 0.725
vt 0.5875 0.725
vt 0.5875 0.525
vt 0.5625 0.525
vt 0.5875 0.725
vt 0.5875 0.525
vt 0.5875 0.725
vt 0.6125 0.725
vt 0.6125 0.525
vt 0.5875 0.525
vt 0.6125 0.725
vt 0.5125 0.525
vt 0.5125 0.725
vt 0.5375 0.725
vt 0.5375 0.525
vt 0.5125 0.525
vt 0.5375 0.725
vt 0.5375 0.525
vt 0.5375 0.725
vt 0.5625 0.725
vt 0.5625 0.525
vt 0.5375 0.525
vt 0.5625 0.725
vt 0.5625 0.525
vt 0.5625 0.725
vt 0.5875 0.525
vt 0.5625 0.725
vt 0.5875 0.725
vt 0.5875 0.525
vt 0.5875 0.525
vt 0.5875 0.725
vt 0.6125 0.525
vt 0.5875 0.725
vt 0.6125 0.725
vt 0.6125 0.525
vt 0.5125 0.525
vt 0.5125 0.725
vt 0.5375 0.525
vt 0.5125 0.725
vt 0.5375 0.725
vt 0.5375 0.525
vt 0.5375 0.525
vt 0.5375 0.725
vt 0.5625 0.525
vt 0.5375 0.725
vt 0.5625 0.725
vt 0.5625 0.525
vt 0.1875 0.275
vt 0.1875 0.475
vt 0.2125 0.475
vt 0.2125 0.275
vt 0.1875 0.275
vt 0.2125 0.475
vt 0.2125 0.275
vt 0.2125 0.475
vt 0.2375 0.475
vt 0.2375 0.275
vt 0.2125 0.275
vt 0.2375 0.475
vt 0.1375 0.275
vt 0.1375 0.475
vt 0.1625 0.475
vt 0.1625 0.275
vt 0.1375 0.275
vt 0.1625 0.475
vt 0.1625 0.275
vt 0.1625 0.475
vt 0.1875 0.475
vt 0.1875 0.275
vt 0.1625 0.275
vt 0.1875 0.475
vt 0.1875 0.275
vt 0.1875 0.475
vt 0.2125 0.275
vt 0.1875 0.475
vt 0.2125 0.475
vt 0.2125 0.275
vt 0.2125 0.275
vt 0.2125 0.475
vt 0.2375 0.275
vt 0.2125 0.475
vt 0.2375 0.475
vt 0.2375 0.275
vt 0.1375 0.275
vt 0.1375 0.475
vt 0.1625 0.275
vt 0.1375 0.475
vt 0.1625 0.475
vt 0.1625 0.275
vt 0.1625 0.275
vt 0.1625 0.475
vt 0.1875 0.275
vt 0.1625 0.475
vt 0.1875 0.475
vt 0.1875 0.275
vt 0.1375 0.275
vt 0.1375 0.475
vt 0.2375 0.475
vt 0.2375 0.275
vt 0.1375 0.275
vt 0.2375 0.475
vt 0.1375 0.275
vt 0.1375 0.475
vt 0.2375 0.475
vt 0.2375 0.275
vt 0.1375 0.275
vt 0.2375 0.475
vt 0.1375 0.275
vt 0.1375 0.475
vt 0.2375 0.475
vt 0.2375 0.275
vt 0.1375 0.275
vt 0.2375 0.475
vt 0.1375 0.275
vt 0.1375 0.475
vt 0.2375 0.475
vt 0.2375 0.275
vt 0.1375 0.275
vt 0.2375 0.475
vt 0.1375 0.275
vt 0.1375 0.475
vt 0.2375 0.275
vt 0.1375 0.475
vt 0.2375 0.475
vt 0.2375 0.275
vt 0.1375 0.275
vt 0.1375 0.475
vt 0.2375 0.275
vt 0.1375 0.475
vt 0.2375 0.475
vt 0.2375 0.275
vt 0.1375 0.275
vt 0.1375 0.475
vt 0.2375 0.275
vt 0.1375 0.475
vt 0.2375 0.475
vt 0.2375 0.275
vt 0.1375 0.275
vt 0.1375 0.475
vt 0.2375 0.275
vt 0.1375 0.475
vt 0.2375 0.475
vt 0.2375 0.275
vt 0.2625 0.775
vt 0.2625 0.975
vt 0.3125 0.975
vt 0.3125 0.775
vt 0.2625 0.775
vt 0.3125 0.975
vt 0.3125 0.775
vt 0.3125 0.975
vt 0.3625 0.975
vt 0.3625 0.775
vt 0.3125 0.775
vt 0.3625 0.975
vt 0.2625 0.775
vt 0.2625 0.975
vt 0.3125 0.975
vt 0.3125 0.775
vt 0.2625 0.775
vt 0.3125 0.975
vt 0.3125 0.775
vt 0.3125 0.975
vt 0.3625 0.975
vt 0.3625 0.775
vt 0.3125 0.775
vt 0.3625 0.975
vt 0.2625 0.775
vt 0.2625 0.975
vt 0.3125 0.775
vt 0.2625 0.975
vt 0.3125 0.975
vt 0.3125 0.775
vt 0.3125 0.775
vt 0.3125 0.975
vt 0.3625 0.775
vt 0.3125 0.975
vt 0.3625 0.975
vt 0.3625 0.775
vt 0.2625 0.775
vt 0.2625 0.975
vt 0.3125 0.775
vt 0.2625 0.975
vt 0.3125 0.975
vt 0.3125 0.775
vt 0.3125 0.775
vt 0.3125 0.975
vt 0.3625 0.775
vt 0.3125 0.975
vt 0.3625 0.975
vt 0.3625 0.775
vt 0.2625 0.525
vt 0.2625 0.725
vt 0.3125 0.725
vt 0.3125 0.525
vt 0.2625 0.525
vt 0.3125 0.725
vt 0.3125 0.525
vt 0.3125 0.725
vt 0.3625 0.725
vt 0.3625 0.525
vt 0.3125 0.525
vt 0.3625 0.725
vt 0.2625 0.525
vt 0.2625 0.725
vt 0.3125 0.725
vt 0.3125 0.525
vt 0.2625 0.525
vt 0.3125 0.725
vt 0.3125 0.525
vt 0.3125 0.725
vt 0.3625 0.725
vt 0.3625 0.525
vt 0.3125 0.525
vt 0.3625 0.725
vt 0.2625 0.525
vt 0.2625 0.725
vt 0.3125 0.525
vt 0.2625 0.725
vt 0.3125 0.725
vt 0.3125 0.525
vt 0.3125 0.525
vt 0.3125 0.725
vt 0.3625 0.525
vt 0.3125 0.725
vt 0.3625 0.725
vt 0.3625 0.525
vt 0.2625 0.525
vt 0.2625 0.725
vt 0.3125 0.525
vt 0.2625 0.725
vt 0.3125 0.725
vt 0.3125 0.525
vt 0.3125 0.525
vt 0.3125 0.725
vt 0.3625 0.525
vt 0.3125 0.725
vt 0.3625 0.725
vt 0.3625 0.525
vt 0.87625 0.025
vt 0.87625 0.225
vt 0.87625 0.225
vt 0.87625 0.025
vt 0.87625 0.025
vt 0.87625 0.225
vt 0.87625 0.025
vt 0.87625 0.225
vt 0.87625 0.225
vt 0.87625 0.025
vt 0.87625 0.025
vt 0.87625 0.225
vt 0.87625 0.025
vt 0.87625 0.225
vt 0.87625 0.225
vt 0.87625 0.025
vt 0.87625 0.025
vt 0.87625 0.225
vt 0.87625 0.025
vt 0.87625 0.225
vt 0.87625 0.225
vt 0.87625 0.025
vt 0.87625 0.025
vt 0.87625 0.225
vt 0.87625 0.025
vt 0.87625 0.225
vt 0.87625 0.025
vt 0.87625 0.225
vt 0.87625 0.225
vt 0.87625 0.025
vt 0.87625 0.025
vt 0.87625 0.225
vt 0.87625 0.025
vt 0.87625 0.225
vt 0.87625 0.225
vt 0.87625 0.025
vt 0.87625 0.025
vt 0.87625 0.225
vt 0.87625 0.025
vt 0.87625 0.225
vt 0.87625 0.225
vt 0.87625 0.025
vt 0.87625 0.025
vt 0.87625 0.225
vt 0.87625 0.025
vt 0.87625 0.225
vt 0.87625 0.225
vt 0.87625 0.025
vt 0.4375 0.775
vt 0.4375 0.975
vt 0.4625 0.975
vt 0.4625 0.775
vt 0.4375 0.775
vt 0.4625 0.975
vt 0.4625 0.775
vt 0.4625 0.975
vt 0.4875 0.975
vt 0.4875 0.775
vt 0.4625 0.775
vt 0.4875 0.975
vt 0.3875 0.775
vt 0.3875 0.975
vt 0.4125 0.975
vt 0.4125 0.775
vt 0.3875 0.775
vt 0.4125 0.975
vt 0.4125 0.775
vt 0.4125 0.975
vt 0.4375 0.975
vt 0.4375 0.775
vt 0.4125 0.775
vt 0.4375 0.975
vt 0.4375 0.775
vt 0.4375 0.975
vt 0.4625 0.775
vt 0.4375 0.975
vt 0.4625 0.975
vt 0.4625 0.775
vt 0.4625 0.775
vt 0.4625 0.975
vt 0.4875 0.775
vt 0.4625 0.975
vt 0.4875 0.975
vt 0.4875 0.775
vt 0.3875 0.775
vt 0.3875 0.975
vt 0.4125 0.775
vt 0.3875 0.975
vt 0.4125 0.975
vt 0.4125 0.775
vt 0.4125 0.775
vt 0.4125 0.975
vt 0.4375 0.775
vt 0.4125 0.975
vt 0.4375 0.975
vt 0.4375 0.775
vt 0.3125 0.775
vt 0.3125 0.975
vt 0.3375 0.975
vt 0.3375 0.775
vt 0.3125 0.775
vt 0.3375 0.975
vt 0.3375 0.775
vt 0.3375 0.975
vt 0.3625 0.975
vt 0.3625 0.775
vt 0.3375 0.775
vt 0.3625 0.975
vt 0.2625 0.775
vt 0.2625 0.975
vt 0.2875 0.975
vt 0.2875 0.775
vt 0.2625 0.775
vt 0.2875 0.975
vt 0.2875 0.775
vt 0.2875 0.975
vt 0.3125 0.975
vt 0.3125 0.775
vt 0.2875 0.775
vt 0.3125 0.975
vt 0.3125 0.775
vt 0.3125 0.975
vt 0.3375 0.775
vt 0.3125 0.975
vt 0.3375 0.975
vt 0.3375 0.775
vt 0.3375 0.775
vt 0.3375 0.975
vt 0.3625 0.775
vt 0.3375 0.975
vt 0.3625 0.975
vt 0.3625 0.775
vt 0.2625 0.775
vt 0.2625 0.975
vt 0.2875 0.775
vt 0.2625 0.975
vt 0.2875 0.975
vt 0.2875 0.775
vt 0.2875 0.775
vt 0.2875 0.975
vt 0.3125 0.775
vt 0.2875 0.975
vt 0.3125 0.975
vt 0.3125 0.775
vt 0.0625 0.525
vt 0.0625 0.725
vt 0.0875 0.725
vt 0.0875 0.525
vt 0.0625 0.525
vt 0.0875 0.725
vt 0.0875 0.525
vt 0.0875 0.725
vt 0.1125 0.725
vt 0.1125 0.525
vt 0.0875 0.525
vt 0.1125 0.725
vt 0.0125 0.525
vt 0.0125 0.725
vt 0.0375 0.725
vt 0.0375 0.525
vt 0.0125 0.525
vt 0.0375 0.725
vt 0.0375 0.525
vt 0.0375 0.725
vt 0.0625 0.725
vt 0.0625 0.525
vt 0.0375 0.525
vt 0.0625 0.725
vt 0.0625 0.525
vt 0.0625 0.725
vt 0.0875 0.525
vt 0.0625 0.725
vt 0.0875 0.725
vt 0.0875 0.525
vt 0.0875 0.525
vt 0.0875 0.725
vt 0.1125 0.525
vt 0.0875 0.725
vt 0.1125 0.725
vt 0.1125 0.525
vt 0.0125 0.525
vt 0.0125 0.725
vt 0.0375 0.525
vt 0.0125 0.725
vt 0.0375 0.725
vt 0.0375 0.525
vt 0.0375 0.525
vt 0.0375 0.725
vt 0.0625 0.525
vt 0.0375 0.725
vt 0.0625 0.725
vt 0.0625 0.525
vt 0.4375 0.775
vt 0.4375 0.975
vt 0.4625 0.975
vt 0.4625 0.775
vt 0.4375 0.775
vt 0.4625 0.975
vt 0.4625 0.775
vt 0.4625 0.975
vt 0.4875 0.975
vt 0.4875 0.775
vt 0.4625 0.775
vt 0.4875 0.975
vt 0.3875 0.775
vt 0.3875 0.975
vt 0.4125 0.975
vt 0.4125 0.775
vt 0.3875 0.775
vt 0.4125 0.975
vt 0.4125 0.775
vt 0.4125 0.975
vt 0.4375 0.975
vt 0.4375 0.775
vt 0.4125 0.775
vt 0.4375 0.975
vt 0.4375 0.775
vt 0.4375 0.975
vt 0.4625 0.775
vt 0.4375 0.975
vt 0.4625 0.975
vt 0.4625 0.775
vt 0.4625 0.775
vt 0.4625 0.975
vt 0.4875 0.775
vt 0.4625 0.975
vt 0.4875 0.975
vt 0.4875 0.775
vt 0.3875 0.775
vt 0.3875 0.975
vt 0.4125 0.775
vt 0.3875 0.975
vt 0.4125 0.975
vt 0.4125 0.775
vt 0.4125 0.775
vt 0.4125 0.975
vt 0.4375 0.775
vt 0.4125 0.975
vt 0.4375 0.975
vt 0.4375 0.775
vt 0.87625 0.025
vt 0.87625 0.225
vt 0.87625 0.225
vt 0.87625 0.025
vt 0.87625 0.025
vt 0.87625 0.225
vt 0.87625 0.025
vt 0.87625 0.225
vt 0.87625 0.225
vt 0.87625 0.025
vt 0.87625 0.025
vt 0.87625 0.225
vt 0.87625 0.025
vt 0.87625 0.225
vt 0.87625 0.225
vt 0.87625 0.025
vt 0.87625 0.025
vt 0.87625 0.225
vt 0.87625 0.025
vt 0.87625 0.225
vt 0.87625 0.225
vt 0.87625 0.025
vt 0.87625 0.025
vt 0.87625 0.225
vt 0.87625 0.025
vt 0.87625 0.225
vt 0.87625 0.025
vt 0.87625 0.225
vt 0.87625 0.225
vt 0.87625 0.025
vt 0.87625 0.025
vt 0.87625 0.225
vt 0.87625 0.025
vt 0.87625 0.225
vt 0.87625 0.225
vt 0.87625 0.025
vt 0.87625 0.025
vt 0.87625 0.225
vt 0.87625 0.025
vt 0.87625 0.225
vt 0.87625 0.225
vt 0.87625 0.025
vt 0.87625 0.025
vt 0.87625 0.225
vt 0.87625 0.025
vt 0.87625 0.225
vt 0.87625 0.225
vt 0.87625 0.025
vt 0.5625 0.775
vt 0.5625 0.975
vt 0.5875 0.975
vt 0.5875 0.775
vt 0.5625 0.775
vt 0.5875 0.975
vt 0.5875 0.775
vt 0.5875 0.975
vt 0.6125 0.975
vt 0.6125 0.775
vt 0.5875 0.775
vt 0.6125 0.975
vt 0.5125 0.775
vt 0.5125 0.975
vt 0.5375 0.975
vt 0.5375 0.775
vt 0.5125 0.775
vt 0.5375 0.975
vt 0.5375 0.775
vt 0.5375 0.975
vt 0.5625 0.975
vt 0.5625 0.775
vt 0.5375 0.775
vt 0.5625 0.975
vt 0.5625 0.775
vt 0.5625 0.975
vt 0.5875 0.775
vt 0.5625 0.975
vt 0.5875 0.975
vt 0.5875 0.775
vt 0.5875 0.775
vt 0.5875 0.975
vt 0.6125 0.775
vt 0.5875 0.975
vt 0.6125 0.975
vt 0.6125 0.775
vt 0.5125 0.775
vt 0.5125 0.975
vt 0.5375 0.775
vt 0.5125 0.975
vt 0.5375 0.975
vt 0.5375 0.775
vt 0.5375 0.775
vt 0.5375 0.975
vt 0.5625 0.775
vt 0.5375 0.975
vt 0.5625 0.975
vt 0.5625 0.775
vt 0.87625 0.025
vt 0.87625 0.225
vt 0.87625 0.225
vt 0.87625 0.025
vt 0.87625 0.025
vt 0.87625 0.225
vt 0.87625 0.025
vt 0.87625 0.225
vt 0.87625 0.225
vt 0.87625 0.025
vt 0.87625 0.025
vt 0.87625 0.225
vt 0.87625 0.025
vt 0.87625 0.225
vt 0.87625 0.225
vt 0.87625 0.025
vt 0.87625 0.025
vt 0.87625 0.225
vt 0.87625 0.025
vt 0.87625 0.225
vt 0.87625 0.225
vt 0.87625 0.025
vt 0.87625 0.025
vt 0.87625 0.225
vt 0.87625 0.025
vt 0.87625 0.225
vt 0.87625 0.025
vt 0.87625 0.225
vt 0.87625 0.225
vt 0.87625 0.025
vt 0.87625 0.025
vt 0.87625 0.225
vt 0.87625 0.025
vt 0.87625 0.225
vt 0.87625 0.225
vt 0.87625 0.025
vt 0.87625 0.025
vt 0.87625 0.225
vt 0.87625 0.025
vt 0.87625 0.225
vt 0.87625 0.225
vt 0.87625 0.025
vt 0.87625 0.025
vt 0.87625 0.225
vt 0.87625 0.025
vt 0.87625 0.225
vt 0.87625 0.225
vt 0.87625 0.025
vt 0.5625 0.525
vt 0.5625 0.725
vt 0.5875 0.725
vt 0.5875 0.525
vt 0.5625 0.525
vt 0.5875 0.725
vt 0.5875 0.525
vt 0.5875 0.725
vt 0.6125 0.725
vt 0.6125 0.525
vt 0.5875 0.525
vt 0.6125 0.725
vt 0.5125 0.525
vt 0.5125 0.725
vt 0.5375 0.725
vt 0.5375 0.525
vt 0.5125 0.525
vt 0.5375 0.725
vt 0.5375 0.525
vt 0.5375 0.725
vt 0.5625 0.725
vt 0.5625 0.525
vt 0.5375 0.525
vt 0.5625 0.725
vt 0.5625 0.525
vt 0.5625 0.725
vt 0.5875 0.525
vt 0.5625 0.725
vt 0.5875 0.725
vt 0.5875 0.525
vt 0.5875 0.525
vt 0.5875 0.725
vt 0.6125 0.525
vt 0.5875 0.725
vt 0.6125 0.725
vt 0.6125 0.525
vt 0.5125 0.525
vt 0.5125 0.725
vt 0.5375 0.525
vt 0.5125 0.725
vt 0.5375 0.725
vt 0.5375 0.525
vt 0.5375 0.525
vt 0.5375 0.725
vt 0.5625 0.525
vt 0.5375 0.725
vt 0.5625 0.725
vt 0.5625 0.525
vt 0.1875 0.275
vt 0.1875 0.475
vt 0.2125 0.475
vt 0.2125 0.275
vt 0.1875 0.275
vt 0.2125 0.475
vt 0.2125 0.275
vt 0.2125 0.475
vt 0.2375 0.475
vt 0.2375 0.275
vt 0.2125 0.275
vt 0.2375 0.475
vt 0.1375 0.275
vt 0.1375 0.475
vt 0.1625 0.475
vt 0.1625 0.275
vt 0.1375 0.275
vt 0.1625 0.475
vt 0.1625 0.275
vt 0.1625 0.475
vt 0.1875 0.475
vt 0.1875 0.275
vt 0.1625 0.275
vt 0.1875 0.475
vt 0.1875 0.275
vt 0.1875 0.475
vt 0.2125 0.275
vt 0.1875 0.475
vt 0.2125 0.475
vt 0.2125 0.275
vt 0.2125 0.275
vt 0.2125 0.475
vt 0.2375 0.275
vt 0.2125 0.475
vt 0.2375 0.475
vt 0.2375 0.275
vt 0.1375 0.275
vt 0.1375 0.475
vt 0.1625 0.275
vt 0.1375 0.475
vt 0.1625 0.475
vt 0.1625 0.275
vt 0.1625 0.275
vt 0.1625 0.475
vt 0.1875 0.275
vt 0.1625 0.475
vt 0.1875 0.475
vt 0.1875 0.275
vt 0.5125 0.775
vt 0.5125 0.975
vt 0.6125 0.975
vt 0.6125 0.775
vt 0.5125 0.775
vt 0.6125 0.975
vt 0.5125 0.775
vt 0.5125 0.975
vt 0.6125 0.975
vt 0.6125 0.775
vt 0.5125 0.775
vt 0.6125 0.975
vt 0.5125 0.775
vt 0.5125 0.975
vt 0.6125 0.975
vt 0.6125 0.775
vt 0.5125 0.775
vt 0.6125 0.975
vt 0.5125 0.775
vt 0.5125 0.975
vt 0.6125 0.975
vt 0.6125 0.775
vt 0.5125 0.775
vt 0.6125 0.975
vt 0.5125 0.775
vt 0.5125 0.975
vt 0.6125 0.775
vt 0.5125 0.975
vt 0.6125 0.975
vt 0.6125 0.775
vt 0.5125 0.775
vt 0.5125 0.975
vt 0.6125 0.775
vt 0.5125 0.975
vt 0.6125 0.975
vt 0.6125 0.775
vt 0.5125 0.775
vt 0.5125 0.975
vt 0.6125 0.775
vt 0.5125 0.975
vt 0.6125 0.975
vt 0.6125 0.775
vt 0.5125 0.775
vt 0.5125 0.975
vt 0.6125 0.775
vt 0.5125 0.975
vt 0.6125 0.975
vt 0.6125 0.775
vt 0.3875 0.775
vt 0.3875 0.975
vt 0.4375 0.975
vt 0.4375 0.775
vt 0.3875 0.775
vt 0.4375 0.975
vt 0.4375 0.775
vt 0.4375 0.975
vt 0.4875 0.975
vt 0.4875 0.775
vt 0.4375 0.775
vt 0.4875 0.975
vt 0.3875 0.775
vt 0.3875 0.975
vt 0.4375 0.975
vt 0.4375 0.775
vt 0.3875 0.775
vt 0.4375 0.975
vt 0.4375 0.775
vt 0.4375 0.975
vt 0.4875 0.975
vt 0.4875 0.775
vt 0.4375 0.775
vt 0.4875 0.975
vt 0.3875 0.775
vt 0.3875 0.975
vt 0.4375 0.775
vt 0.3875 0.975
vt 0.4375 0.975
vt 0.4375 0.775
vt 0.4375 0.775
vt 0.4375 0.975
vt 0.4875 0.775
vt 0.4375 0.975
vt 0.4875 0.975
vt 0.4875 0.775
vt 0.3875 0.775
vt 0.3875 0.975
vt 0.4375 0.775
vt 0.3875 0.975
vt 0.4375 0.975
vt 0.4375 0.775
vt 0.4375 0.775
vt 0.4375 0.975
vt 0.4875 0.775
vt 0.4375 0.975
vt 0.4875 0.975
vt 0.4875 0.775
vt 0.6375 0.525
vt 0.6375 0.725
vt 0.7375 0.725
vt 0.7375 0.525
vt 0.6375 0.525
vt 0.7375 0.725
vt 0.6375 0.525
vt 0.6375 0.725
vt 0.7375 0.725
vt 0.7375 0.525
vt 0.6375 0.525
vt 0.7375 0.725
vt 0.6375 0.525
vt 0.6375 0.725
vt 0.7375 0.725
vt 0.7375 0.525
vt 0.6375 0.525
vt 0.7375 0.725
vt 0.6375 0.525
vt 0.6375 0.725
vt 0.7375 0.725
vt 0.7375 0.525
vt 0.6375 0.525
vt 0.7375 0.725
vt 0.6375 0.525
vt 0.6375 0.725
vt 0.7375 0.525
vt 0.6375 0.725
vt 0.7375 0.725
vt 0.7375 0.525
vt 0.6375 0.525
vt 0.6375 0.725
vt 0.7375 0.525
vt 0.6375 0.725
vt 0.7375 0.725
vt 0.7375 0.525
vt 0.6375 0.525
vt 0.6375 0.725
vt 0.7375 0.525
vt 0.6375 0.725
vt 0.7375 0.725
vt 0.7375 0.525
vt 0.6375 0.525
vt 0.6375 0.725
vt 0.7375 0.525
vt 0.6375 0.725
vt 0.7375 0.725
vt 0.7375 0.525
vt 0.87625 0.025
vt 0.87625 0.225
vt 0.87625 0.225
vt 0.87625 0.025
vt 0.87625 0.025
vt 0.87625 0.225
vt 0.87625 0.025
vt 0.87625 0.225
vt 0.87625 0.225
vt 0.87625 0.025
vt 0.87625 0.025
vt 0.87625 0.225
vt 0.87625 0.025
vt 0.87625 0.225
vt 0.87625 0.225
vt 0.87625 0.025
vt 0.87625 0.025
vt 0.87625 0.225
vt 0.87625 0.025
vt 0.87625 0.225
vt 0.87625 0.225
vt 0.87625 0.025
vt 0.87625 0.025
vt 0.87625 0.225
vt 0.87625 0.025
vt 0.87625 0.225
vt 0.87625 0.025
vt 0.87625 0.225
vt 0.87625 0.225
vt 0.87625 0.025
vt 0.87625 0.025
vt 0.87625 0.225
vt 0.87625 0.025
vt 0.87625 0.225
vt 0.87625 0.225
vt 0.87625 0.025
vt 0.87625 0.025
vt 0.87625 0.225
vt 0.87625 0.025
vt 0.87625 0.225
vt 0.87625 0.225
vt 0.87625 0.025
vt 0.87625 0.025
vt 0.87625 0.225
vt 0.87625 0.025
vt 0.87625 0.225
vt 0.87625 0.225
vt 0.87625 0.025
vt 0.5625 0.525
vt 0.5625 0.725
vt 0.5875 0.725
vt 0.5875 0.525
vt 0.5625 0.525
vt 0.5875 0.725
vt 0.5875 0.525
vt 0.5875 0.725
vt 0.6125 0.725
vt 0.6125 0.525
vt 0.5875 0.525
vt 0.6125 0.725
vt 0.5125 0.525
vt 0.5125 0.725
vt 0.5375 0.725
vt 0.5375 0.525
vt 0.5125 0.525
vt 0.5375 0.725
vt 0.5375 0.525
vt 0.5375 0.725
vt 0.5625 0.725
vt 0.5625 0.525
vt 0.5375 0.525
vt 0.5625 0.725
vt 0.5625 0.525
vt 0.5625 0.725
vt 0.5875 0.525
vt 0.5625 0.725
vt 0.5875 0.725
vt 0.5875 0.525
vt 0.5875 0.525
vt 0.5875 0.725
vt 0.6125 0.525
vt 0.5875 0.725
vt 0.6125 0.725
vt 0.6125 0.525
vt 0.5125 0.525
vt 0.5125 0.725
vt 0.5375 0.525
vt 0.5125 0.725
vt 0.5375 0.725
vt 0.5375 0.525
vt 0.5375 0.525
vt 0.5375 0.725
vt 0.5625 0.525
vt 0.5375 0.725
vt 0.5625 0.725
vt 0.5625 0.525
vt 0.5625 0.525
vt 0.5625 0.725
vt 0.5875 0.725
vt 0.5875 0.525
vt 0.5625 0.525
vt 0.5875 0.725
vt 0.5875 0.525
vt 0.5875 0.725
vt 0.6125 0.725
vt 0.6125 0.525
vt 0.5875 0.525
vt 0.6125 0.725
vt 0.5125 0.525
vt 0.5125 0.725
vt 0.5375 0.725
vt 0.5375 0.525
vt 0.5125 0.525
vt 0.5375 0.725
vt 0.5375 0.525
vt 0.5375 0.725
vt 0.5625 0.725
vt 0.5625 0.525
vt 0.5375 0.525
vt 0.5625 0.725
vt 0.5625 0.525
vt 0.5625 0.725
vt 0.5875 0.525
vt 0.5625 0.725
vt 0.5875 0.725
vt 0.5875 0.525
vt 0.5875 0.525
vt 0.5875 0.725
vt 0.6125 0.525
vt 0.5875 0.725
vt 0.6125 0.725
vt 0.6125 0.525
vt 0.5125 0.525
vt 0.5125 0.725
vt 0.5375 0.525
vt 0.5125 0.725
vt 0.5375 0.725
vt 0.5375 0.525
vt 0.5375 0.525
vt 0.5375 0.725
vt 0.5625 0.525
vt 0.5375 0.725
vt 0.5625 0.725
vt 0.5625 0.525
vt 0.5625 0.775
vt 0.5625 0.975
vt 0.5875 0.975
vt 0.5875 0.775
vt 0.5625 0.775
vt 0.5875 0.975
vt 0.5875 0.775
vt 0.5875 0.975
vt 0.6125 0.975
vt 0.6125 0.775
vt 0.5875 0.775
vt 0.6125 0.975
vt 0.5125 0.775
vt 0.5125 0.975
vt 0.5375 0.975
vt 0.5375 0.775
vt 0.5125 0.775
vt 0.5375 0.975
vt 0.5375 0.775
vt 0.5375 0.975
vt 0.5625 0.975
vt 0.5625 0.775
vt 0.5375 0.775
vt 0.5625 0.975
vt 0.5625 0.775
vt 0.5625 0.975
vt 0.5875 0.775
vt 0.5625 0.975
vt 0.5875 0.975
vt 0.5875 0.775
vt 0.5875 0.775
vt 0.5875 0.975
vt 0.6125 0.775
vt 0.5875 0.975
vt 0.6125 0.975
vt 0.6125 0.775
vt 0.5125 0.775
vt 0.5125 0.975
vt 0.5375 0.775
vt 0.5125 0.975
vt 0.5375 0.975
vt 0.5375 0.775
vt 0.5375 0.775
vt 0.5375 0.975
vt 0.5625 0.775
vt 0.5375 0.975
vt 0.5625 0.975
vt 0.5625 0.775
vt 0.4375 0.775
vt 0.4375 0.975
vt 0.4625 0.975
vt 0.4625 0.775
vt 0.4375 0.775
vt 0.4625 0.975
vt 0.4625 0.775
vt 0.4625 0.975
vt 0.4875 0.975
vt 0.4875 0.775
vt 0.4625 0.775
vt 0.4875 0.975
vt 0.3875 0.775
vt 0.3875 0.975
vt 0.4125 0.975
vt 0.4125 0.775
vt 0.3875 0.775
vt 0.4125 0.975
vt 0.4125 0.775
vt 0.4125 0.975
vt 0.4375 0.975
vt 0.4375 0.775
vt 0.4125 0.775
vt 0.4375 0.975
vt 0.4375 0.775
vt 0.4375 0.975
vt 0.4625 0.775
vt 0.4375 0.975
vt 0.4625 0.975
vt 0.4625 0.775
vt 0.4625 0.775
vt 0.4625 0.975
vt 0.4875 0.775
vt 0.4625 0.975
vt 0.4875 0.975
vt 0.4875 0.775
vt 0.3875 0.775
vt 0.3875 0.975
vt 0.4125 0.775
vt 0.3875 0.975
vt 0.4125 0.975
vt 0.4125 0.775
vt 0.4125 0.775
vt 0.4125 0.975
vt 0.4375 0.775
vt 0.4125 0.975
vt 0.4375 0.975
vt 0.4375 0.775
vt 0.6875 0.525
vt 0.6875 0.725
vt 0.7125 0.725
vt 0.7125 0.525
vt 0.6875 0.525
vt 0.7125 0.725
vt 0.7125 0.525
vt 0.7125 0.725
vt 0.7375 0.725
vt 0.7375 0.525
vt 0.7125 0.525
vt 0.7375 0.725
vt 0.6375 0.525
vt 0.6375 0.725
vt 0.6625 0.725
vt 0.6625 0.525
vt 0.6375 0.525
vt 0.6625 0.725
vt 0.6625 0.525
vt 0.6625 0.725
vt 0.6875 0.725
vt 0.6875 0.525
vt 0.6625 0.525
vt 0.6875 0.725
vt 0.6875 0.525
vt 0.6875 0.725
vt 0.7125 0.525
vt 0.6875 0.725
vt 0.7125 0.725
vt 0.7125 0.525
vt 0.7125 0.525
vt 0.7125 0.725
vt 0.7375 0.525
vt 0.7125 0.725
vt 0.7375 0.725
vt 0.7375 0.525
vt 0.6375 0.525
vt 0.6375 0.725
vt 0.6625 0.525
vt 0.6375 0.725
vt 0.6625 0.725
vt 0.6625 0.525
vt 0.6625 0.525
vt 0.6625 0.725
vt 0.6875 0.525
vt 0.6625 0.725
vt 0.6875 0.725
vt 0.6875 0.525
vt 0.87625 0.025
vt 0.87625 0.225
vt 0.87625 0.225
vt 0.87625 0.025
vt 0.87625 0.025
vt 0.87625 0.225
vt 0.87625 0.025
vt 0.87625 0.225
vt 0.87625 0.225
vt 0.87625 0.025
vt 0.87625 0.025
vt 0.87625 0.225
vt 0.87625 0.025
vt 0.87625 0.225
vt 0.87625 0.225
vt 0.87625 0.025
vt 0.87625 0.025
vt 0.87625 0.225
vt 0.87625 0.025
vt 0.87625 0.225
vt 0.87625 0.225
vt 0.87625 0.025
vt 0.87625 0.025
vt 0.87625 0.225
vt 0.87625 0.025
vt 0.87625 0.225
vt 0.87625 0.025
vt 0.87625 0.225
vt 0.87625 0.225
vt 0.87625 0.025
vt 0.87625 0.025
vt 0.87625 0.225
vt 0.87625 0.025
vt 0.87625 0.225
vt 0.87625 0.225
vt 0.87625 0.025
vt 0.87625 0.025
vt 0.87625 0.225
vt 0.87625 0.025
vt 0.87625 0.225
vt 0.87625 0.225
vt 0.87625 0.025
vt 0.87625 0.025
vt 0.87625 0.225
vt 0.87625 0.025
vt 0.87625 0.225
vt 0.87625 0.225
vt 0.87625 0.025
vt 0.5125 0.525
vt 0.5125 0.725
vt 0.5625 0.725
vt 0.5625 0.525
vt 0.5125 0.525
vt 0.5625 0.725
vt 0.5625 0.525
vt 0.5625 0.725
vt 0.6125 0.725
vt 0.6125 0.525
vt 0.5625 0.525
vt 0.6125 0.725
vt 0.5125 0.525
vt 0.5125 0.725
vt 0.5625 0.725
vt 0.5625 0.525
vt 0.5125 0.525
vt 0.5625 0.725
vt 0.5625 0.525
vt 0.5625 0.725
vt 0.6125 0.725
vt 0.6125 0.525
vt 0.5625 0.525
vt 0.6125 0.725
vt 0.5125 0.525
vt 0.5125 0.725
vt 0.5625 0.525
vt 0.5125 0.725
vt 0.5625 0.725
vt 0.5625 0.525
vt 0.5625 0.525
vt 0.5625 0.725
vt 0.6125 0.525
vt 0.5625 0.725
vt 0.6125 0.725
vt 0.6125 0.525
vt 0.5125 0.525
vt 0.5125 0.725
vt 0.5625 0.525
vt 0.5125 0.725
vt 0.5625 0.725
vt 0.5625 0.525
vt 0.5625 0.525
vt 0.5625 0.725
vt 0.6125 0.525
vt 0.5625 0.725
vt 0.6125 0.725
vt 0.6125 0.525
vt 0.5125 0.525
vt 0.5125 0.725
vt 0.5625 0.725
vt 0.5625 0.525
vt 0.5125 0.525
vt 0.5625 0.725
vt 0.5625 0.525
vt 0.5625 0.725
vt 0.6125 0.725
vt 0.6125 0.525
vt 0.5625 0.525
vt 0.6125 0.725
vt 0.5125 0.525
vt 0.5125 0.725
vt 0.5625 0.725
vt 0.5625 0.525
vt 0.5125 0.525
vt 0.5625 0.725
vt 0.5625 0.525
vt 0.5625 0.725
vt 0.6125 0.725
vt 0.6125 0.525
vt 0.5625 0.525
vt 0.6125 0.725
vt 0.5125 0.525
vt 0.5125 0.725
vt 0.5625 0.525
vt 0.5125 0.725
vt 0.5625 0.725
vt 0.5625 0.525
vt 0.5625 0.525
vt 0.5625 0.725
vt 0.6125 0.525
vt 0.5625 0.725
vt 0.6125 0.725
vt 0.6125 0.525
vt 0.5125 0.525
vt 0.5125 0.725
vt 0.5625 0.525
vt 0.5125 0.725
vt 0.5625 0.725
vt 0.5625 0.525
vt 0.5625 0.525
vt 0.5625 0.725
vt 0.6125 0.525
vt 0.5625 0.725
vt 0.6125 0.725
vt 0.6125 0.525
vt 0.8125 0.775
vt 0.8125 0.975
vt 0.82917 0.975
vt 0.82917 0.775
vt 0.8125 0.775
vt 0.82917 0.975
vt 0.82917 0.775
vt 0.82917 0.975
vt 0.84583 0.975
vt 0.84583 0.775
vt 0.82917 0.775
vt 0.84583 0.975
vt 0.84583 0.775
vt 0.84583 0.975
vt 0.8625 0.975
vt 0.8625 0.775
vt 0.84583 0.775
vt 0.8625 0.975
vt 0.7625 0.775
vt 0.7625 0.975
vt 0.77917 0.975
vt 0.77917 0.775
vt 0.7625 0.775
vt 0.77917 0.975
vt 0.77917 0.775
vt 0.77917 0.975
vt 0.79583 0.975
vt 0.79583 0.775
vt 0.77917 0.775
vt 0.79583 0.975
vt 0.79583 0.775
vt 0.79583 0.975
vt 0.8125 0.975
vt 0.8125 0.775
vt 0.79583 0.775
vt 0.8125 0.975
vt 0.8125 0.775
vt 0.8125 0.975
vt 0.82917 0.775
vt 0.8125 0.975
vt 0.82917 0.975
vt 0.82917 0.775
vt 0.82917 0.775
vt 0.82917 0.975
vt 0.84583 0.775
vt 0.82917 0.975
vt 0.84583 0.975
vt 0.84583 0.775
vt 0.84583 0.775
vt 0.84583 0.975
vt 0.8625 0.775
vt 0.84583 0.975
vt 0.8625 0.975
vt 0.8625 0.775
vt 0.7625 0.775
vt 0.7625 0.975
vt 0.77917 0.775
vt 0.7625 0.975
vt 0.77917 0.975
vt 0.77917 0.775
vt 0.77917 0.775
vt 0.77917 0.975
vt 0.79583 0.775
vt 0.77917 0.975
vt 0.79583 0.975
vt 0.79583 0.775
vt 0.79583 0.775
vt 0.79583 0.975
vt 0.8125 0.775
vt 0.79583 0.975
vt 0.8125 0.975
vt 0.8125 0.775
vt 0.6875 0.525
vt 0.6875 0.725
vt 0.70417 0.725
vt 0.70417 0.525
vt 0.6875 0.525
vt 0.70417 0.725
vt 0.70417 0.525
vt 0.70417 0.725
vt 0.72083 0.725
vt 0.72083 0.525
vt 0.70417 0.525
vt 0.72083 0.725
vt 0.72083 0.525
vt 0.72083 0.725
vt 0.7375 0.725
vt 0.7375 0.525
vt 0.72083 0.525
vt 0.7375 0.725
vt 0.6375 0.525
vt 0.6375 0.725
vt 0.65417 0.725
vt 0.65417 0.525
vt 0.6375 0.525
vt 0.65417 0.725
vt 0.65417 0.525
vt 0.65417 0.725
vt 0.67083 0.725
vt 0.67083 0.525
vt 0.65417 0.525
vt 0.67083 0.725
vt 0.67083 0.525
vt 0.67083 0.725
vt 0.6875 0.725
vt 0.6875 0.525
vt 0.67083 0.525
vt 0.6875 0.725
vt 0.6875 0.525
vt 0.6875 0.725
vt 0.70417 0.525
vt 0.6875 0.725
vt 0.70417 0.725
vt 0.70417 0.525
vt 0.70417 0.525
vt 0.70417 0.725
vt 0.72083 0.525
vt 0.70417 0.725
vt 0.72083 0.725
vt 0.72083 0.525
vt 0.72083 0.525
vt 0.72083 0.725
vt 0.7375 0.525
vt 0.72083 0.725
vt 0.7375 0.725
vt 0.7375 0.525
vt 0.6375 0.525
vt 0.6375 0.725
vt 0.65417 0.525
vt 0.6375 0.725
vt 0.65417 0.725
vt 0.65417 0.525
vt 0.65417 0.525
vt 0.65417 0.725
vt 0.67083 0.525
vt 0.65417 0.725
vt 0.67083 0.725
vt 0.67083 0.525
vt 0.67083 0.525
vt 0.67083 0.725
vt 0.6875 0.525
vt 0.67083 0.725
vt 0.6875 0.725
vt 0.6875 0.525
vt 0.3125 0.525
vt 0.3125 0.725
vt 0.32917 0.725
vt 0.32917 0.525
vt 0.3125 0.525
vt 0.32917 0.725
vt 0.32917 0.525
vt 0.32917 0.725
vt 0.34583 0.725
vt 0.34583 0.525
vt 0.32917 0.525
vt 0.34583 0.725
vt 0.34583 0.525
vt 0.34583 0.725
vt 0.3625 0.725
vt 0.3625 0.525
vt 0.34583 0.525
vt 0.3625 0.725
vt 0.2625 0.525
vt 0.2625 0.725
vt 0.27917 0.725
vt 0.27917 0.525
vt 0.2625 0.525
vt 0.27917 0.725
vt 0.27917 0.525
vt 0.27917 0.725
vt 0.29583 0.725
vt 0.29583 0.525
vt 0.27917 0.525
vt 0.29583 0.725
vt 0.29583 0.525
vt 0.29583 0.725
vt 0.3125 0.725
vt 0.3125 0.525
vt 0.29583 0.525
vt 0.3125 0.725
vt 0.3125 0.525
vt 0.3125 0.725
vt 0.32917 0.525
vt 0.3125 0.725
vt 0.32917 0.725
vt 0.32917 0.525
vt 0.32917 0.525
vt 0.32917 0.725
vt 0.34583 0.525
vt 0.32917 0.725
vt 0.34583 0.725
vt 0.34583 0.525
vt 0.34583 0.525
vt 0.34583 0.725
vt 0.3625 0.525
vt 0.34583 0.725
vt 0.3625 0.725
vt 0.3625 0.525
vt 0.2625 0.525
vt 0.2625 0.725
vt 0.27917 0.525
vt 0.2625 0.725
vt 0.27917 0.725
vt 0.27917 0.525
vt 0.27917 0.525
vt 0.27917 0.725
vt 0.29583 0.525
vt 0.27917 0.725
vt 0.29583 0.725
vt 0.29583 0.525
vt 0.29583 0.525
vt 0.29583 0.725
vt 0.3125 0.525
vt 0.29583 0.725
vt 0.3125 0.725
vt 0.3125 0.525
vt 0.3125 0.775
vt 0.3125 0.975
vt 0.32917 0.975
vt 0.32917 0.775
vt 0.3125 0.775
vt 0.32917 0.975
vt 0.32917 0.775
vt 0.32917 0.975
vt 0.34583 0.975
vt 0.34583 0.775
vt 0.32917 0.775
vt 0.34583 0.975
vt 0.34583 0.775
vt 0.34583 0.975
vt 0.3625 0.975
vt 0.3625 0.775
vt 0.34583 0.775
vt 0.3625 0.975
vt 0.2625 0.775
vt 0.2625 0.975
vt 0.27917 0.975
vt 0.27917 0.775
vt 0.2625 0.775
vt 0.27917 0.975
vt 0.27917 0.775
vt 0.27917 0.975
vt 0.29583 0.975
vt 0.29583 0.775
vt 0.27917 0.775
vt 0.29583 0.975
vt 0.29583 0.775
vt 0.29583 0.975
vt 0.3125 0.975
vt 0.3125 0.775
vt 0.29583 0.775
vt 0.3125 0.975
vt 0.3125 0.775
vt 0.3125 0.975
vt 0.32917 0.775
vt 0.3125 0.975
vt 0.32917 0.975
vt 0.32917 0.775
vt 0.32917 0.775
vt 0.32917 0.975
vt 0.34583 0.775
vt 0.32917 0.975
vt 0.34583 0.975
vt 0.34583 0.775
vt 0.34583 0.775
vt 0.34583 0.975
vt 0.3625 0.775
vt 0.34583 0.975
vt 0.3625 0.975
vt 0.3625 0.775
vt 0.2625 0.775
vt 0.2625 0.975
vt 0.27917 0.775
vt 0.2625 0.975
vt 0.27917 0.975
vt 0.27917 0.775
vt 0.27917 0.775
vt 0.27917 0.975
vt 0.29583 0.775
vt 0.27917 0.975
vt 0.29583 0.975
vt 0.29583 0.775
vt 0.29583 0.775
vt 0.29583 0.975
vt 0.3125 0.775
vt 0.29583 0.975
vt 0.3125 0.975
vt 0.3125 0.775
vt 0.6875 0.525
vt 0.6875 0.725
vt 0.70417 0.725
vt 0.70417 0.525
vt 0.6875 0.525
vt 0.70417 0.725
vt 0.70417 0.525
vt 0.70417 0.725
vt 0.72083 0.725
vt 0.72083 0.525
vt 0.70417 0.525
vt 0.72083 0.725
vt 0.72083 0.525
vt 0.72083 0.725
vt 0.7375 0.725
vt 0.7375 0.525
vt 0.72083 0.525
vt 0.7375 0.725
vt 0.6375 0.525
vt 0.6375 0.725
vt 0.65417 0.725
vt 0.65417 0.525
vt 0.6375 0.525
vt 0.65417 0.725
vt 0.65417 0.525
vt 0.65417 0.725
vt 0.67083 0.725
vt 0.67083 0.525
vt 0.65417 0.525
vt 0.67083 0.725
vt 0.67083 0.525
vt 0.67083 0.725
vt 0.6875 0.725
vt 0.6875 0.525
vt 0.67083 0.525
vt 0.6875 0.725
vt 0.6875 0.525
vt 0.6875 0.725
vt 0.70417 0.525
vt 0.6875 0.725
vt 0.70417 0.725
vt 0.70417 0.525
vt 0.70417 0.525
vt 0.70417 0.725
vt 0.72083 0.525
vt 0.70417 0.725
vt 0.72083 0.725
vt 0.72083 0.525
vt 0.72083 0.525
vt 0.72083 0.725
vt 0.7375 0.525
vt 0.72083 0.725
vt 0.7375 0.725
vt 0.7375 0.525
vt 0.6375 0.525
vt 0.6375 0.725
vt 0.65417 0.525
vt 0.6375 0.725
vt 0.65417 0.725
vt 0.65417 0.525
vt 0.65417 0.525
vt 0.65417 0.725
vt 0.67083 0.525
vt 0.65417 0.725
vt 0.67083 0.725
vt 0.67083 0.525
vt 0.67083 0.525
vt 0.67083 0.725
vt 0.6875 0.525
vt 0.67083 0.725
vt 0.6875 0.725
vt 0.6875 0.525
vt 0.0625 0.525
vt 0.0625 0.725
vt 0.07917 0.725
vt 0.07917 0.525
vt 0.0625 0.525
vt 0.07917 0.725
vt 0.07917 0.525
vt 0.07917 0.725
vt 0.09583 0.725
vt 0.09583 0.525
vt 0.07917 0.525
vt 0.09583 0.725
vt 0.09583 0.525
vt 0.09583 0.725
vt 0.1125 0.725
vt 0.1125 0.525
vt 0.09583 0.525
vt 0.1125 0.725
vt 0.0125 0.525
vt 0.0125 0.725
vt 0.02917 0.725
vt 0.02917 0.525
vt 0.0125 0.525
vt 0.02917 0.725
vt 0.02917 0.525
vt 0.02917 0.725
vt 0.04583 0.725
vt 0.04583 0.525
vt 0.02917 0.525
vt 0.04583 0.725
vt 0.04583 0.525
vt 0.04583 0.725
vt 0.0625 0.725
vt 0.0625 0.525
vt 0.04583 0.525
vt 0.0625 0.725
vt 0.0625 0.525
vt 0.0625 0.725
vt 0.07917 0.525
vt 0.0625 0.725
vt 0.07917 0.725
vt 0.07917 0.525
vt 0.07917 0.525
vt 0.07917 0.725
vt 0.09583 0.525
vt 0.07917 0.725
vt 0.09583 0.725
vt 0.09583 0.525
vt 0.09583 0.525
vt 0.09583 0.725
vt 0.1125 0.525
vt 0.09583 0.725
vt 0.1125 0.725
vt 0.1125 0.525
vt 0.0125 0.525
vt 0.0125 0.725
vt 0.02917 0.525
vt 0.0125 0.725
vt 0.02917 0.725
vt 0.02917 0.525
vt 0.02917 0.525
vt 0.02917 0.725
vt 0.04583 0.525
vt 0.02917 0.725
vt 0.04583 0.725
vt 0.04583 0.525
vt 0.04583 0.525
vt 0.04583 0.725
vt 0.0625 0.525
vt 0.04583 0.725
vt 0.0625 0.725
vt 0.0625 0.525
vt 0.87625 0.025
vt 0.87625 0.225
vt 0.87625 0.225
vt 0.87625 0.025
vt 0.87625 0.025
vt 0.87625 0.225
vt 0.87625 0.025
vt 0.87625 0.225
vt 0.87625 0.225
vt 0.87625 0.025
vt 0.87625 0.025
vt 0.87625 0.225
vt 0.87625 0.025
vt 0.87625 0.225
vt 0.87625 0.225
vt 0.87625 0.025
vt 0.87625 0.025
vt 0.87625 0.225
vt 0.87625 0.025
vt 0.87625 0.225
vt 0.87625 0.225
vt 0.87625 0.025
vt 0.87625 0.025
vt 0.87625 0.225
vt 0.87625 0.025
vt 0.87625 0.225
vt 0.87625 0.225
vt 0.87625 0.025
vt 0.87625 0.025
vt 0.87625 0.225
vt 0.87625 0.025
vt 0.87625 0.225
vt 0.87625 0.225
vt 0.87625 0.025
vt 0.87625 0.025
vt 0.87625 0.225
vt 0.87625 0.025
vt 0.87625 0.225
vt 0.87625 0.025
vt 0.87625 0.225
vt 0.87625 0.225
vt 0.87625 0.025
vt 0.87625 0.025
vt 0.87625 0.225
vt 0.87625 0.025
vt 0.87625 0.225
vt 0.87625 0.225
vt 0.87625 0.025
vt 0.87625 0.025
vt 0.87625 0.225
vt 0.87625 0.025
vt 0.87625 0.225
vt 0.87625 0.225
vt 0.87625 0.025
vt 0.87625 0.025
vt 0.87625 0.225
vt 0.87625 0.025
vt 0.87625 0.225
vt 0.87625 0.225
vt 0.87625 0.025
vt 0.87625 0.025
vt 0.87625 0.225
vt 0.87625 0.025
vt 0.87625 0.225
vt 0.87625 0.225
vt 0.87625 0.025
vt 0.87625 0.025
vt 0.87625 0.225
vt 0.87625 0.025
vt 0.87625 0.225
vt 0.87625 0.225
vt 0.87625 0.025
vt 0.3875 0.525
vt 0.3875 0.725
vt 0.42083 0.725
vt 0.42083 0.525
vt 0.3875 0.525
vt 0.42083 0.725
vt 0.42083 0.525
vt 0.42083 0.725
vt 0.45417 0.725
vt 0.45417 0.525
vt 0.42083 0.525
vt 0.45417 0.725
vt 0.45417 0.525
vt 0.45417 0.725
vt 0.4875 0.725
vt 0.4875 0.525
vt 0.45417 0.525
vt 0.4875 0.725
vt 0.3875 0.525
vt 0.3875 0.725
vt 0.42083 0.725
vt 0.42083 0.525
vt 0.3875 0.525
vt 0.42083 0.725
vt 0.42083 0.525
vt 0.42083 0.725
vt 0.45417 0.725
vt 0.45417 0.525
vt 0.42083 0.525
vt 0.45417 0.725
vt 0.45417 0.525
vt 0.45417 0.725
vt 0.4875 0.725
vt 0.4875 0.525
vt 0.45417 0.525
vt 0.4875 0.725
vt 0.3875 0.525
vt 0.3875 0.725
vt 0.42083 0.525
vt 0.3875 0.725
vt 0.42083 0.725
vt 0.42083 0.525
vt 0.42083 0.525
vt 0.42083 0.725
vt 0.45417 0.525
vt 0.42083 0.725
vt 0.45417 0.725
vt 0.45417 0.525
vt 0.45417 0.525
vt 0.45417 0.725
vt 0.4875 0.525
vt 0.45417 0.725
vt 0.4875 0.725
vt 0.4875 0.525
vt 0.3875 0.525
vt 0.3875 0.725
vt 0.42083 0.525
vt 0.3875 0.725
vt 0.42083 0.725
vt 0.42083 0.525
vt 0.42083 0.525
vt 0.42083 0.725
vt 0.45417 0.525
vt 0.42083 0.725
vt 0.45417 0.725
vt 0.45417 0.525
vt 0.45417 0.525
vt 0.45417 0.725
vt 0.4875 0.525
vt 0.45417 0.725
vt 0.4875 0.725
vt 0.4875 0.525
vt 0.2625 0.775
vt 0.2625 0.975
vt 0.29583 0.975
vt 0.29583 0.775
vt 0.2625 0.775
vt 0.29583 0.975
vt 0.29583 0.775
vt 0.29583 0.975
vt 0.32917 0.975
vt 0.32917 0.775
vt 0.29583 0.775
vt 0.32917 0.975
vt 0.32917 0.775
vt 0.32917 0.975
vt 0.3625 0.975
vt 0.3625 0.775
vt 0.32917 0.775
vt 0.3625 0.975
vt 0.2625 0.775
vt 0.2625 0.975
vt 0.29583 0.975
vt 0.29583 0.775
vt 0.2625 0.775
vt 0.29583 0.975
vt 0.29583 0.775
vt 0.29583 0.975
vt 0.32917 0.975
vt 0.32917 0.775
vt 0.29583 0.775
vt 0.32917 0.975
vt 0.32917 0.775
vt 0.32917 0.975
vt 0.3625 0.975
vt 0.3625 0.775
vt 0.32917 0.775
vt 0.3625 0.975
vt 0.2625 0.775
vt 0.2625 0.975
vt 0.29583 0.775
vt 0.2625 0.975
vt 0.29583 0.975
vt 0.29583 0.775
vt 0.29583 0.775
vt 0.29583 0.975
vt 0.32917 0.775
vt 0.29583 0.975
vt 0.32917 0.975
vt 0.32917 0.775
vt 0.32917 0.775
vt 0.32917 0.975
vt 0.3625 0.775
vt 0.32917 0.975
vt 0.3625 0.975
vt 0.3625 0.775
vt 0.2625 0.775
vt 0.2625 0.975
vt 0.29583 0.775
vt 0.2625 0.975
vt 0.29583 0.975
vt 0.29583 0.775
vt 0.29583 0.775
vt 0.29583 0.975
vt 0.32917 0.775
vt 0.29583 0.975
vt 0.32917 0.975
vt 0.32917 0.775
vt 0.32917 0.775
vt 0.32917 0.975
vt 0.3625 0.775
vt 0.32917 0.975
vt 0.3625 0.975
vt 0.3625 0.775
vt 0.5125 0.525
vt 0.5125 0.725
vt 0.54583 0.725
vt 0.54583 0.525
vt 0.5125 0.525
vt 0.54583 0.725
vt 0.54583 0.525
vt 0.54583 0.725
vt 0.57917 0.725
vt 0.57917 0.525
vt 0.54583 0.525
vt 0.57917 0.725
vt 0.57917 0.525
vt 0.57917 0.725
vt 0.6125 0.725
vt 0.6125 0.525
vt 0.57917 0.525
vt 0.6125 0.725
vt 0.5125 0.525
vt 0.5125 0.725
vt 0.54583 0.725
vt 0.54583 0.525
vt 0.5125 0.525
vt 0.54583 0.725
vt 0.54583 0.525
vt 0.54583 0.725
vt 0.57917 0.725
vt 0.57917 0.525
vt 0.54583 0.525
vt 0.57917 0.725
vt 0.57917 0.525
vt 0.57917 0.725
vt 0.6125 0.725
vt 0.6125 0.525
vt 0.57917 0.525
vt 0.6125 0.725
vt 0.5125 0.525
vt 0.5125 0.725
vt 0.54583 0.525
vt 0.5125 0.725
vt 0.54583 0.725
vt 0.54583 0.525
vt 0.54583 0.525
vt 0.54583 0.725
vt 0.57917 0.525
vt 0.54583 0.725
vt 0.57917 0.725
vt 0.57917 0.525
vt 0.57917 0.525
vt 0.57917 0.725
vt 0.6125 0.525
vt 0.57917 0.725
vt 0.6125 0.725
vt 0.6125 0.525
vt 0.5125 0.525
vt 0.5125 0.725
vt 0.54583 0.525
vt 0.5125 0.725
vt 0.54583 0.725
vt 0.54583 0.525
vt 0.54583 0.525
vt 0.54583 0.725
vt 0.57917 0.525
vt 0.54583 0.725
vt 0.57917 0.725
vt 0.57917 0.525
vt 0.57917 0.525
vt 0.57917 0.725
vt 0.6125 0.525
vt 0.57917 0.725
vt 0.6125 0.725
vt 0.6125 0.525
vt 0.4375 0.775
vt 0.4375 0.975
vt 0.44028 0.975
vt 0.44028 0.775
vt 0.4375 0.775
vt 0.44028 0.975
vt 0.44028 0.775
vt 0.44028 0.975
vt 0.44306 0.975
vt 0.44306 0.775
vt 0.44028 0.775
vt 0.44306 0.975
vt 0.44306 0.775
vt 0.44306 0.975
vt 0.4875 0.975
vt 0.4875 0.775
vt 0.44306 0.775
vt 0.4875 0.975
vt 0.3875 0.775
vt 0.3875 0.975
vt 0.39028 0.975
vt 0.39028 0.775
vt 0.3875 0.775
vt 0.39028 0.975
vt 0.39028 0.775
vt 0.39028 0.975
vt 0.39306 0.975
vt 0.39306 0.775
vt 0.39028 0.775
vt 0.39306 0.975
vt 0.39306 0.775
vt 0.39306 0.975
vt 0.4375 0.975
vt 0.4375 0.775
vt 0.39306 0.775
vt 0.4375 0.975
vt 0.4375 0.775
vt 0.4375 0.975
vt 0.44028 0.775
vt 0.4375 0.975
vt 0.44028 0.975
vt 0.44028 0.775
vt 0.44028 0.775
vt 0.44028 0.975
vt 0.44306 0.775
vt 0.44028 0.975
vt 0.44306 0.975
vt 0.44306 0.775
vt 0.44306 0.775
vt 0.44306 0.975
vt 0.4875 0.775
vt 0.44306 0.975
vt 0.4875 0.975
vt 0.4875 0.775
vt 0.3875 0.775
vt 0.3875 0.975
vt 0.39028 0.775
vt 0.3875 0.975
vt 0.39028 0.975
vt 0.39028 0.775
vt 0.39028 0.775
vt 0.39028 0.975
vt 0.39306 0.775
vt 0.39028 0.975
vt 0.39306 0.975
vt 0.39306 0.775
vt 0.39306 0.775
vt 0.39306 0.975
vt 0.4375 0.775
vt 0.39306 0.975
vt 0.4375 0.975
vt 0.4375 0.775
vt 0.4375 0.775
vt 0.4375 0.975
vt 0.44028 0.975
vt 0.44028 0.775
vt 0.4375 0.775
vt 0.44028 0.975
vt 0.44028 0.775
vt 0.44028 0.975
vt 0.44306 0.975
vt 0.44306 0.775
vt 0.44028 0.775
vt 0.44306 0.975
vt 0.44306 0.775
vt 0.44306 0.975
vt 0.4875 0.975
vt 0.4875 0.775
vt 0.44306 0.775
vt 0.4875 0.975
vt 0.3875 0.775
vt 0.3875 0.975
vt 0.39028 0.975
vt 0.39028 0.775
vt 0.3875 0.775
vt 0.39028 0.975
vt 0.39028 0.775
vt 0.39028 0.975
vt 0.39306 0.975
vt 0.39306 0.775
vt 0.39028 0.775
vt 0.39306 0.975
vt 0.39306 0.775
vt 0.39306 0.975
vt 0.4375 0.975
vt 0.4375 0.775
vt 0.39306 0.775
vt 0.4375 0.975
vt 0.4375 0.775
vt 0.4375 0.975
vt 0.44028 0.775
vt 0.4375 0.975
vt 0.44028 0.975
vt 0.44028 0.775
vt 0.44028 0.775
vt 0.44028 0.975
vt 0.44306 0.775
vt 0.44028 0.975
vt 0.44306 0.975
vt 0.44306 0.775
vt 0.44306 0.775
vt 0.44306 0.975
vt 0.4875 0.775
vt 0.44306 0.975
vt 0.4875 0.975
vt 0.4875 0.775
vt 0.3875 0.775
vt 0.3875 0.975
vt 0.39028 0.775
vt 0.3875 0.975
vt 0.39028 0.975
vt 0.39028 0.775
vt 0.39028 0.775
vt 0.39028 0.975
vt 0.39306 0.775
vt 0.39028 0.975
vt 0.39306 0.975
vt 0.39306 0.775
vt 0.39306 0.775
vt 0.39306 0.975
vt 0.4375 0.775
vt 0.39306 0.975
vt 0.4375 0.975
vt 0.4375 0.775
vt 0.3875 0.775
vt 0.3875 0.975
vt 0.39306 0.975
vt 0.39306 0.775
vt 0.3875 0.775
vt 0.39306 0.975
vt 0.39306 0.775
vt 0.39306 0.975
vt 0.39861 0.975
vt 0.39861 0.775
vt 0.39306 0.775
vt 0.39861 0.975
vt 0.39861 0.775
vt 0.39861 0.975
vt 0.4875 0.975
vt 0.4875 0.775
vt 0.39861 0.775
vt 0.4875 0.975
vt 0.3875 0.775
vt 0.3875 0.975
vt 0.39306 0.975
vt 0.39306 0.775
vt 0.3875 0.775
vt 0.39306 0.975
vt 0.39306 0.775
vt 0.39306 0.975
vt 0.39861 0.975
vt 0.39861 0.775
vt 0.39306 0.775
vt 0.39861 0.975
vt 0.39861 0.775
vt 0.39861 0.975
vt 0.4875 0.975
vt 0.4875 0.775
vt 0.39861 0.775
vt 0.4875 0.975
vt 0.3875 0.775
vt 0.3875 0.975
vt 0.39306 0.775
vt 0.3875 0.975
vt 0.39306 0.975
vt 0.39306 0.775
vt 0.39306 0.775
vt 0.39306 0.975
vt 0.39861 0.775
vt 0.39306 0.975
vt 0.39861 0.975
vt 0.39861 0.775
vt 0.39861 0.775
vt 0.39861 0.975
vt 0.4875 0.775
vt 0.39861 0.975
vt 0.4875 0.975
vt 0.4875 0.775
vt 0.3875 0.775
vt 0.3875 0.975
vt 0.39306 0.775
vt 0.3875 0.975
vt 0.39306 0.975
vt 0.39306 0.775
vt 0.39306 0.775
vt 0.39306 0.975
vt 0.39861 0.775
vt 0.39306 0.975
vt 0.39861 0.975
vt 0.39861 0.775
vt 0.39861 0.775
vt 0.39861 0.975
vt 0.4875 0.775
vt 0.39861 0.975
vt 0.4875 0.975
vt 0.4875 0.775
vt 0.87625 0.025
vt 0.87625 0.225
vt 0.87625 0.225
vt 0.87625 0.025
vt 0.87625 0.025
vt 0.87625 0.225
vt 0.87625 0.025
vt 0.87625 0.225
vt 0.87625 0.225
vt 0.87625 0.025
vt 0.87625 0.025
vt 0.87625 0.225
vt 0.87625 0.025
vt 0.87625 0.225
vt 0.87625 0.225
vt 0.87625 0.025
vt 0.87625 0.025
vt 0.87625 0.225
vt 0.87625 0.025
vt 0.87625 0.225
vt 0.87625 0.225
vt 0.87625 0.025
vt 0.87625 0.025
vt 0.87625 0.225
vt 0.87625 0.025
vt 0.87625 0.225
vt 0.87625 0.225
vt 0.87625 0.025
vt 0.87625 0.025
vt 0.87625 0.225
vt 0.87625 0.025
vt 0.87625 0.225
vt 0.87625 0.225
vt 0.87625 0.025
vt 0.87625 0.025
vt 0.87625 0.225
vt 0.87625 0.025
vt 0.87625 0.225
vt 0.87625 0.025
vt 0.87625 0.225
vt 0.87625 0.225
vt 0.87625 0.025
vt 0.87625 0.025
vt 0.87625 0.225
vt 0.87625 0.025
vt 0.87625 0.225
vt 0.87625 0.225
vt 0.87625 0.025
vt 0.87625 0.025
vt 0.87625 0.225
vt 0.87625 0.025
vt 0.87625 0.225
vt 0.87625 0.225
vt 0.87625 0.025
vt 0.87625 0.025
vt 0.87625 0.225
vt 0.87625 0.025
vt 0.87625 0.225
vt 0.87625 0.225
vt 0.87625 0.025
vt 0.87625 0.025
vt 0.87625 0.225
vt 0.87625 0.025
vt 0.87625 0.225
vt 0.87625 0.225
vt 0.87625 0.025
vt 0.87625 0.025
vt 0.87625 0.225
vt 0.87625 0.025
vt 0.87625 0.225
vt 0.87625 0.225
vt 0.87625 0.025
vt 0.87625 0.025
vt 0.87625 0.225
vt 0.87625 0.225
vt 0.87625 0.025
vt 0.87625 0.025
vt 0.87625 0.225
vt 0.87625 0.025
vt 0.87625 0.225
vt 0.87625 0.225
vt 0.87625 0.025
vt 0.87625 0.025
vt 0.87625 0.225
vt 0.87625 0.025
vt 0.87625 0.225
vt 0.87625 0.225
vt 0.87625 0.025
vt 0.87625 0.025
vt 0.87625 0.225
vt 0.87625 0.025
vt 0.87625 0.225
vt 0.87625 0.225
vt 0.87625 0.025
vt 0.87625 0.025
vt 0.87625 0.225
vt 0.87625 0.025
vt 0.87625 0.225
vt 0.87625 0.225
vt 0.87625 0.025
vt 0.87625 0.025
vt 0.87625 0.225
vt 0.87625 0.025
vt 0.87625 0.225
vt 0.87625 0.225
vt 0.87625 0.025
vt 0.87625 0.025
vt 0.87625 0.225
vt 0.87625 0.025
vt 0.87625 0.225
vt 0.87625 0.025
vt 0.87625 0.225
vt 0.87625 0.225
vt 0.87625 0.025
vt 0.87625 0.025
vt 0.87625 0.225
vt 0.87625 0.025
vt 0.87625 0.225
vt 0.87625 0.225
vt 0.87625 0.025
vt 0.87625 0.025
vt 0.87625 0.225
vt 0.87625 0.025
vt 0.87625 0.225
vt 0.87625 0.225
vt 0.87625 0.025
vt 0.87625 0.025
vt 0.87625 0.225
vt 0.87625 0.025
vt 0.87625 0.225
vt 0.87625 0.225
vt 0.87625 0.025
vt 0.87625 0.025
vt 0.87625 0.225
vt 0.87625 0.025
vt 0.87625 0.225
vt 0.87625 0.225
vt 0.87625 0.025
vt 0.87625 0.025
vt 0.87625 0.225
vt 0.87625 0.025
vt 0.87625 0.225
vt 0.87625 0.225
vt 0.87625 0.025
vt 0.87625 0.025
vt 0.87625 0.225
vt 0.87625 0.225
vt 0.87625 0.025
vt 0.87625 0.025
vt 0.87625 0.225
vt 0.87625 0.025
vt 0.87625 0.225
vt 0.87625 0.225
vt 0.87625 0.025
vt 0.87625 0.025
vt 0.87625 0.225
vt 0.87625 0.025
vt 0.87625 0.225
vt 0.87625 0.225
vt 0.87625 0.025
vt 0.87625 0.025
vt 0.87625 0.225
vt 0.87625 0.025
vt 0.87625 0.225
vt 0.87625 0.225
vt 0.87625 0.025
vt 0.87625 0.025
vt 0.87625 0.225
vt 0.87625 0.025
vt 0.87625 0.225
vt 0.87625 0.225
vt 0.87625 0.025
vt 0.87625 0.025
vt 0.87625 0.225
vt 0.87625 0.025
vt 0.87625 0.225
vt 0.87625 0.225
vt 0.87625 0.025
vt 0.87625 0.025
vt 0.87625 0.225
vt 0.87625 0.025
vt 0.87625 0.225
vt 0.87625 0.025
vt 0.87625 0.225
vt 0.87625 0.225
vt 0.87625 0.025
vt 0.87625 0.025
vt 0.87625 0.225
vt 0.87625 0.025
vt 0.87625 0.225
vt 0.87625 0.225
vt 0.87625 0.025
vt 0.87625 0.025
vt 0.87625 0.225
vt 0.87625 0.025
vt 0.87625 0.225
vt 0.87625 0.225
vt 0.87625 0.025
vt 0.87625 0.025
vt 0.87625 0.225
vt 0.87625 0.025
vt 0.87625 0.225
vt 0.87625 0.225
vt 0.87625 0.025
vt 0.87625 0.025
vt 0.87625 0.225
vt 0.87625 0.025
vt 0.87625 0.225
vt 0.87625 0.225
vt 0.87625 0.025
vt 0.87625 0.025
vt 0.87625 0.225
vt 0.87625 0.025
vt 0.87625 0.225
vt 0.87625 0.225
vt 0.87625 0.025
vt 0.87625 0.025
vt 0.87625 0.225
vt 0.87625 0.225
vt 0.87625 0.025
vt 0.87625 0.025
vt 0.87625 0.225
vt 0.87625 0.025
vt 0.87625 0.225
vt 0.87625 0.225
vt 0.87625 0.025
vt 0.87625 0.025
vt 0.87625 0.225
vt 0.87625 0.025
vt 0.87625 0.225
vt 0.87625 0.225
vt 0.87625 0.025
vt 0.87625 0.025
vt 0.87625 0.225
vt 0.87625 0.025
vt 0.87625 0.225
vt 0.87625 0.225
vt 0.87625 0.025
vt 0.87625 0.025
vt 0.87625 0.225
vt 0.87625 0.025
vt 0.87625 0.225
vt 0.87625 0.225
vt 0.87625 0.025
vt 0.87625 0.025
vt 0.87625 0.225
vt 0.87625 0.025
vt 0.87625 0.225
vt 0.87625 0.225
vt 0.87625 0.025
vt 0.87625 0.025
vt 0.87625 0.225
vt 0.87625 0.025
vt 0.87625 0.225
vt 0.87625 0.025
vt 0.87625 0.225
vt 0.87625 0.225
vt 0.87625 0.025
vt 0.87625 0.025
vt 0.87625 0.225
vt 0.87625 0.025
vt 0.87625 0.225
vt 0.87625 0.225
vt 0.87625 0.025
vt 0.87625 0.025
vt 0.87625 0.225
vt 0.87625 0.025
vt 0.87625 0.225
vt 0.87625 0.225
vt 0.87625 0.025
vt 0.87625 0.025
vt 0.87625 0.225
vt 0.87625 0.025
vt 0.87625 0.225
vt 0.87625 0.225
vt 0.87625 0.025
vt 0.87625 0.025
vt 0.87625 0.225
vt 0.87625 0.025
vt 0.87625 0.225
vt 0.87625 0.225
vt 0.87625 0.025
vt 0.87625 0.025
vt 0.87625 0.225
vt 0.87625 0.025
vt 0.87625 0.225
vt 0.87625 0.225
vt 0.87625 0.025
vt 0.87625 0.025
vt 0.87625 0.225
vt 0.87625 0.225
vt 0.87625 0.025
vt 0.87625 0.025
vt 0.87625 0.225
vt 0.87625 0.025
vt 0.87625 0.225
vt 0.87625 0.225
vt 0.87625 0.025
vt 0.87625 0.025
vt 0.87625 0.225
vt 0.87625 0.025
vt 0.87625 0.225
vt 0.87625 0.225
vt 0.87625 0.025
vt 0.87625 0.025
vt 0.87625 0.225
vt 0.87625 0.025
vt 0.87625 0.225
vt 0.87625 0.225
vt 0.87625 0.025
vt 0.87625 0.025
vt 0.87625 0.225
vt 0.87625 0.025
vt 0.87625 0.225
vt 0.87625 0.225
vt 0.87625 0.025
vt 0.87625 0.025
vt 0.87625 0.225
vt 0.87625 0.025
vt 0.87625 0.225
vt 0.87625 0.225
vt 0.87625 0.025
vt 0.87625 0.025
vt 0.87625 0.225
vt 0.87625 0.025
vt 0.87625 0.225
vt 0.87625 0.025
vt 0.87625 0.225
vt 0.87625 0.225
vt 0.87625 0.025
vt 0.87625 0.025
vt 0.87625 0.225
vt 0.87625 0.025
vt 0.87625 0.225
vt 0.87625 0.225
vt 0.87625 0.025
vt 0.87625 0.025
vt 0.87625 0.225
vt 0.87625 0.025
vt 0.87625 0.225
vt 0.87625 0.225
vt 0.87625 0.025
vt 0.87625 0.025
vt 0.87625 0.225
vt 0.87625 0.025
vt 0.87625 0.225
vt 0.87625 0.225
vt 0.87625 0.025
vt 0.87625 0.025
vt 0.87625 0.225
vt 0.87625 0.025
vt 0.87625 0.225
vt 0.87625 0.225
vt 0.87625 0.025
vt 0.87625 0.025
vt 0.87625 0.225
vt 0.87625 0.025
vt 0.87625 0.225
vt 0.87625 0.225
vt 0.87625 0.025
vt 0.87625 0.025
vt 0.87625 0.225
vt 0.87625 0.225
vt 0.87625 0.025
vt 0.87625 0.025
vt 0.87625 0.225
vt 0.87625 0.025
vt 0.87625 0.225
vt 0.87625 0.225
vt 0.87625 0.025
vt 0.87625 0.025
vt 0.87625 0.225
vt 0.87625 0.025
vt 0.87625 0.225
vt 0.87625 0.225
vt 0.87625 0.025
vt 0.87625 0.025
vt 0.87625 0.225
vt 0.87625 0.025
vt 0.87625 0.225
vt 0.87625 0.225
vt 0.87625 0.025
vt 0.87625 0.025
vt 0.87625 0.225
vt 0.87625 0.025
vt 0.87625 0.225
vt 0.87625 0.225
vt 0.87625 0.025
vt 0.87625 0.025
vt 0.87625 0.225
vt 0.87625 0.025
vt 0.87625 0.225
vt 0.87625 0.225
vt 0.87625 0.025
vt 0.87625 0.025
vt 0.87625 0.225
vt 0.87625 0.025
vt 0.87625 0.225
vt 0.87625 0.025
vt 0.87625 0.225
vt 0.87625 0.225
vt 0.87625 0.025
vt 0.87625 0.025
vt 0.87625 0.225
vt 0.87625 0.025
vt 0.87625 0.225
vt 0.87625 0.225
vt 0.87625 0.025
vt 0.87625 0.025
vt 0.87625 0.225
vt 0.87625 0.025
vt 0.87625 0.225
vt 0.87625 0.225
vt 0.87625 0.025
vt 0.87625 0.025
vt 0.87625 0.225
vt 0.87625 0.025
vt 0.87625 0.225
vt 0.87625 0.225
vt 0.87625 0.025
vt 0.87625 0.025
vt 0.87625 0.225
vt 0.87625 0.025
vt 0.87625 0.225
vt 0.87625 0.225
vt 0.87625 0.025
vt 0.87625 0.025
vt 0.87625 0.225
vt 0.87625 0.025
vt 0.87625 0.225
vt 0.87625 0.225
vt 0.87625 0.025
vt 0.87625 0.025
vt 0.87625 0.225
vt 0.87625 0.225
vt 0.87625 0.025
vt 0.87625 0.025
vt 0.87625 0.225
vt 0.87625 0.025
vt 0.87625 0.225
vt 0.87625 0.225
vt 0.87625 0.025
vt 0.87625 0.025
vt 0.87625 0.225
vt 0.87625 0.025
vt 0.87625 0.225
vt 0.87625 0.225
vt 0.87625 0.025
vt 0.87625 0.025
vt 0.87625 0.225
vt 0.87625 0.025
vt 0.87625 0.225
vt 0.87625 0.225
vt 0.87625 0.025
vt 0.87625 0.025
vt 0.87625 0.225
vt 0.87625 0.025
vt 0.87625 0.225
vt 0.87625 0.225
vt 0.87625 0.025
vt 0.87625 0.025
vt 0.87625 0.225
vt 0.87625 0.025
vt 0.87625 0.225
vt 0.87625 0.225
vt 0.87625 0.025
vt 0.87625 0.025
vt 0.87625 0.225
vt 0.87625 0.025
vt 0.87625 0.225
vt 0.87625 0.025
vt 0.87625 0.225
vt 0.87625 0.225
vt 0.87625 0.025
vt 0.87625 0.025
vt 0.87625 0.225
vt 0.87625 0.025
vt 0.87625 0.225
vt 0.87625 0.225
vt 0.87625 0.025
vt 0.87625 0.025
vt 0.87625 0.225
vt 0.87625 0.025
vt 0.87625 0.225
vt 0.87625 0.225
vt 0.87625 0.025
vt 0.87625 0.025
vt 0.87625 0.225
vt 0.87625 0.025
vt 0.87625 0.225
vt 0.87625 0.225
vt 0.87625 0.025
vt 0.87625 0.025
vt 0.87625 0.225
vt 0.87625 0.025
vt 0.87625 0.225
vt 0.87625 0.225
vt 0.87625 0.025
vt 0.87625 0.025
vt 0.87625 0.225
vt 0.87625 0.025
vt 0.87625 0.225
vt 0.87625 0.225
vt 0.87625 0.025
vt 0.3875 0.775
vt 0.3875 0.975
vt 0.39306 0.975
vt 0.39306 0.775
vt 0.3875 0.775
vt 0.39306 0.975
vt 0.39306 0.775
vt 0.39306 0.975
vt 0.39861 0.975
vt 0.39861 0.775
vt 0.39306 0.775
vt 0.39861 0.975
vt 0.39861 0.775
vt 0.39861 0.975
vt 0.4875 0.975
vt 0.4875 0.775
vt 0.39861 0.775
vt 0.4875 0.975
vt 0.3875 0.775
vt 0.3875 0.975
vt 0.39306 0.975
vt 0.39306 0.775
vt 0.3875 0.775
vt 0.39306 0.975
vt 0.39306 0.775
vt 0.39306 0.975
vt 0.39861 0.975
vt 0.39861 0.775
vt 0.39306 0.775
vt 0.39861 0.975
vt 0.39861 0.775
vt 0.39861 0.975
vt 0.4875 0.975
vt 0.4875 0.775
vt 0.39861 0.775
vt 0.4875 0.975
vt 0.3875 0.775
vt 0.3875 0.975
vt 0.39306 0.775
vt 0.3875 0.975
vt 0.39306 0.975
vt 0.39306 0.775
vt 0.39306 0.775
vt 0.39306 0.975
vt 0.39861 0.775
vt 0.39306 0.975
vt 0.39861 0.975
vt 0.39861 0.775
vt 0.39861 0.775
vt 0.39861 0.975
vt 0.4875 0.775
vt 0.39861 0.975
vt 0.4875 0.975
vt 0.4875 0.775
vt 0.3875 0.775
vt 0.3875 0.975
vt 0.39306 0.775
vt 0.3875 0.975
vt 0.39306 0.975
vt 0.39306 0.775
vt 0.39306 0.775
vt 0.39306 0.975
vt 0.39861 0.775
vt 0.39306 0.975
vt 0.39861 0.975
vt 0.39861 0.775
vt 0.39861 0.775
vt 0.39861 0.975
vt 0.4875 0.775
vt 0.39861 0.975
vt 0.4875 0.975
vt 0.4875 0.775
vt 0.3875 0.775
vt 0.3875 0.975
vt 0.39306 0.975
vt 0.39306 0.775
vt 0.3875 0.775
vt 0.39306 0.975
vt 0.39306 0.775
vt 0.39306 0.975
vt 0.39861 0.975
vt 0.39861 0.775
vt 0.39306 0.775
vt 0.39861 0.975
vt 0.39861 0.775
vt 0.39861 0.975
vt 0.4875 0.975
vt 0.4875 0.775
vt 0.39861 0.775
vt 0.4875 0.975
vt 0.3875 0.775
vt 0.3875 0.975
vt 0.39306 0.975
vt 0.39306 0.775
vt 0.3875 0.775
vt 0.39306 0.975
vt 0.39306 0.775
vt 0.39306 0.975
vt 0.39861 0.975
vt 0.39861 0.775
vt 0.39306 0.775
vt 0.39861 0.975
vt 0.39861 0.775
vt 0.39861 0.975
vt 0.4875 0.975
vt 0.4875 0.775
vt 0.39861 0.775
vt 0.4875 0.975
vt 0.3875 0.775
vt 0.3875 0.975
vt 0.39306 0.775
vt 0.3875 0.975
vt 0.39306 0.975
vt 0.39306 0.775
vt 0.39306 0.775
vt 0.39306 0.975
vt 0.39861 0.775
vt 0.39306 0.975
vt 0.39861 0.975
vt 0.39861 0.775
vt 0.39861 0.775
vt 0.39861 0.975
vt 0.4875 0.775
vt 0.39861 0.975
vt 0.4875 0.975
vt 0.4875 0.775
vt 0.3875 0.775
vt 0.3875 0.975
vt 0.39306 0.775
vt 0.3875 0.975
vt 0.39306 0.975
vt 0.39306 0.775
vt 0.39306 0.775
vt 0.39306 0.975
vt 0.39861 0.775
vt 0.39306 0.975
vt 0.39861 0.975
vt 0.39861 0.775
vt 0.39861 0.775
vt 0.39861 0.975
vt 0.4875 0.775
vt 0.39861 0.975
vt 0.4875 0.975
vt 0.4875 0.775
vt 0.87625 0.025
vt 0.87625 0.225
vt 0.87625 0.225
vt 0.87625 0.025
vt 0.87625 0.025
vt 0.87625 0.225
vt 0.87625 0.025
vt 0.87625 0.225
vt 0.87625 0.225
vt 0.87625 0.025
vt 0.87625 0.025
vt 0.87625 0.225
vt 0.87625 0.025
vt 0.87625 0.225
vt 0.87625 0.225
vt 0.87625 0.025
vt 0.87625 0.025
vt 0.87625 0.225
vt 0.87625 0.025
vt 0.87625 0.225
vt 0.87625 0.225
vt 0.87625 0.025
vt 0.87625 0.025
vt 0.87625 0.225
vt 0.87625 0.025
vt 0.87625 0.225
vt 0.87625 0.225
vt 0.87625 0.025
vt 0.87625 0.025
vt 0.87625 0.225
vt 0.87625 0.025
vt 0.87625 0.225
vt 0.87625 0.225
vt 0.87625 0.025
vt 0.87625 0.025
vt 0.87625 0.225
vt 0.87625 0.025
vt 0.87625 0.225
vt 0.87625 0.025
vt 0.87625 0.225
vt 0.87625 0.225
vt 0.87625 0.025
vt 0.87625 0.025
vt 0.87625 0.225
vt 0.87625 0.025
vt 0.87625 0.225
vt 0.87625 0.225
vt 0.87625 0.025
vt 0.87625 0.025
vt 0.87625 0.225
vt 0.87625 0.025
vt 0.87625 0.225
vt 0.87625 0.225
vt 0.87625 0.025
vt 0.87625 0.025
vt 0.87625 0.225
vt 0.87625 0.025
vt 0.87625 0.225
vt 0.87625 0.225
vt 0.87625 0.025
vt 0.87625 0.025
vt 0.87625 0.225
vt 0.87625 0.025
vt 0.87625 0.225
vt 0.87625 0.225
vt 0.87625 0.025
vt 0.87625 0.025
vt 0.87625 0.225
vt 0.87625 0.025
vt 0.87625 0.225
vt 0.87625 0.225
vt 0.87625 0.025
vt 0.87625 0.025
vt 0.87625 0.225
vt 0.87625 0.225
vt 0.87625 0.025
vt 0.87625 0.025
vt 0.87625 0.225
vt 0.87625 0.025
vt 0.87625 0.225
vt 0.87625 0.225
vt 0.87625 0.025
vt 0.87625 0.025
vt 0.87625 0.225
vt 0.87625 0.025
vt 0.87625 0.225
vt 0.87625 0.225
vt 0.87625 0.025
vt 0.87625 0.025
vt 0.87625 0.225
vt 0.87625 0.025
vt 0.87625 0.225
vt 0.87625 0.225
vt 0.87625 0.025
vt 0.87625 0.025
vt 0.87625 0.225
vt 0.87625 0.025
vt 0.87625 0.225
vt 0.87625 0.225
vt 0.87625 0.025
vt 0.87625 0.025
vt 0.87625 0.225
vt 0.87625 0.025
vt 0.87625 0.225
vt 0.87625 0.225
vt 0.87625 0.025
vt 0.87625 0.025
vt 0.87625 0.225
vt 0.87625 0.025
vt 0.87625 0.225
vt 0.87625 0.025
vt 0.87625 0.225
vt 0.87625 0.225
vt 0.87625 0.025
vt 0.87625 0.025
vt 0.87625 0.225
vt 0.87625 0.025
vt 0.87625 0.225
vt 0.87625 0.225
vt 0.87625 0.025
vt 0.87625 0.025
vt 0.87625 0.225
vt 0.87625 0.025
vt 0.87625 0.225
vt 0.87625 0.225
vt 0.87625 0.025
vt 0.87625 0.025
vt 0.87625 0.225
vt 0.87625 0.025
vt 0.87625 0.225
vt 0.87625 0.225
vt 0.87625 0.025
vt 0.87625 0.025
vt 0.87625 0.225
vt 0.87625 0.025
vt 0.87625 0.225
vt 0.87625 0.225
vt 0.87625 0.025
vt 0.87625 0.025
vt 0.87625 0.225
vt 0.87625 0.025
vt 0.87625 0.225
vt 0.87625 0.225
vt 0.87625 0.025
vt 0.87625 0.025
vt 0.87625 0.225
vt 0.87625 0.225
vt 0.87625 0.025
vt 0.87625 0.025
vt 0.87625 0.225
vt 0.87625 0.025
vt 0.87625 0.225
vt 0.87625 0.225
vt 0.87625 0.025
vt 0.87625 0.025
vt 0.87625 0.225
vt 0.87625 0.025
vt 0.87625 0.225
vt 0.87625 0.225
vt 0.87625 0.025
vt 0.87625 0.025
vt 0.87625 0.225
vt 0.87625 0.025
vt 0.87625 0.225
vt 0.87625 0.225
vt 0.87625 0.025
vt 0.87625 0.025
vt 0.87625 0.225
vt 0.87625 0.025
vt 0.87625 0.225
vt 0.87625 0.225
vt 0.87625 0.025
vt 0.87625 0.025
vt 0.87625 0.225
vt 0.87625 0.025
vt 0.87625 0.225
vt 0.87625 0.225
vt 0.87625 0.025
vt 0.87625 0.025
vt 0.87625 0.225
vt 0.87625 0.025
vt 0.87625 0.225
vt 0.87625 0.025
vt 0.87625 0.225
vt 0.87625 0.225
vt 0.87625 0.025
vt 0.87625 0.025
vt 0.87625 0.225
vt 0.87625 0.025
vt 0.87625 0.225
vt 0.87625 0.225
vt 0.87625 0.025
vt 0.87625 0.025
vt 0.87625 0.225
vt 0.87625 0.025
vt 0.87625 0.225
vt 0.87625 0.225
vt 0.87625 0.025
vt 0.87625 0.025
vt 0.87625 0.225
vt 0.87625 0.025
vt 0.87625 0.225
vt 0.87625 0.225
vt 0.87625 0.025
vt 0.87625 0.025
vt 0.87625 0.225
vt 0.87625 0.025
vt 0.87625 0.225
vt 0.87625 0.225
vt 0.87625 0.025
vt 0.87625 0.025
vt 0.87625 0.225
vt 0.87625 0.025
vt 0.87625 0.225
vt 0.87625 0.225
vt 0.87625 0.025
vt 0.87625 0.025
vt 0.87625 0.225
vt 0.87625 0.225
vt 0.87625 0.025
vt 0.87625 0.025
vt 0.87625 0.225
vt 0.87625 0.025
vt 0.87625 0.225
vt 0.87625 0.225
vt 0.87625 0.025
vt 0.87625 0.025
vt 0.87625 0.225
vt 0.87625 0.025
vt 0.87625 0.225
vt 0.87625 0.225
vt 0.87625 0.025
vt 0.87625 0.025
vt 0.87625 0.225
vt 0.87625 0.025
vt 0.87625 0.225
vt 0.87625 0.225
vt 0.87625 0.025
vt 0.87625 0.025
vt 0.87625 0.225
vt 0.87625 0.025
vt 0.87625 0.225
vt 0.87625 0.225
vt 0.87625 0.025
vt 0.87625 0.025
vt 0.87625 0.225
vt 0.87625 0.025
vt 0.87625 0.225
vt 0.87625 0.225
vt 0.87625 0.025
vt 0.87625 0.025
vt 0.87625 0.225
vt 0.87625 0.025
vt 0.87625 0.225
vt 0.87625 0.025
vt 0.87625 0.225
vt 0.87625 0.225
vt 0.87625 0.025
vt 0.87625 0.025
vt 0.87625 0.225
vt 0.87625 0.025
vt 0.87625 0.225
vt 0.87625 0.225
vt 0.87625 0.025
vt 0.87625 0.025
vt 0.87625 0.225
vt 0.87625 0.025
vt 0.87625 0.225
vt 0.87625 0.225
vt 0.87625 0.025
vt 0.87625 0.025
vt 0.87625 0.225
vt 0.87625 0.025
vt 0.87625 0.225
vt 0.87625 0.225
vt 0.87625 0.025
vt 0.87625 0.025
vt 0.87625 0.225
vt 0.87625 0.025
vt 0.87625 0.225
vt 0.87625 0.225
vt 0.87625 0.025
vt 0.87625 0.025
vt 0.87625 0.225
vt 0.87625 0.025
vt 0.87625 0.225
vt 0.87625 0.225
vt 0.87625 0.025
vt 0.87625 0.025
vt 0.87625 0.225
vt 0.87625 0.225
vt 0.87625 0.025
vt 0.87625 0.025
vt 0.87625 0.225
vt 0.87625 0.025
vt 0.87625 0.225
vt 0.87625 0.225
vt 0.87625 0.025
vt 0.87625 0.025
vt 0.87625 0.225
vt 0.87625 0.025
vt 0.87625 0.225
vt 0.87625 0.225
vt 0.87625 0.025
vt 0.87625 0.025
vt 0.87625 0.225
vt 0.87625 0.025
vt 0.87625 0.225
vt 0.87625 0.225
vt 0.87625 0.025
vt 0.87625 0.025
vt 0.87625 0.225
vt 0.87625 0.025
vt 0.87625 0.225
vt 0.87625 0.225
vt 0.87625 0.025
vt 0.87625 0.025
vt 0.87625 0.225
vt 0.87625 0.025
vt 0.87625 0.225
vt 0.87625 0.225
vt 0.87625 0.025
vt 0.87625 0.025
vt 0.87625 0.225
vt 0.87625 0.025
vt 0.87625 0.225
vt 0.87625 0.025
vt 0.87625 0.225
vt 0.87625 0.225
vt 0.87625 0.025
vt 0.87625 0.025
vt 0.87625 0.225
vt 0.87625 0.025
vt 0.87625 0.225
vt 0.87625 0.225
vt 0.87625 0.025
vt 0.87625 0.025
vt 0.87625 0.225
vt 0.87625 0.025
vt 0.87625 0.225
vt 0.87625 0.225
vt 0.87625 0.025
vt 0.87625 0.025
vt 0.87625 0.225
vt 0.87625 0.025
vt 0.87625 0.225
vt 0.87625 0.225
vt 0.87625 0.025
vt 0.87625 0.025
vt 0.87625 0.225
vt 0.87625 0.025
vt 0.87625 0.225
vt 0.87625 0.225
vt 0.87625 0.025
vt 0.87625 0.025
vt 0.87625 0.225
vt 0.87625 0.025
vt 0.87625 0.225
vt 0.87625 0.225
vt 0.87625 0.025
vt 0.87625 0.025
vt 0.87625 0.225
vt 0.87625 0.225
vt 0.87625 0.025
vt 0.87625 0.025
vt 0.87625 0.225
vt 0.87625 0.025
vt 0.87625 0.225
vt 0.87625 0.225
vt 0.87625 0.025
vt 0.87625 0.025
vt 0.87625 0.225
vt 0.87625 0.025
vt 0.87625 0.225
vt 0.87625 0.225
vt 0.87625 0.025
vt 0.87625 0.025
vt 0.87625 0.225
vt 0.87625 0.025
vt 0.87625 0.225
vt 0.87625 0.225
vt 0.87625 0.025
vt 0.87625 0.025
vt 0.87625 0.225
vt 0.87625 0.025
vt 0.87625 0.225
vt 0.87625 0.225
vt 0.87625 0.025
vt 0.87625 0.025
vt 0.87625 0.225
vt 0.87625 0.025
vt 0.87625 0.225
vt 0.87625 0.225
vt 0.87625 0.025
vt 0.87625 0.025
vt 0.87625 0.225
vt 0.87625 0.025
vt 0.87625 0.225
vt 0.87625 0.025
vt 0.87625 0.225
vt 0.87625 0.225
vt 0.87625 0.025
vt 0.87625 0.025
vt 0.87625 0.225
vt 0.87625 0.025
vt 0.87625 0.225
vt 0.87625 0.225
vt 0.87625 0.025
vt 0.87625 0.025
vt 0.87625 0.225
vt 0.87625 0.025
vt 0.87625 0.225
vt 0.87625 0.225
vt 0.87625 0.025
vt 0.87625 0.025
vt 0.87625 0.225
vt 0.87625 0.025
vt 0.87625 0.225
vt 0.87625 0.225
vt 0.87625 0.025
vt 0.87625 0.025
vt 0.87625 0.225
vt 0.87625 0.025
vt 0.87625 0.225
vt 0.87625 0.225
vt 0.87625 0.025
vt 0.87625 0.025
vt 0.87625 0.225
vt 0.87625 0.025
vt 0.87625 0.225
vt 0.87625 0.225
vt 0.87625 0.025
vt 0.8125 0.775
vt 0.8125 0.975
vt 0.82917 0.975
vt 0.82917 0.775
vt 0.8125 0.775
vt 0.82917 0.975
vt 0.82917 0.775
vt 0.82917 0.975
vt 0.84583 0.975
vt 0.84583 0.775
vt 0.82917 0.775
vt 0.84583 0.975
vt 0.84583 0.775
vt 0.84583 0.975
vt 0.8625 0.975
vt 0.8625 0.775
vt 0.84583 0.775
vt 0.8625 0.975
vt 0.7625 0.775
vt 0.7625 0.975
vt 0.77917 0.975
vt 0.77917 0.775
vt 0.7625 0.775
vt 0.77917 0.975
vt 0.77917 0.775
vt 0.77917 0.975
vt 0.79583 0.975
vt 0.79583 0.775
vt 0.77917 0.775
vt 0.79583 0.975
vt 0.79583 0.775
vt 0.79583 0.975
vt 0.8125 0.975
vt 0.8125 0.775
vt 0.79583 0.775
vt 0.8125 0.975
vt 0.8125 0.775
vt 0.8125 0.975
vt 0.82917 0.775
vt 0.8125 0.975
vt 0.82917 0.975
vt 0.82917 0.775
vt 0.82917 0.775
vt 0.82917 0.975
vt 0.84583 0.775
vt 0.82917 0.975
vt 0.84583 0.975
vt 0.84583 0.775
vt 0.84583 0.775
vt 0.84583 0.975
vt 0.8625 0.775
vt 0.84583 0.975
vt 0.8625 0.975
vt 0.8625 0.775
vt 0.7625 0.775
vt 0.7625 0.975
vt 0.77917 0.775
vt 0.7625 0.975
vt 0.77917 0.975
vt 0.77917 0.775
vt 0.77917 0.775
vt 0.77917 0.975
vt 0.79583 0.775
vt 0.77917 0.975
vt 0.79583 0.975
vt 0.79583 0.775
vt 0.79583 0.775
vt 0.79583 0.975
vt 0.8125 0.775
vt 0.79583 0.975
vt 0.8125 0.975
vt 0.8125 0.775
vt 0.6375 0.525
vt 0.6375 0.725
vt 0.67083 0.725
vt 0.67083 0.525
vt 0.6375 0.525
vt 0.67083 0.725
vt 0.67083 0.525
vt 0.67083 0.725
vt 0.70417 0.725
vt 0.70417 0.525
vt 0.67083 0.525
vt 0.70417 0.725
vt 0.70417 0.525
vt 0.70417 0.725
vt 0.7375 0.725
vt 0.7375 0.525
vt 0.70417 0.525
vt 0.7375 0.725
vt 0.6375 0.525
vt 0.6375 0.725
vt 0.67083 0.725
vt 0.67083 0.525
vt 0.6375 0.525
vt 0.67083 0.725
vt 0.67083 0.525
vt 0.67083 0.725
vt 0.70417 0.725
vt 0.70417 0.525
vt 0.67083 0.525
vt 0.70417 0.725
vt 0.70417 0.525
vt 0.70417 0.725
vt 0.7375 0.725
vt 0.7375 0.525
vt 0.70417 0.525
vt 0.7375 0.725
vt 0.6375 0.525
vt 0.6375 0.725
vt 0.67083 0.525
vt 0.6375 0.725
vt 0.67083 0.725
vt 0.67083 0.525
vt 0.67083 0.525
vt 0.67083 0.725
vt 0.70417 0.525
vt 0.67083 0.725
vt 0.70417 0.725
vt 0.70417 0.525
vt 0.70417 0.525
vt 0.70417 0.725
vt 0.7375 0.525
vt 0.70417 0.725
vt 0.7375 0.725
vt 0.7375 0.525
vt 0.6375 0.525
vt 0.6375 0.725
vt 0.67083 0.525
vt 0.6375 0.725
vt 0.67083 0.725
vt 0.67083 0.525
vt 0.67083 0.525
vt 0.67083 0.725
vt 0.70417 0.525
vt 0.67083 0.725
vt 0.70417 0.725
vt 0.70417 0.525
vt 0.70417 0.525
vt 0.70417 0.725
vt 0.7375 0.525
vt 0.70417 0.725
vt 0.7375 0.725
vt 0.7375 0.525
vt 0.2625 0.525
vt 0.2625 0.725
vt 0.29583 0.725
vt 0.29583 0.525
vt 0.2625 0.525
vt 0.29583 0.725
vt 0.29583 0.525
vt 0.29583 0.725
vt 0.32917 0.725
vt 0.32917 0.525
vt 0.29583 0.525
vt 0.32917 0.725
vt 0.32917 0.525
vt 0.32917 0.725
vt 0.3625 0.725
vt 0.3625 0.525
vt 0.32917 0.525
vt 0.3625 0.725
vt 0.2625 0.525
vt 0.2625 0.725
vt 0.29583 0.725
vt 0.29583 0.525
vt 0.2625 0.525
vt 0.29583 0.725
vt 0.29583 0.525
vt 0.29583 0.725
vt 0.32917 0.725
vt 0.32917 0.525
vt 0.29583 0.525
vt 0.32917 0.725
vt 0.32917 0.525
vt 0.32917 0.725
vt 0.3625 0.725
vt 0.3625 0.525
vt 0.32917 0.525
vt 0.3625 0.725
vt 0.2625 0.525
vt 0.2625 0.725
vt 0.29583 0.525
vt 0.2625 0.725
vt 0.29583 0.725
vt 0.29583 0.525
vt 0.29583 0.525
vt 0.29583 0.725
vt 0.32917 0.525
vt 0.29583 0.725
vt 0.32917 0.725
vt 0.32917 0.525
vt 0.32917 0.525
vt 0.32917 0.725
vt 0.3625 0.525
vt 0.32917 0.725
vt 0.3625 0.725
vt 0.3625 0.525
vt 0.2625 0.525
vt 0.2625 0.725
vt 0.29583 0.525
vt 0.2625 0.725
vt 0.29583 0.725
vt 0.29583 0.525
vt 0.29583 0.525
vt 0.29583 0.725
vt 0.32917 0.525
vt 0.29583 0.725
vt 0.32917 0.725
vt 0.32917 0.525
vt 0.32917 0.525
vt 0.32917 0.725
vt 0.3625 0.525
vt 0.32917 0.725
vt 0.3625 0.725
vt 0.3625 0.525
vt 0.2625 0.775
vt 0.2625 0.975
vt 0.29583 0.975
vt 0.29583 0.775
vt 0.2625 0.775
vt 0.29583 0.975
vt 0.29583 0.775
vt 0.29583 0.975
vt 0.32917 0.975
vt 0.32917 0.775
vt 0.29583 0.775
vt 0.32917 0.975
vt 0.32917 0.775
vt 0.32917 0.975
vt 0.3625 0.975
vt 0.3625 0.775
vt 0.32917 0.775
vt 0.3625 0.975
vt 0.2625 0.775
vt 0.2625 0.975
vt 0.29583 0.975
vt 0.29583 0.775
vt 0.2625 0.775
vt 0.29583 0.975
vt 0.29583 0.775
vt 0.29583 0.975
vt 0.32917 0.975
vt 0.32917 0.775
vt 0.29583 0.775
vt 0.32917 0.975
vt 0.32917 0.775
vt 0.32917 0.975
vt 0.3625 0.975
vt 0.3625 0.775
vt 0.32917 0.775
vt 0.3625 0.975
vt 0.2625 0.775
vt 0.2625 0.975
vt 0.29583 0.775
vt 0.2625 0.975
vt 0.29583 0.975
vt 0.29583 0.775
vt 0.29583 0.775
vt 0.29583 0.975
vt 0.32917 0.775
vt 0.29583 0.975
vt 0.32917 0.975
vt 0.32917 0.775
vt 0.32917 0.775
vt 0.32917 0.975
vt 0.3625 0.775
vt 0.32917 0.975
vt 0.3625 0.975
vt 0.3625 0.775
vt 0.2625 0.775
vt 0.2625 0.975
vt 0.29583 0.775
vt 0.2625 0.975
vt 0.29583 0.975
vt 0.29583 0.775
vt 0.29583 0.775
vt 0.29583 0.975
vt 0.32917 0.775
vt 0.29583 0.975
vt 0.32917 0.975
vt 0.32917 0.775
vt 0.32917 0.775
vt 0.32917 0.975
vt 0.3625 0.775
vt 0.32917 0.975
vt 0.3625 0.975
vt 0.3625 0.775
vt 0.6375 0.525
vt 0.6375 0.725
vt 0.67083 0.725
vt 0.67083 0.525
vt 0.6375 0.525
vt 0.67083 0.725
vt 0.67083 0.525
vt 0.67083 0.725
vt 0.70417 0.725
vt 0.70417 0.525
vt 0.67083 0.525
vt 0.70417 0.725
vt 0.70417 0.525
vt 0.70417 0.725
vt 0.7375 0.725
vt 0.7375 0.525
vt 0.70417 0.525
vt 0.7375 0.725
vt 0.6375 0.525
vt 0.6375 0.725
vt 0.67083 0.725
vt 0.67083 0.525
vt 0.6375 0.525
vt 0.67083 0.725
vt 0.67083 0.525
vt 0.67083 0.725
vt 0.70417 0.725
vt 0.70417 0.525
vt 0.67083 0.525
vt 0.70417 0.725
vt 0.70417 0.525
vt 0.70417 0.725
vt 0.7375 0.725
vt 0.7375 0.525
vt 0.70417 0.525
vt 0.7375 0.725
vt 0.6375 0.525
vt 0.6375 0.725
vt 0.67083 0.525
vt 0.6375 0.725
vt 0.67083 0.725
vt 0.67083 0.525
vt 0.67083 0.525
vt 0.67083 0.725
vt 0.70417 0.525
vt 0.67083 0.725
vt 0.70417 0.725
vt 0.70417 0.525
vt 0.70417 0.525
vt 0.70417 0.725
vt 0.7375 0.525
vt 0.70417 0.725
vt 0.7375 0.725
vt 0.7375 0.525
vt 0.6375 0.525
vt 0.6375 0.725
vt 0.67083 0.525
vt 0.6375 0.725
vt 0.67083 0.725
vt 0.67083 0.525
vt 0.67083 0.525
vt 0.67083 0.725
vt 0.70417 0.525
vt 0.67083 0.725
vt 0.70417 0.725
vt 0.70417 0.525
vt 0.70417 0.525
vt 0.70417 0.725
vt 0.7375 0.525
vt 0.70417 0.725
vt 0.7375 0.725
vt 0.7375 0.525
vt 0.0125 0.525
vt 0.0125 0.725
vt 0.04583 0.725
vt 0.04583 0.525
vt 0.0125 0.525
vt 0.04583 0.725
vt 0.04583 0.525
vt 0.04583 0.725
vt 0.07917 0.725
vt 0.07917 0.525
vt 0.04583 0.525
vt 0.07917 0.725
vt 0.07917 0.525
vt 0.07917 0.725
vt 0.1125 0.725
vt 0.1125 0.525
vt 0.07917 0.525
vt 0.1125 0.725
vt 0.0125 0.525
vt 0.0125 0.725
vt 0.04583 0.725
vt 0.04583 0.525
vt 0.0125 0.525
vt 0.04583 0.725
vt 0.04583 0.525
vt 0.04583 0.725
vt 0.07917 0.725
vt 0.07917 0.525
vt 0.04583 0.525
vt 0.07917 0.725
vt 0.07917 0.525
vt 0.07917 0.725
vt 0.1125 0.725
vt 0.1125 0.525
vt 0.07917 0.525
vt 0.1125 0.725
vt 0.0125 0.525
vt 0.0125 0.725
vt 0.04583 0.525
vt 0.0125 0.725
vt 0.04583 0.725
vt 0.04583 0.525
vt 0.04583 0.525
vt 0.04583 0.725
vt 0.07917 0.525
vt 0.04583 0.725
vt 0.07917 0.725
vt 0.07917 0.525
vt 0.07917 0.525
vt 0.07917 0.725
vt 0.1125 0.525
vt 0.07917 0.725
vt 0.1125 0.725
vt 0.1125 0.525
vt 0.0125 0.525
vt 0.0125 0.725
vt 0.04583 0.525
vt 0.0125 0.725
vt 0.04583 0.725
vt 0.04583 0.525
vt 0.04583 0.525
vt 0.04583 0.725
vt 0.07917 0.525
vt 0.04583 0.725
vt 0.07917 0.725
vt 0.07917 0.525
vt 0.07917 0.525
vt 0.07917 0.725
vt 0.1125 0.525
vt 0.07917 0.725
vt 0.1125 0.725
vt 0.1125 0.525
vt 0.87625 0.025
vt 0.87625 0.225
vt 0.87625 0.225
vt 0.87625 0.025
vt 0.87625 0.025
vt 0.87625 0.225
vt 0.87625 0.025
vt 0.87625 0.225
vt 0.87625 0.225
vt 0.87625 0.025
vt 0.87625 0.025
vt 0.87625 0.225
vt 0.87625 0.025
vt 0.87625 0.225
vt 0.87625 0.225
vt 0.87625 0.025
vt 0.87625 0.025
vt 0.87625 0.225
vt 0.87625 0.025
vt 0.87625 0.225
vt 0.87625 0.225
vt 0.87625 0.025
vt 0.87625 0.025
vt 0.87625 0.225
vt 0.87625 0.025
vt 0.87625 0.225
vt 0.87625 0.225
vt 0.87625 0.025
vt 0.87625 0.025
vt 0.87625 0.225
vt 0.87625 0.025
vt 0.87625 0.225
vt 0.87625 0.225
vt 0.87625 0.025
vt 0.87625 0.025
vt 0.87625 0.225
vt 0.87625 0.025
vt 0.87625 0.225
vt 0.87625 0.025
vt 0.87625 0.225
vt 0.87625 0.225
vt 0.87625 0.025
vt 0.87625 0.025
vt 0.87625 0.225
vt 0.87625 0.025
vt 0.87625 0.225
vt 0.87625 0.225
vt 0.87625 0.025
vt 0.87625 0.025
vt 0.87625 0.225
vt 0.87625 0.025
vt 0.87625 0.225
vt 0.87625 0.225
vt 0.87625 0.025
vt 0.87625 0.025
vt 0.87625 0.225
vt 0.87625 0.025
vt 0.87625 0.225
vt 0.87625 0.225
vt 0.87625 0.025
vt 0.87625 0.025
vt 0.87625 0.225
vt 0.87625 0.025
vt 0.87625 0.225
vt 0.87625 0.225
vt 0.87625 0.025
vt 0.87625 0.025
vt 0.87625 0.225
vt 0.87625 0.025
vt 0.87625 0.225
vt 0.87625 0.225
vt 0.87625 0.025
vt 0.4375 0.525
vt 0.4375 0.725
vt 0.45417 0.725
vt 0.45417 0.525
vt 0.4375 0.525
vt 0.45417 0.725
vt 0.45417 0.525
vt 0.45417 0.725
vt 0.47083 0.725
vt 0.47083 0.525
vt 0.45417 0.525
vt 0.47083 0.725
vt 0.47083 0.525
vt 0.47083 0.725
vt 0.4875 0.725
vt 0.4875 0.525
vt 0.47083 0.525
vt 0.4875 0.725
vt 0.3875 0.525
vt 0.3875 0.725
vt 0.40417 0.725
vt 0.40417 0.525
vt 0.3875 0.525
vt 0.40417 0.725
vt 0.40417 0.525
vt 0.40417 0.725
vt 0.42083 0.725
vt 0.42083 0.525
vt 0.40417 0.525
vt 0.42083 0.725
vt 0.42083 0.525
vt 0.42083 0.725
vt 0.4375 0.725
vt 0.4375 0.525
vt 0.42083 0.525
vt 0.4375 0.725
vt 0.4375 0.525
vt 0.4375 0.725
vt 0.45417 0.525
vt 0.4375 0.725
vt 0.45417 0.725
vt 0.45417 0.525
vt 0.45417 0.525
vt 0.45417 0.725
vt 0.47083 0.525
vt 0.45417 0.725
vt 0.47083 0.725
vt 0.47083 0.525
vt 0.47083 0.525
vt 0.47083 0.725
vt 0.4875 0.525
vt 0.47083 0.725
vt 0.4875 0.725
vt 0.4875 0.525
vt 0.3875 0.525
vt 0.3875 0.725
vt 0.40417 0.525
vt 0.3875 0.725
vt 0.40417 0.725
vt 0.40417 0.525
vt 0.40417 0.525
vt 0.40417 0.725
vt 0.42083 0.525
vt 0.40417 0.725
vt 0.42083 0.725
vt 0.42083 0.525
vt 0.42083 0.525
vt 0.42083 0.725
vt 0.4375 0.525
vt 0.42083 0.725
vt 0.4375 0.725
vt 0.4375 0.525
vt 0.3125 0.775
vt 0.3125 0.975
vt 0.32917 0.975
vt 0.32917 0.775
vt 0.3125 0.775
vt 0.32917 0.975
vt 0.32917 0.775
vt 0.32917 0.975
vt 0.34583 0.975
vt 0.34583 0.775
vt 0.32917 0.775
vt 0.34583 0.975
vt 0.34583 0.775
vt 0.34583 0.975
vt 0.3625 0.975
vt 0.3625 0.775
vt 0.34583 0.775
vt 0.3625 0.975
vt 0.2625 0.775
vt 0.2625 0.975
vt 0.27917 0.975
vt 0.27917 0.775
vt 0.2625 0.775
vt 0.27917 0.975
vt 0.27917 0.775
vt 0.27917 0.975
vt 0.29583 0.975
vt 0.29583 0.775
vt 0.27917 0.775
vt 0.29583 0.975
vt 0.29583 0.775
vt 0.29583 0.975
vt 0.3125 0.975
vt 0.3125 0.775
vt 0.29583 0.775
vt 0.3125 0.975
vt 0.3125 0.775
vt 0.3125 0.975
vt 0.32917 0.775
vt 0.3125 0.975
vt 0.32917 0.975
vt 0.32917 0.775
vt 0.32917 0.775
vt 0.32917 0.975
vt 0.34583 0.775
vt 0.32917 0.975
vt 0.34583 0.975
vt 0.34583 0.775
vt 0.34583 0.775
vt 0.34583 0.975
vt 0.3625 0.775
vt 0.34583 0.975
vt 0.3625 0.975
vt 0.3625 0.775
vt 0.2625 0.775
vt 0.2625 0.975
vt 0.27917 0.775
vt 0.2625 0.975
vt 0.27917 0.975
vt 0.27917 0.775
vt 0.27917 0.775
vt 0.27917 0.975
vt 0.29583 0.775
vt 0.27917 0.975
vt 0.29583 0.975
vt 0.29583 0.775
vt 0.29583 0.775
vt 0.29583 0.975
vt 0.3125 0.775
vt 0.29583 0.975
vt 0.3125 0.975
vt 0.3125 0.775
vt 0.5625 0.525
vt 0.5625 0.725
vt 0.57917 0.725
vt 0.57917 0.525
vt 0.5625 0.525
vt 0.57917 0.725
vt 0.57917 0.525
vt 0.57917 0.725
vt 0.59583 0.725
vt 0.59583 0.525
vt 0.57917 0.525
vt 0.59583 0.725
vt 0.59583 0.525
vt 0.59583 0.725
vt 0.6125 0.725
vt 0.6125 0.525
vt 0.59583 0.525
vt 0.6125 0.725
vt 0.5125 0.525
vt 0.5125 0.725
vt 0.52917 0.725
vt 0.52917 0.525
vt 0.5125 0.525
vt 0.52917 0.725
vt 0.52917 0.525
vt 0.52917 0.725
vt 0.54583 0.725
vt 0.54583 0.525
vt 0.52917 0.525
vt 0.54583 0.725
vt 0.54583 0.525
vt 0.54583 0.725
vt 0.5625 0.725
vt 0.5625 0.525
vt 0.54583 0.525
vt 0.5625 0.725
vt 0.5625 0.525
vt 0.5625 0.725
vt 0.57917 0.525
vt 0.5625 0.725
vt 0.57917 0.725
vt 0.57917 0.525
vt 0.57917 0.525
vt 0.57917 0.725
vt 0.59583 0.525
vt 0.57917 0.725
vt 0.59583 0.725
vt 0.59583 0.525
vt 0.59583 0.525
vt 0.59583 0.725
vt 0.6125 0.525
vt 0.59583 0.725
vt 0.6125 0.725
vt 0.6125 0.525
vt 0.5125 0.525
vt 0.5125 0.725
vt 0.52917 0.525
vt 0.5125 0.725
vt 0.52917 0.725
vt 0.52917 0.525
vt 0.52917 0.525
vt 0.52917 0.725
vt 0.54583 0.525
vt 0.52917 0.725
vt 0.54583 0.725
vt 0.54583 0.525
vt 0.54583 0.525
vt 0.54583 0.725
vt 0.5625 0.525
vt 0.54583 0.725
vt 0.5625 0.725
vt 0.5625 0.525
vt 0.2625 0.775
vt 0.2625 0.975
vt 0.3625 0.975
vt 0.3625 0.775
vt 0.2625 0.775
vt 0.3625 0.975
vt 0.2625 0.775
vt 0.2625 0.975
vt 0.3625 0.975
vt 0.3625 0.775
vt 0.2625 0.775
vt 0.3625 0.975
vt 0.2625 0.775
vt 0.2625 0.975
vt 0.3625 0.975
vt 0.3625 0.775
vt 0.2625 0.775
vt 0.3625 0.975
vt 0.2625 0.775
vt 0.2625 0.975
vt 0.3625 0.975
vt 0.3625 0.775
vt 0.2625 0.775
vt 0.3625 0.975
vt 0.2625 0.775
vt 0.2625 0.975
vt 0.3625 0.775
vt 0.2625 0.975
vt 0.3625 0.975
vt 0.3625 0.775
vt 0.2625 0.775
vt 0.2625 0.975
vt 0.3625 0.775
vt 0.2625 0.975
vt 0.3625 0.975
vt 0.3625 0.775
vt 0.2625 0.775
vt 0.2625 0.975
vt 0.3625 0.775
vt 0.2625 0.975
vt 0.3625 0.975
vt 0.3625 0.775
vt 0.2625 0.775
vt 0.2625 0.975
vt 0.3625 0.775
vt 0.2625 0.975
vt 0.3625 0.975
vt 0.3625 0.775
vt 0.2625 0.775
vt 0.2625 0.975
vt 0.3625 0.975
vt 0.3625 0.775
vt 0.2625 0.775
vt 0.3625 0.975
vt 0.2625 0.775
vt 0.2625 0.975
vt 0.3625 0.975
vt 0.3625 0.775
vt 0.2625 0.775
vt 0.3625 0.975
vt 0.2625 0.775
vt 0.2625 0.975
vt 0.3625 0.975
vt 0.3625 0.775
vt 0.2625 0.775
vt 0.3625 0.975
vt 0.2625 0.775
vt 0.2625 0.975
vt 0.3625 0.975
vt 0.3625 0.775
vt 0.2625 0.775
vt 0.3625 0.975
vt 0.2625 0.775
vt 0.2625 0.975
vt 0.3625 0.775
vt 0.2625 0.975
vt 0.3625 0.975
vt 0.3625 0.775
vt 0.2625 0.775
vt 0.2625 0.975
vt 0.3625 0.775
vt 0.2625 0.975
vt 0.3625 0.975
vt 0.3625 0.775
vt 0.2625 0.775
vt 0.2625 0.975
vt 0.3625 0.775
vt 0.2625 0.975
vt 0.3625 0.975
vt 0.3625 0.775
vt 0.2625 0.775
vt 0.2625 0.975
vt 0.3625 0.775
vt 0.2625 0.975
vt 0.3625 0.975
vt 0.3625 0.775
vt 0.0125 0.525
vt 0.0125 0.725
vt 0.0625 0.725
vt 0.0625 0.525
vt 0.0125 0.525
vt 0.0625 0.725
vt 0.0625 0.525
vt 0.0625 0.725
vt 0.1125 0.725
vt 0.1125 0.525
vt 0.0625 0.525
vt 0.1125 0.725
vt 0.0125 0.525
vt 0.0125 0.725
vt 0.0625 0.725
vt 0.0625 0.525
vt 0.0125 0.525
vt 0.0625 0.725
vt 0.0625 0.525
vt 0.0625 0.725
vt 0.1125 0.725
vt 0.1125 0.525
vt 0.0625 0.525
vt 0.1125 0.725
vt 0.0125 0.525
vt 0.0125 0.725
vt 0.0625 0.525
vt 0.0125 0.725
vt 0.0625 0.725
vt 0.0625 0.525
vt 0.0625 0.525
vt 0.0625 0.725
vt 0.1125 0.525
vt 0.0625 0.725
vt 0.1125 0.725
vt 0.1125 0.525
vt 0.0125 0.525
vt 0.0125 0.725
vt 0.0625 0.525
vt 0.0125 0.725
vt 0.0625 0.725
vt 0.0625 0.525
vt 0.0625 0.525
vt 0.0625 0.725
vt 0.1125 0.525
vt 0.0625 0.725
vt 0.1125 0.725
vt 0.1125 0.525
vt 0.3125 0.775
vt 0.3125 0.975
vt 0.3375 0.975
vt 0.3375 0.775
vt 0.3125 0.775
vt 0.3375 0.975
vt 0.3375 0.775
vt 0.3375 0.975
vt 0.3625 0.975
vt 0.3625 0.775
vt 0.3375 0.775
vt 0.3625 0.975
vt 0.2625 0.775
vt 0.2625 0.975
vt 0.2875 0.975
vt 0.2875 0.775
vt 0.2625 0.775
vt 0.2875 0.975
vt 0.2875 0.775
vt 0.2875 0.975
vt 0.3125 0.975
vt 0.3125 0.775
vt 0.2875 0.775
vt 0.3125 0.975
vt 0.3125 0.775
vt 0.3125 0.975
vt 0.3375 0.775
vt 0.3125 0.975
vt 0.3375 0.975
vt 0.3375 0.775
vt 0.3375 0.775
vt 0.3375 0.975
vt 0.3625 0.775
vt 0.3375 0.975
vt 0.3625 0.975
vt 0.3625 0.775
vt 0.2625 0.775
vt 0.2625 0.975
vt 0.2875 0.775
vt 0.2625 0.975
vt 0.2875 0.975
vt 0.2875 0.775
vt 0.2875 0.775
vt 0.2875 0.975
vt 0.3125 0.775
vt 0.2875 0.975
vt 0.3125 0.975
vt 0.3125 0.775
vt 0.2625 0.775
vt 0.2625 0.975
vt 0.29583 0.975
vt 0.29583 0.775
vt 0.2625 0.775
vt 0.29583 0.975
vt 0.29583 0.775
vt 0.29583 0.975
vt 0.32917 0.975
vt 0.32917 0.775
vt 0.29583 0.775
vt 0.32917 0.975
vt 0.32917 0.775
vt 0.32917 0.975
vt 0.3625 0.975
vt 0.3625 0.775
vt 0.32917 0.775
vt 0.3625 0.975
vt 0.2625 0.775
vt 0.2625 0.975
vt 0.29583 0.975
vt 0.29583 0.775
vt 0.2625 0.775
vt 0.29583 0.975
vt 0.29583 0.775
vt 0.29583 0.975
vt 0.32917 0.975
vt 0.32917 0.775
vt 0.29583 0.775
vt 0.32917 0.975
vt 0.32917 0.775
vt 0.32917 0.975
vt 0.3625 0.975
vt 0.3625 0.775
vt 0.32917 0.775
vt 0.3625 0.975
vt 0.2625 0.775
vt 0.2625 0.975
vt 0.29583 0.775
vt 0.2625 0.975
vt 0.29583 0.975
vt 0.29583 0.775
vt 0.29583 0.775
vt 0.29583 0.975
vt 0.32917 0.775
vt 0.29583 0.975
vt 0.32917 0.975
vt 0.32917 0.775
vt 0.32917 0.775
vt 0.32917 0.975
vt 0.3625 0.775
vt 0.32917 0.975
vt 0.3625 0.975
vt 0.3625 0.775
vt 0.2625 0.775
vt 0.2625 0.975
vt 0.29583 0.775
vt 0.2625 0.975
vt 0.29583 0.975
vt 0.29583 0.775
vt 0.29583 0.775
vt 0.29583 0.975
vt 0.32917 0.775
vt 0.29583 0.975
vt 0.32917 0.975
vt 0.32917 0.775
vt 0.32917 0.775
vt 0.32917 0.975
vt 0.3625 0.775
vt 0.32917 0.975
vt 0.3625 0.975
vt 0.3625 0.775
vt 0.3875 0.775
vt 0.3875 0.975
vt 0.42083 0.975
vt 0.42083 0.775
vt 0.3875 0.775
vt 0.42083 0.975
vt 0.42083 0.775
vt 0.42083 0.975
vt 0.45417 0.975
vt 0.45417 0.775
vt 0.42083 0.775
vt 0.45417 0.975
vt 0.45417 0.775
vt 0.45417 0.975
vt 0.4875 0.975
vt 0.4875 0.775
vt 0.45417 0.775
vt 0.4875 0.975
vt 0.3875 0.775
vt 0.3875 0.975
vt 0.42083 0.975
vt 0.42083 0.775
vt 0.3875 0.775
vt 0.42083 0.975
vt 0.42083 0.775
vt 0.42083 0.975
vt 0.45417 0.975
vt 0.45417 0.775
vt 0.42083 0.775
vt 0.45417 0.975
vt 0.45417 0.775
vt 0.45417 0.975
vt 0.4875 0.975
vt 0.4875 0.775
vt 0.45417 0.775
vt 0.4875 0.975
vt 0.3875 0.775
vt 0.3875 0.975
vt 0.42083 0.775
vt 0.3875 0.975
vt 0.42083 0.975
vt 0.42083 0.775
vt 0.42083 0.775
vt 0.42083 0.975
vt 0.45417 0.775
vt 0.42083 0.975
vt 0.45417 0.975
vt 0.45417 0.775
vt 0.45417 0.775
vt 0.45417 0.975
vt 0.4875 0.775
vt 0.45417 0.975
vt 0.4875 0.975
vt 0.4875 0.775
vt 0.3875 0.775
vt 0.3875 0.975
vt 0.42083 0.775
vt 0.3875 0.975
vt 0.42083 0.975
vt 0.42083 0.775
vt 0.42083 0.775
vt 0.42083 0.975
vt 0.45417 0.775
vt 0.42083 0.975
vt 0.45417 0.975
vt 0.45417 0.775
vt 0.45417 0.775
vt 0.45417 0.975
vt 0.4875 0.775
vt 0.45417 0.975
vt 0.4875 0.975
vt 0.4875 0.775
vt 0.5125 0.775
vt 0.5125 0.975
vt 0.54583 0.975
vt 0.54583 0.775
vt 0.5125 0.775
vt 0.54583 0.975
vt 0.54583 0.775
vt 0.54583 0.975
vt 0.57917 0.975
vt 0.57917 0.775
vt 0.54583 0.775
vt 0.57917 0.975
vt 0.57917 0.775
vt 0.57917 0.975
vt 0.6125 0.975
vt 0.6125 0.775
vt 0.57917 0.775
vt 0.6125 0.975
vt 0.5125 0.775
vt 0.5125 0.975
vt 0.54583 0.975
vt 0.54583 0.775
vt 0.5125 0.775
vt 0.54583 0.975
vt 0.54583 0.775
vt 0.54583 0.975
vt 0.57917 0.975
vt 0.57917 0.775
vt 0.54583 0.775
vt 0.57917 0.975
vt 0.57917 0.775
vt 0.57917 0.975
vt 0.6125 0.975
vt 0.6125 0.775
vt 0.57917 0.775
vt 0.6125 0.975
vt 0.5125 0.775
vt 0.5125 0.975
vt 0.54583 0.775
vt 0.5125 0.975
vt 0.54583 0.975
vt 0.54583 0.775
vt 0.54583 0.775
vt 0.54583 0.975
vt 0.57917 0.775
vt 0.54583 0.975
vt 0.57917 0.975
vt 0.57917 0.775
vt 0.57917 0.775
vt 0.57917 0.975
vt 0.6125 0.775
vt 0.57917 0.975
vt 0.6125 0.975
vt 0.6125 0.775
vt 0.5125 0.775
vt 0.5125 0.975
vt 0.54583 0.775
vt 0.5125 0.975
vt 0.54583 0.975
vt 0.54583 0.775
vt 0.54583 0.775
vt 0.54583 0.975
vt 0.57917 0.775
vt 0.54583 0.975
vt 0.57917 0.975
vt 0.57917 0.775
vt 0.57917 0.775
vt 0.57917 0.975
vt 0.6125 0.775
vt 0.57917 0.975
vt 0.6125 0.975
vt 0.6125 0.775
vt 0.5125 0.775
vt 0.5125 0.975
vt 0.54583 0.975
vt 0.54583 0.775
vt 0.5125 0.775
vt 0.54583 0.975
vt 0.54583 0.775
vt 0.54583 0.975
vt 0.57917 0.975
vt 0.57917 0.775
vt 0.54583 0.775
vt 0.57917 0.975
vt 0.57917 0.775
vt 0.57917 0.975
vt 0.6125 0.975
vt 0.6125 0.775
vt 0.57917 0.775
vt 0.6125 0.975
vt 0.5125 0.775
vt 0.5125 0.975
vt 0.54583 0.975
vt 0.54583 0.775
vt 0.5125 0.775
vt 0.54583 0.975
vt 0.54583 0.775
vt 0.54583 0.975
vt 0.57917 0.975
vt 0.57917 0.775
vt 0.54583 0.775
vt 0.57917 0.975
vt 0.57917 0.775
vt 0.57917 0.975
vt 0.6125 0.975
vt 0.6125 0.775
vt 0.57917 0.775
vt 0.6125 0.975
vt 0.5125 0.775
vt 0.5125 0.975
vt 0.54583 0.775
vt 0.5125 0.975
vt 0.54583 0.975
vt 0.54583 0.775
vt 0.54583 0.775
vt 0.54583 0.975
vt 0.57917 0.775
vt 0.54583 0.975
vt 0.57917 0.975
vt 0.57917 0.775
vt 0.57917 0.775
vt 0.57917 0.975
vt 0.6125 0.775
vt 0.57917 0.975
vt 0.6125 0.975
vt 0.6125 0.775
vt 0.5125 0.775
vt 0.5125 0.975
vt 0.54583 0.775
vt 0.5125 0.975
vt 0.54583 0.975
vt 0.54583 0.775
vt 0.54583 0.775
vt 0.54583 0.975
vt 0.57917 0.775
vt 0.54583 0.975
vt 0.57917 0.975
vt 0.57917 0.775
vt 0.57917 0.775
vt 0.57917 0.975
vt 0.6125 0.775
vt 0.57917 0.975
vt 0.6125 0.975
vt 0.6125 0.775
vt 0.5125 0.775
vt 0.5125 0.975
vt 0.54583 0.975
vt 0.54583 0.775
vt 0.5125 0.775
vt 0.54583 0.975
vt 0.54583 0.775
vt 0.54583 0.975
vt 0.57917 0.975
vt 0.57917 0.775
vt 0.54583 0.775
vt 0.57917 0.975
vt 0.57917 0.775
vt 0.57917 0.975
vt 0.6125 0.975
vt 0.6125 0.775
vt 0.57917 0.775
vt 0.6125 0.975
vt 0.5125 0.775
vt 0.5125 0.975
vt 0.54583 0.975
vt 0.54583 0.775
vt 0.5125 0.775
vt 0.54583 0.975
vt 0.54583 0.775
vt 0.54583 0.975
vt 0.57917 0.975
vt 0.57917 0.775
vt 0.54583 0.775
vt 0.57917 0.975
vt 0.57917 0.775
vt 0.57917 0.975
vt 0.6125 0.975
vt 0.6125 0.775
vt 0.57917 0.775
vt 0.6125 0.975
vt 0.5125 0.775
vt 0.5125 0.975
vt 0.54583 0.775
vt 0.5125 0.975
vt 0.54583 0.975
vt 0.54583 0.775
vt 0.54583 0.775
vt 0.54583 0.975
vt 0.57917 0.775
vt 0.54583 0.975
vt 0.57917 0.975
vt 0.57917 0.775
vt 0.57917 0.775
vt 0.57917 0.975
vt 0.6125 0.775
vt 0.57917 0.975
vt 0.6125 0.975
vt 0.6125 0.775
vt 0.5125 0.775
vt 0.5125 0.975
vt 0.54583 0.775
vt 0.5125 0.975
vt 0.54583 0.975
vt 0.54583 0.775
vt 0.54583 0.775
vt 0.54583 0.975
vt 0.57917 0.775
vt 0.54583 0.975
vt 0.57917 0.975
vt 0.57917 0.775
vt 0.57917 0.775
vt 0.57917 0.975
vt 0.6125 0.775
vt 0.57917 0.975
vt 0.6125 0.975
vt 0.6125 0.775
vt 0.5125 0.775
vt 0.5125 0.975
vt 0.54583 0.975
vt 0.54583 0.775
vt 0.5125 0.775
vt 0.54583 0.975
vt 0.54583 0.775
vt 0.54583 0.975
vt 0.57917 0.975
vt 0.57917 0.775
vt 0.54583 0.775
vt 0.57917 0.975
vt 0.57917 0.775
vt 0.57917 0.975
vt 0.6125 0.975
vt 0.6125 0.775
vt 0.57917 0.775
vt 0.6125 0.975
vt 0.5125 0.775
vt 0.5125 0.975
vt 0.54583 0.975
vt 0.54583 0.775
vt 0.5125 0.775
vt 0.54583 0.975
vt 0.54583 0.775
vt 0.54583 0.975
vt 0.57917 0.975
vt 0.57917 0.775
vt 0.54583 0.775
vt 0.57917 0.975
vt 0.57917 0.775
vt 0.57917 0.975
vt 0.6125 0.975
vt 0.6125 0.775
vt 0.57917 0.775
vt 0.6125 0.975
vt 0.5125 0.775
vt 0.5125 0.975
vt 0.54583 0.775
vt 0.5125 0.975
vt 0.54583 0.975
vt 0.54583 0.775
vt 0.54583 0.775
vt 0.54583 0.975
vt 0.57917 0.775
vt 0.54583 0.975
vt 0.57917 0.975
vt 0.57917 0.775
vt 0.57917 0.775
vt 0.57917 0.975
vt 0.6125 0.775
vt 0.57917 0.975
vt 0.6125 0.975
vt 0.6125 0.775
vt 0.5125 0.775
vt 0.5125 0.975
vt 0.54583 0.775
vt 0.5125 0.975
vt 0.54583 0.975
vt 0.54583 0.775
vt 0.54583 0.775
vt 0.54583 0.975
vt 0.57917 0.775
vt 0.54583 0.975
vt 0.57917 0.975
vt 0.57917 0.775
vt 0.57917 0.775
vt 0.57917 0.975
vt 0.6125 0.775
vt 0.57917 0.975
vt 0.6125 0.975
vt 0.6125 0.775
vt 0.3875 0.775
vt 0.3875 0.975
vt 0.42083 0.975
vt 0.42083 0.775
vt 0.3875 0.775
vt 0.42083 0.975
vt 0.42083 0.775
vt 0.42083 0.975
vt 0.45417 0.975
vt 0.45417 0.775
vt 0.42083 0.775
vt 0.45417 0.975
vt 0.45417 0.775
vt 0.45417 0.975
vt 0.4875 0.975
vt 0.4875 0.775
vt 0.45417 0.775
vt 0.4875 0.975
vt 0.3875 0.775
vt 0.3875 0.975
vt 0.42083 0.975
vt 0.42083 0.775
vt 0.3875 0.775
vt 0.42083 0.975
vt 0.42083 0.775
vt 0.42083 0.975
vt 0.45417 0.975
vt 0.45417 0.775
vt 0.42083 0.775
vt 0.45417 0.975
vt 0.45417 0.775
vt 0.45417 0.975
vt 0.4875 0.975
vt 0.4875 0.775
vt 0.45417 0.775
vt 0.4875 0.975
vt 0.3875 0.775
vt 0.3875 0.975
vt 0.42083 0.775
vt 0.3875 0.975
vt 0.42083 0.975
vt 0.42083 0.775
vt 0.42083 0.775
vt 0.42083 0.975
vt 0.45417 0.775
vt 0.42083 0.975
vt 0.45417 0.975
vt 0.45417 0.775
vt 0.45417 0.775
vt 0.45417 0.975
vt 0.4875 0.775
vt 0.45417 0.975
vt 0.4875 0.975
vt 0.4875 0.775
vt 0.3875 0.775
vt 0.3875 0.975
vt 0.42083 0.775
vt 0.3875 0.975
vt 0.42083 0.975
vt 0.42083 0.775
vt 0.42083 0.775
vt 0.42083 0.975
vt 0.45417 0.775
vt 0.42083 0.975
vt 0.45417 0.975
vt 0.45417 0.775
vt 0.45417 0.775
vt 0.45417 0.975
vt 0.4875 0.775
vt 0.45417 0.975
vt 0.4875 0.975
vt 0.4875 0.775
vt 0.2625 0.775
vt 0.2625 0.975
vt 0.29583 0.975
vt 0.29583 0.775
vt 0.2625 0.775
vt 0.29583 0.975
vt 0.29583 0.775
vt 0.29583 0.975
vt 0.32917 0.975
vt 0.32917 0.775
vt 0.29583 0.775
vt 0.32917 0.975
vt 0.32917 0.775
vt 0.32917 0.975
vt 0.3625 0.975
vt 0.3625 0.775
vt 0.32917 0.775
vt 0.3625 0.975
vt 0.2625 0.775
vt 0.2625 0.975
vt 0.29583 0.975
vt 0.29583 0.775
vt 0.2625 0.775
vt 0.29583 0.975
vt 0.29583 0.775
vt 0.29583 0.975
vt 0.32917 0.975
vt 0.32917 0.775
vt 0.29583 0.775
vt 0.32917 0.975
vt 0.32917 0.775
vt 0.32917 0.975
vt 0.3625 0.975
vt 0.3625 0.775
vt 0.32917 0.775
vt 0.3625 0.975
vt 0.2625 0.775
vt 0.2625 0.975
vt 0.29583 0.775
vt 0.2625 0.975
vt 0.29583 0.975
vt 0.29583 0.775
vt 0.29583 0.775
vt 0.29583 0.975
vt 0.32917 0.775
vt 0.29583 0.975
vt 0.32917 0.975
vt 0.32917 0.775
vt 0.32917 0.775
vt 0.32917 0.975
vt 0.3625 0.775
vt 0.32917 0.975
vt 0.3625 0.975
vt 0.3625 0.775
vt 0.2625 0.775
vt 0.2625 0.975
vt 0.29583 0.775
vt 0.2625 0.975
vt 0.29583 0.975
vt 0.29583 0.775
vt 0.29583 0.775
vt 0.29583 0.975
vt 0.32917 0.775
vt 0.29583 0.975
vt 0.32917 0.975
vt 0.32917 0.775
vt 0.32917 0.775
vt 0.32917 0.975
vt 0.3625 0.775
vt 0.32917 0.975
vt 0.3625 0.975
vt 0.3625 0.775

f 13/1 1/2 2/3
f 14/4 13/5 2/6
f 14/7 2/8 3/9
f 15/10 14/11 3/12
f 15/13 3/14 4/15
f 16/16 15/17 4/18
f 16/19 4/20 5/21
f 17/22 16/23 5/24
f 17/25 5/26 6/27
f 18/28 17/29 6/30
f 18/31 6/32 7/33
f 19/34 18/35 7/36
f 19/37 7/38 20/39
f 7/40 8/41 20/42
f 20/43 8/44 21/45
f 8/46 9/47 21/48
f 21/49 9/50 22/51
f 9/52 10/53 22/54
f 22/55 10/56 23/57
f 10/58 11/59 23/60
f 23/61 11/62 24/63
f 11/64 12/65 24/66
f 24/67 12/68 13/69
f 12/70 1/71 13/72
f 25/73 13/74 14/75
f 26/76 25/77 14/78
f 26/79 14/80 15/81
f 27/82 26/83 15/84
f 27/85 15/86 16/87
f 28/88 27/89 16/90
f 28/91 16/92 17/93
f 29/94 28/95 17/96
f 29/97 17/98 18/99
f 30/100 29/101 18/102
f 30/103 18/104 19/105
f 31/106 30/107 19/108
f 31/109 19/110 32/111
f 19/112 20/113 32/114
f 32/115 20/116 33/117
f 20/118 21/119 33/120
f 33/121 21/122 34/123
f 21/124 22/125 34/126
f 34/127 22/128 35/129
f 22/130 23/131 35/132
f 35/133 23/134 36/135
f 23/136 24/137 36/138
f 36/139 24/140 25/141
f 24/142 13/143 25/144
f 37/145 25/146 26/147
f 38/148 37/149 26/150
f 38/151 26/152 27/153
f 39/154 38/155 27/156
f 39/157 27/158 28/159
f 40/160 39/161 28/162
f 40/163 28/164 29/165
f 41/166 40/167 29/168
f 41/169 29/170 30/171
f 42/172 41/173 30/174
f 42/175 30/176 31/177
f 43/178 42/179 31/180
f 43/181 31/182 44/183
f 31/184 32/185 44/186
f 44/187 32/188 45/189
f 32/190 33/191 45/192
f 45/193 33/194 46/195
f 33/196 34/197 46/198
f 46/199 34/200 47/201
f 34/202 35/203 47/204
f 47/205 35/206 48/207
f 35/208 36/209 48/210
f 48/211 36/212 37/213
f 36/214 25/215 37/216
f 49/217 37/218 38/219
f 50/220 49/221 38/222
f 50/223 38/224 39/225
f 51/226 50/227 39/228
f 51/229 39/230 40/231
f 52/232 51/233 40/234
f 52/235 40/236 41/237
f 53/238 52/239 41/240
f 53/241 41/242 42/243
f 54/244 53/245 42/246
f 54/247 42/248 43/249
f 55/250 54/251 43/252
f 55/253 43/254 56/255
f 43/256 44/257 56/258
f 56/259 44/260 57/261
f 44/262 45/263 57/264
f 57/265 45/266 58/267
f 45/268 46/269 58/270
f 58/271 46/272 59/273
f 46/274 47/275 59/276
f 59/277 47/278 60/279
f 47/280 48/281 60/282
f 60/283 48/284 49/285
f 48/286 37/287 49/288
f 61/289 49/290 50/291
f 62/292 61/293 50/294
f 62/295 50/296 51/297
f 63/298 62/299 51/300
f 63/301 51/302 52/303
f 64/304 63/305 52/306
f 64/307 52/308 53/309
f 65/310 64/311 53/312
f 65/313 53/314 54/315
f 66/316 65/317 54/318
f 66/319 54/320 55/321
f 67/322 66/323 55/324
f 67/325 55/326 68/327
f 55/328 56/329 68/330
f 68/331 56/332 69/333
f 56/334 57/335 69/336
f 69/337 57/338 70/339
f 57/340 58/341 70/342
f 70/343 58/344 71/345
f 58/346 59/347 71/348
f 71/349 59/350 72/351
f 59/352 60/353 72/354
f 72/355 60/356 61/357
f 60/358 49/359 61/360
f 73/361 61/362 62/363
f 74/364 73/365 62/366
f 74/367 62/368 63/369
f 75/370 74/371 63/372
f 75/373 63/374 64/375
f 76/376 75/377 64/378
f 76/379 64/380 65/381
f 77/382 76/383 65/384
f 77/385 65/386 66/387
f 78/388 77/389 66/390
f 78/391 66/392 67/393
f 79/394 78/395 67/396
f 79/397 67/398 80/399
f 67/400 68/401 80/402
f 80/403 68/404 81/405
f 68/406 69/407 81/408
f 81/409 69/410 82/411
f 69/412 70/413 82/414
f 82/415 70/416 83/417
f 70/418 71/419 83/420
f 83/421 71/422 84/423
f 71/424 72/425 84/426
f 84/427 72/428 73/429
f 72/430 61/431 73/432
f 85/433 73/434 74/435
f 86/436 85/437 74/438
f 86/439 74/440 75/441
f 87/442 86/443 75/444
f 87/445 75/446 76/447
f 88/448 87/449 76/450
f 88/451 76/452 77/453
f 89/454 88/455 77/456
f 89/457 77/458 78/459
f 90/460 89/461 78/462
f 90/463 78/464 79/465
f 91/466 90/467 79/468
f 91/469 79/470 92/471
f 79/472 80/473 92/474
f 92/475 80/476 93/477
f 80/478 81/479 93/480
f 93/481 81/482 94/483
f 81/484 82/485 94/486
f 94/487 82/488 95/489
f 82/490 83/491 95/492
f 95/493 83/494 96/495
f 83/496 84/497 96/498
f 96/499 84/500 85/501
f 84/502 73/503 85/504
f 97/505 85/506 86/507
f 98/508 97/509 86/510
f 98/511 86/512 87/513
f 99/514 98/515 87/516
f 99/517 87/518 88/519
f 100/520 99/521 88/522
f 100/523 88/524 89/525
f 101/526 100/527 89/528
f 101/529 89/530 90/531
f 102/532 101/533 90/534
f 102/535 90/536 91/537
f 103/538 102/539 91/540
f 103/541 91/542 104/543
f 91/544 92/545 104/546
f 104/547 92/548 105/549
f 92/550 93/551 105/552
f 105/553 93/554 106/555
f 93/556 94/557 106/558
f 106/559 94/560 107/561
f 94/562 95/563 107/564
f 107/565 95/566 108/567
f 95/568 96/569 108/570
f 108/571 96/572 97/573
f 96/574 85/575 97/576
f 109/577 97/578 98/579
f 110/580 109/581 98/582
f 110/583 98/584 99/585
f 111/586 110/587 99/588
f 111/589 99/590 100/591
f 112/592 111/593 100/594
f 112/595 100/596 101/597
f 113/598 112/599 101/600
f 113/601 101/602 102/603
f 114/604 113/605 102/606
f 114/607 102/608 103/609
f 115/610 114/611 103/612
f 115/613 103/614 116/615
f 103/616 104/617 116/618
f 116/619 104/620 117/621
f 104/622 105/623 117/624
f 117/625 105/626 118/627
f 105/628 106/629 118/630
f 118/631 106/632 119/633
f 106/634 107/635 119/636
f 119/637 107/638 120/639
f 107/640 108/641 120/642
f 120/643 108/644 109/645
f 108/646 97/647 109/648
f 121/649 109/650 110/651
f 122/652 121/653 110/654
f 122/655 110/656 111/657
f 123/658 122/659 111/660
f 123/661 111/662 112/663
f 124/664 123/665 112/666
f 124/667 112/668 113/669
f 125/670 124/671 113/672
f 125/673 113/674 114/675
f 126/676 125/677 114/678
f 126/679 114/680 115/681
f 127/682 126/683 115/684
f 127/685 115/686 128/687
f 115/688 116/689 128/690
f 128/691 116/692 129/693
f 116/694 117/695 129/696
f 129/697 117/698 130/699
f 117/700 118/701 130/702
f 130/703 118/704 131/705
f 118/706 119/707 131/708
f 131/709 119/710 132/711
f 119/712 120/713 132/714
f 132/715 120/716 121/717
f 120/718 109/719 121/720
f 141/721 133/722 134/723
f 142/724 141/725 134/726
f 142/727 134/728 135/729
f 143/730 142/731 135/732
f 143/733 135/734 136/735
f 144/736 143/737 136/738
f 144/739 136/740 137/741
f 145/742 144/743 137/744
f 145/745 137/746 146/747
f 137/748 138/749 146/750
f 146/751 138/752 147/753
f 138/754 139/755 147/756
f 147/757 139/758 148/759
f 139/760 140/761 148/762
f 148/763 140/764 141/765
f 140/766 133/767 141/768
f 149/769 141/770 142/771
f 150/772 149/773 142/774
f 150/775 142/776 143/777
f 151/778 150/779 143/780
f 151/781 143/782 144/783
f 152/784 151/785 144/786
f 152/787 144/788 145/789
f 153/790 152/791 145/792
f 153/793 145/794 154/795
f 145/796 146/797 154/798
f 154/799 146/800 155/801
f 146/802 147/803 155/804
f 155/805 147/806 156/807
f 147/808 148/809 156/810
f 156/811 148/812 149/813
f 148/814 141/815 149/816
f 157/817 149/818 150/819
f 158/820 157/821 150/822
f 158/823 150/824 151/825
f 159/826 158/827 151/828
f 159/829 151/830 152/831
f 160/832 159/833 152/834
f 160/835 152/836 153/837
f 161/838 160/839 153/840
f 161/841 153/842 162/843
f 153/844 154/845 162/846
f 162/847 154/848 163/849
f 154/850 155/851 163/852
f 163/853 155/854 164/855
f 155/856 156/857 164/858
f 164/859 156/860 157/861
f 156/862 149/863 157/864
f 165/865 157/866 158/867
f 166/868 165/869 158/870
f 166/871 158/872 159/873
f 167/874 166/875 159/876
f 167/877 159/878 160/879
f 168/880 167/881 160/882
f 168/883 160/884 161/885
f 169/886 168/887 161/888
f 169/889 161/890 170/891
f 161/892 162/893 170/894
f 170/895 162/896 171/897
f 162/898 163/899 171/900
f 171/901 163/902 172/903
f 163/904 164/905 172/906
f 172/907 164/908 165/909
f 164/910 157/911 165/912
f 173/913 165/914 166/915
f 174/916 173/917 166/918
f 174/919 166/920 167/921
f 175/922 174/923 167/924
f 175/925 167/926 168/927
f 176/928 175/929 168/930
f 176/931 168/932 169/933
f 177/934 176/935 169/936
f 177/937 169/938 178/939
f 169/940 170/941 178/942
f 178/943 170/944 179/945
f 170/946 171/947 179/948
f 179/949 171/950 180/951
f 171/952 172/953 180/954
f 180/955 172/956 173/957
f 172/958 165/959 173/960
f 181/961 173/962 174/963
f 182/964 181/965 174/966
f 182/967 174/968 175/969
f 183/970 182/971 175/972
f 183/973 175/974 176/975
f 184/976 183/977 176/978
f 184/979 176/980 177/981
f 185/982 184/983 177/984
f 185/985 177/986 186/987
f 177/988 178/989 186/990
f 186/991 178/992 187/993
f 178/994 179/995 187/996
f 187/997 179/998 188/999
f 179/1000 180/1001 188/1002
f 188/1003 180/1004 181/1005
f 180/1006 173/1007 181/1008
f 189/1009 181/1010 182/1011
f 190/1012 189/1013 182/1014
f 190/1015 182/1016 183/1017
f 191/1018 190/1019 183/1020
f 191/1021 183/1022 184/1023
f 192/1024 191/1025 184/1026
f 192/1027 184/1028 185/1029
f 193/1030 192/1031 185/1032
f 193/1033 185/1034 194/1035
f 185/1036 186/1037 194/1038
f 194/1039 186/1040 195/1041
f 186/1042 187/1043 195/1044
f 195/1045 187/1046 196/1047
f 187/1048 188/1049 196/1050
f 196/1051 188/1052 189/1053
f 188/1054 181/1055 189/1056
f 197/1057 189/1058 190/1059
f 198/1060 197/1061 190/1062
f 198/1063 190/1064 191/1065
f 199/1066 198/1067 191/1068
f 199/1069 191/1070 192/1071
f 200/1072 199/1073 192/1074
f 200/1075 192/1076 193/1077
f 201/1078 200/1079 193/1080
f 201/1081 193/1082 202/1083
f 193/1084 194/1085 202/1086
f 202/1087 194/1088 203/1089
f 194/1090 195/1091 203/1092
f 203/1093 195/1094 204/1095
f 195/1096 196/1097 204/1098
f 204/1099 196/1100 197/1101
f 196/1102 189/1103 197/1104
f 205/1105 197/1106 198/1107
f 206/1108 205/1109 198/1110
f 206/1111 198/1112 199/1113
f 207/1114 206/1115 199/1116
f 207/1117 199/1118 200/1119
f 208/1120 207/1121 200/1122
f 208/1123 200/1124 201/1125
f 209/1126 208/1127 201/1128
f 209/1129 201/1130 210/1131
f 201/1132 202/1133 210/1134
f 210/1135 202/1136 211/1137
f 202/1138 203/1139 211/1140
f 211/1141 203/1142 212/1143
f 203/1144 204/1145 212/1146
f 212/1147 204/1148 205/1149
f 204/1150 197/1151 205/1152
f 213/1153 205/1154 206/1155
f 214/1156 213/1157 206/1158
f 214/1159 206/1160 207/1161
f 215/1162 214/1163 207/1164
f 215/1165 207/1166 208/1167
f 216/1168 215/1169 208/1170
f 216/1171 208/1172 209/1173
f 217/1174 216/1175 209/1176
f 217/1177 209/1178 218/1179
f 209/1180 210/1181 218/1182
f 218/1183 210/1184 219/1185
f 210/1186 211/1187 219/1188
f 219/1189 211/1190 220/1191
f 211/1192 212/1193 220/1194
f 220/1195 212/1196 213/1197
f 212/1198 205/1199 213/1200
f 229/1201 221/1202 222/1203
f 230/1204 229/1205 222/1206
f 230/1207 222/1208 223/1209
f 231/1210 230/1211 223/1212
f 231/1213 223/1214 224/1215
f 232/1216 231/1217 224/1218
f 232/1219 224/1220 225/1221
f 233/1222 232/1223 225/1224
f 233/1225 225/1226 234/1227
f 225/1228 226/1229 234/1230
f 234/1231 226/1232 235/1233
f 226/1234 227/1235 235/1236
f 235/1237 227/1238 236/1239
f 227/1240 228/1241 236/1242
f 236/1243 228/1244 229/1245
f 228/1246 221/1247 229/1248
f 237/1249 229/1250 230/1251
f 238/1252 237/1253 230/1254
f 238/1255 230/1256 231/1257
f 239/1258 238/1259 231/1260
f 239/1261 231/1262 232/1263
f 240/1264 239/1265 232/1266
f 240/1267 232/1268 233/1269
f 241/1270 240/1271 233/1272
f 241/1273 233/1274 242/1275
f 233/1276 234/1277 242/1278
f 242/1279 234/1280 243/1281
f 234/1282 235/1283 243/1284
f 243/1285 235/1286 244/1287
f 235/1288 236/1289 244/1290
f 244/1291 236/1292 237/1293
f 236/1294 229/1295 237/1296
f 245/1297 237/1298 238/1299
f 246/1300 245/1301 238/1302
f 246/1303 238/1304 239/1305
f 247/1306 246/1307 239/1308
f 247/1309 239/1310 240/1311
f 248/1312 247/1313 240/1314
f 248/1315 240/1316 241/1317
f 249/1318 248/1319 241/1320
f 249/1321 241/1322 250/1323
f 241/1324 242/1325 250/1326
f 250/1327 242/1328 251/1329
f 242/1330 243/1331 251/1332
f 251/1333 243/1334 252/1335
f 243/1336 244/1337 252/1338
f 252/1339 244/1340 245/1341
f 244/1342 237/1343 245/1344
f 253/1345 245/1346 246/1347
f 254/1348 253/1349 246/1350
f 254/1351 246/1352 247/1353
f 255/1354 254/1355 247/1356
f 255/1357 247/1358 248/1359
f 256/1360 255/1361 248/1362
f 256/1363 248/1364 249/1365
f 257/1366 256/1367 249/1368
f 257/1369 249/1370 258/1371
f 249/1372 250/1373 258/1374
f 258/1375 250/1376 259/1377
f 250/1378 251/1379 259/1380
f 259/1381 251/1382 260/1383
f 251/1384 252/1385 260/1386
f 260/1387 252/1388 253/1389
f 252/1390 245/1391 253/1392
f 261/1393 253/1394 254/1395
f 262/1396 261/1397 254/1398
f 262/1399 254/1400 255/1401
f 263/1402 262/1403 255/1404
f 263/1405 255/1406 256/1407
f 264/1408 263/1409 256/1410
f 264/1411 256/1412 257/1413
f 265/1414 264/1415 257/1416
f 265/1417 257/1418 266/1419
f 257/1420 258/1421 266/1422
f 266/1423 258/1424 267/1425
f 258/1426 259/1427 267/1428
f 267/1429 259/1430 268/1431
f 259/1432 260/1433 268/1434
f 268/1435 260/1436 261/1437
f 260/1438 253/1439 261/1440
f 269/1441 261/1442 262/1443
f 270/1444 269/1445 262/1446
f 270/1447 262/1448 263/1449
f 271/1450 270/1451 263/1452
f 271/1453 263/1454 264/1455
f 272/1456 271/1457 264/1458
f 272/1459 264/1460 265/1461
f 273/1462 272/1463 265/1464
f 273/1465 265/1466 274/1467
f 265/1468 266/1469 274/1470
f 274/1471 266/1472 275/1473
f 266/1474 267/1475 275/1476
f 275/1477 267/1478 276/1479
f 267/1480 268/1481 276/1482
f 276/1483 268/1484 269/1485
f 268/1486 261/1487 269/1488
f 277/1489 269/1490 270/1491
f 278/1492 277/1493 270/1494
f 278/1495 270/1496 271/1497
f 279/1498 278/1499 271/1500
f 279/1501 271/1502 272/1503
f 280/1504 279/1505 272/1506
f 280/1507 272/1508 273/1509
f 281/1510 280/1511 273/1512
f 281/1513 273/1514 282/1515
f 273/1516 274/1517 282/1518
f 282/1519 274/1520 283/1521
f 274/1522 275/1523 283/1524
f 283/1525 275/1526 284/1527
f 275/1528 276/1529 284/1530
f 284/1531 276/1532 277/1533
f 276/1534 269/1535 277/1536
f 285/1537 277/1538 278/1539
f 286/1540 285/1541 278/1542
f 286/1543 278/1544 279/1545
f 287/1546 286/1547 279/1548
f 287/1549 279/1550 280/1551
f 288/1552 287/1553 280/1554
f 288/1555 280/1556 281/1557
f 289/1558 288/1559 281/1560
f 289/1561 281/1562 290/1563
f 281/1564 282/1565 290/1566
f 290/1567 282/1568 291/1569
f 282/1570 283/1571 291/1572
f 291/1573 283/1574 292/1575
f 283/1576 284/1577 292/1578
f 292/1579 284/1580 285/1581
f 284/1582 277/1583 285/1584
f 293/1585 285/1586 286/1587
f 294/1588 293/1589 286/1590
f 294/1591 286/1592 287/1593
f 295/1594 294/1595 287/1596
f 295/1597 287/1598 288/1599
f 296/1600 295/1601 288/1602
f 296/1603 288/1604 289/1605
f 297/1606 296/1607 289/1608
f 297/1609 289/1610 298/1611
f 289/1612 290/1613 298/1614
f 298/1615 290/1616 299/1617
f 290/1618 291/1619 299/1620
f 299/1621 291/1622 300/1623
f 291/1624 292/1625 300/1626
f 300/1627 292/1628 293/1629
f 292/1630 285/1631 293/1632
f 301/1633 293/1634 294/1635
f 302/1636 301/1637 294/1638
f 302/1639 294/1640 295/1641
f 303/1642 302/1643 295/1644
f 303/1645 295/1646 296/1647
f 304/1648 303/1649 296/1650
f 304/1651 296/1652 297/1653
f 305/1654 304/1655 297/1656
f 305/1657 297/1658 306/1659
f 297/1660 298/1661 306/1662
f 306/1663 298/1664 307/1665
f 298/1666 299/1667 307/1668
f 307/1669 299/1670 308/1671
f 299/1672 300/1673 308/1674
f 308/1675 300/1676 301/1677
f 300/1678 293/1679 301/1680
f 317/1681 309/1682 310/1683
f 318/1684 317/1685 310/1686
f 318/1687 310/1688 311/1689
f 319/1690 318/1691 311/1692
f 319/1693 311/1694 312/1695
f 320/1696 319/1697 312/1698
f 320/1699 312/1700 313/1701
f 321/1702 320/1703 313/1704
f 321/1705 313/1706 322/1707
f 313/1708 314/1709 322/1710
f 322/1711 314/1712 323/1713
f 314/1714 315/1715 323/1716
f 323/1717 315/1718 324/1719
f 315/1720 316/1721 324/1722
f 324/1723 316/1724 317/1725
f 316/1726 309/1727 317/1728
f 325/1729 317/1730 318/1731
f 326/1732 325/1733 318/1734
f 326/1735 318/1736 319/1737
f 327/1738 326/1739 319/1740
f 327/1741 319/1742 320/1743
f 328/1744 327/1745 320/1746
f 328/1747 320/1748 321/1749
f 329/1750 328/1751 321/1752
f 329/1753 321/1754 330/1755
f 321/1756 322/1757 330/1758
f 330/1759 322/1760 331/1761
f 322/1762 323/1763 331/1764
f 331/1765 323/1766 332/1767
f 323/1768 324/1769 332/1770
f 332/1771 324/1772 325/1773
f 324/1774 317/1775 325/1776
f 333/1777 325/1778 326/1779
f 334/1780 333/1781 326/1782
f 334/1783 326/1784 327/1785
f 335/1786 334/1787 327/1788
f 335/1789 327/1790 328/1791
f 336/1792 335/1793 328/1794
f 336/1795 328/1796 329/1797
f 337/1798 336/1799 329/1800
f 337/1801 329/1802 338/1803
f 329/1804 330/1805 338/1806
f 338/1807 330/1808 339/1809
f 330/1810 331/1811 339/1812
f 339/1813 331/1814 340/1815
f 331/1816 332/1817 340/1818
f 340/1819 332/1820 333/1821
f 332/1822 325/1823 333/1824
f 341/1825 333/1826 334/1827
f 342/1828 341/1829 334/1830
f 342/1831 334/1832 335/1833
f 343/1834 342/1835 335/1836
f 343/1837 335/1838 336/1839
f 344/1840 343/1841 336/1842
f 344/1843 336/1844 337/1845
f 345/1846 344/1847 337/1848
f 345/1849 337/1850 346/1851
f 337/1852 338/1853 346/1854
f 346/1855 338/1856 347/1857
f 338/1858 339/1859 347/1860
f 347/1861 339/1862 348/1863
f 339/1864 340/1865 348/1866
f 348/1867 340/1868 341/1869
f 340/1870 333/1871 341/1872
f 349/1873 341/1874 342/1875
f 350/1876 349/1877 342/1878
f 350/1879 342/1880 343/1881
f 351/1882 350/1883 343/1884
f 351/1885 343/1886 344/1887
f 352/1888 351/1889 344/1890
f 352/1891 344/1892 345/1893
f 353/1894 352/1895 345/1896
f 353/1897 345/1898 354/1899
f 345/1900 346/1901 354/1902
f 354/1903 346/1904 355/1905
f 346/1906 347/1907 355/1908
f 355/1909 347/1910 356/1911
f 347/1912 348/1913 356/1914
f 356/1915 348/1916 349/1917
f 348/1918 341/1919 349/1920
f 357/1921 349/1922 350/1923
f 358/1924 357/1925 350/1926
f 358/1927 350/1928 351/1929
f 359/1930 358/1931 351/1932
f 359/1933 351/1934 352/1935
f 360/1936 359/1937 352/1938
f 360/1939 352/1940 353/1941
f 361/1942 360/1943 353/1944
f 361/1945 353/1946 362/1947
f 353/1948 354/1949 362/1950
f 362/1951 354/1952 363/1953
f 354/1954 355/1955 363/1956
f 363/1957 355/1958 364/1959
f 355/1960 356/1961 364/1962
f 364/1963 356/1964 357/1965
f 356/1966 349/1967 357/1968
f 365/1969 357/1970 358/1971
f 366/1972 365/1973 358/1974
f 366/1975 358/1976 359/1977
f 367/1978 366/1979 359/1980
f 367/1981 359/1982 360/1983
f 368/1984 367/1985 360/1986
f 368/1987 360/1988 361/1989
f 369/1990 368/1991 361/1992
f 369/1993 361/1994 370/1995
f 361/1996 362/1997 370/1998
f 370/1999 362/2000 371/2001
f 362/2002 363/2003 371/2004
f 371/2005 363/2006 372/2007
f 363/2008 364/2009 372/2010
f 372/2011 364/2012 365/2013
f 364/2014 357/2015 365/2016
f 373/2017 365/2018 366/2019
f 374/2020 373/2021 366/2022
f 374/2023 366/2024 367/2025
f 375/2026 374/2027 367/2028
f 375/2029 367/2030 368/2031
f 376/2032 375/2033 368/2034
f 376/2035 368/2036 369/2037
f 377/2038 376/2039 369/2040
f 377/2041 369/2042 378/2043
f 369/2044 370/2045 378/2046
f 378/2047 370/2048 379/2049
f 370/2050 371/2051 379/2052
f 379/2053 371/2054 380/2055
f 371/2056 372/2057 380/2058
f 380/2059 372/2060 373/2061
f 372/2062 365/2063 373/2064
f 381/2065 373/2066 374/2067
f 382/2068 381/2069 374/2070
f 382/2071 374/2072 375/2073
f 383/2074 382/2075 375/2076
f 383/2077 375/2078 376/2079
f 384/2080 383/2081 376/2082
f 384/2083 376/2084 377/2085
f 385/2086 384/2087 377/2088
f 385/2089 377/2090 386/2091
f 377/2092 378/2093 386/2094
f 386/2095 378/2096 387/2097
f 378/2098 379/2099 387/2100
f 387/2101 379/2102 388/2103
f 379/2104 380/2105 388/2106
f 388/2107 380/2108 381/2109
f 380/2110 373/2111 381/2112
f 389/2113 381/2114 382/2115
f 390/2116 389/2117 382/2118
f 390/2119 382/2120 383/2121
f 391/2122 390/2123 383/2124
f 391/2125 383/2126 384/2127
f 392/2128 391/2129 384/2130
f 392/2131 384/2132 385/2133
f 393/2134 392/2135 385/2136
f 393/2137 385/2138 394/2139
f 385/2140 386/2141 394/2142
f 394/2143 386/2144 395/2145
f 386/2146 387/2147 395/2148
f 395/2149 387/2150 396/2151
f 387/2152 388/2153 396/2154
f 396/2155 388/2156 389/2157
f 388/2158 381/2159 389/2160
f 405/2161 397/2162 398/2163
f 406/2164 405/2165 398/2166
f 406/2167 398/2168 399/2169
f 407/2170 406/2171 399/2172
f 407/2173 399/2174 400/2175
f 408/2176 407/2177 400/2178
f 408/2179 400/2180 401/2181
f 409/2182 408/2183 401/2184
f 409/2185 401/2186 410/2187
f 401/2188 402/2189 410/2190
f 410/2191 402/2192 411/2193
f 402/2194 403/2195 411/2196
f 411/2197 403/2198 412/2199
f 403/2200 404/2201 412/2202
f 412/2203 404/2204 405/2205
f 404/2206 397/2207 405/2208
f 413/2209 405/2210 406/2211
f 414/2212 413/2213 406/2214
f 414/2215 406/2216 407/2217
f 415/2218 414/2219 407/2220
f 415/2221 407/2222 408/2223
f 416/2224 415/2225 408/2226
f 416/2227 408/2228 409/2229
f 417/2230 416/2231 409/2232
f 417/2233 409/2234 418/2235
f 409/2236 410/2237 418/2238
f 418/2239 410/2240 419/2241
f 410/2242 411/2243 419/2244
f 419/2245 411/2246 420/2247
f 411/2248 412/2249 420/2250
f 420/2251 412/2252 413/2253
f 412/2254 405/2255 413/2256
f 421/2257 413/2258 414/2259
f 422/2260 421/2261 414/2262
f 422/2263 414/2264 415/2265
f 423/2266 422/2267 415/2268
f 423/2269 415/2270 416/2271
f 424/2272 423/2273 416/2274
f 424/2275 416/2276 417/2277
f 425/2278 424/2279 417/2280
f 425/2281 417/2282 426/2283
f 417/2284 418/2285 426/2286
f 426/2287 418/2288 427/2289
f 418/2290 419/2291 427/2292
f 427/2293 419/2294 428/2295
f 419/2296 420/2297 428/2298
f 428/2299 420/2300 421/2301
f 420/2302 413/2303 421/2304
f 429/2305 421/2306 422/2307
f 430/2308 429/2309 422/2310
f 430/2311 422/2312 423/2313
f 431/2314 430/2315 423/2316
f 431/2317 423/2318 424/2319
f 432/2320 431/2321 424/2322
f 432/2323 424/2324 425/2325
f 433/2326 432/2327 425/2328
f 433/2329 425/2330 434/2331
f 425/2332 426/2333 434/2334
f 434/2335 426/2336 435/2337
f 426/2338 427/2339 435/2340
f 435/2341 427/2342 436/2343
f 427/2344 428/2345 436/2346
f 436/2347 428/2348 429/2349
f 428/2350 421/2351 429/2352
f 437/2353 429/2354 430/2355
f 438/2356 437/2357 430/2358
f 438/2359 430/2360 431/2361
f 439/2362 438/2363 431/2364
f 439/2365 431/2366 432/2367
f 440/2368 439/2369 432/2370
f 440/2371 432/2372 433/2373
f 441/2374 440/2375 433/2376
f 441/2377 433/2378 442/2379
f 433/2380 434/2381 442/2382
f 442/2383 434/2384 443/2385
f 434/2386 435/2387 443/2388
f 443/2389 435/2390 444/2391
f 435/2392 436/2393 444/2394
f 444/2395 436/2396 437/2397
f 436/2398 429/2399 437/2400
f 445/2401 437/2402 438/2403
f 446/2404 445/2405 438/2406
f 446/2407 438/2408 439/2409
f 447/2410 446/2411 439/2412
f 447/2413 439/2414 440/2415
f 448/2416 447/2417 440/2418
f 448/2419 440/2420 441/2421
f 449/2422 448/2423 441/2424
f 449/2425 441/2426 450/2427
f 441/2428 442/2429 450/2430
f 450/2431 442/2432 451/2433
f 442/2434 443/2435 451/2436
f 451/2437 443/2438 452/2439
f 443/2440 444/2441 452/2442
f 452/2443 444/2444 445/2445
f 444/2446 437/2447 445/2448
f 453/2449 445/2450 446/2451
f 454/2452 453/2453 446/2454
f 454/2455 446/2456 447/2457
f 455/2458 454/2459 447/2460
f 455/2461 447/2462 448/2463
f 456/2464 455/2465 448/2466
f 456/2467 448/2468 449/2469
f 457/2470 456/2471 449/2472
f 457/2473 449/2474 458/2475
f 449/2476 450/2477 458/2478
f 458/2479 450/2480 459/2481
f 450/2482 451/2483 459/2484
f 459/2485 451/2486 460/2487
f 451/2488 452/2489 460/2490
f 460/2491 452/2492 453/2493
f 452/2494 445/2495 453/2496
f 461/2497 453/2498 454/2499
f 462/2500 461/2501 454/2502
f 462/2503 454/2504 455/2505
f 463/2506 462/2507 455/2508
f 463/2509 455/2510 456/2511
f 464/2512 463/2513 456/2514
f 464/2515 456/2516 457/2517
f 465/2518 464/2519 457/2520
f 465/2521 457/2522 466/2523
f 457/2524 458/2525 466/2526
f 466/2527 458/2528 467/2529
f 458/2530 459/2531 467/2532
f 467/2533 459/2534 468/2535
f 459/2536 460/2537 468/2538
f 468/2539 460/2540 461/2541
f 460/2542 453/2543 461/2544
f 477/2545 469/2546 470/2547
f 478/2548 477/2549 470/2550
f 478/2551 470/2552 471/2553
f 479/2554 478/2555 471/2556
f 479/2557 471/2558 472/2559
f 480/2560 479/2561 472/2562
f 480/2563 472/2564 473/2565
f 481/2566 480/2567 473/2568
f 481/2569 473/2570 482/2571
f 473/2572 474/2573 482/2574
f 482/2575 474/2576 483/2577
f 474/2578 475/2579 483/2580
f 483/2581 475/2582 484/2583
f 475/2584 476/2585 484/2586
f 484/2587 476/2588 477/2589
f 476/2590 469/2591 477/2592
f 485/2593 477/2594 478/2595
f 486/2596 485/2597 478/2598
f 486/2599 478/2600 479/2601
f 487/2602 486/2603 479/2604
f 487/2605 479/2606 480/2607
f 488/2608 487/2609 480/2610
f 488/2611 480/2612 481/2613
f 489/2614 488/2615 481/2616
f 489/2617 481/2618 490/2619
f 481/2620 482/2621 490/2622
f 490/2623 482/2624 491/2625
f 482/2626 483/2627 491/2628
f 491/2629 483/2630 492/2631
f 483/2632 484/2633 492/2634
f 492/2635 484/2636 485/2637
f 484/2638 477/2639 485/2640
f 493/2641 485/2642 486/2643
f 494/2644 493/2645 486/2646
f 494/2647 486/2648 487/2649
f 495/2650 494/2651 487/2652
f 495/2653 487/2654 488/2655
f 496/2656 495/2657 488/2658
f 496/2659 488/2660 489/2661
f 497/2662 496/2663 489/2664
f 497/2665 489/2666 498/2667
f 489/2668 490/2669 498/2670
f 498/2671 490/2672 499/2673
f 490/2674 491/2675 499/2676
f 499/2677 491/2678 500/2679
f 491/2680 492/2681 500/2682
f 500/2683 492/2684 493/2685
f 492/2686 485/2687 493/2688
f 501/2689 493/2690 494/2691
f 502/2692 501/2693 494/2694
f 502/2695 494/2696 495/2697
f 503/2698 502/2699 495/2700
f 503/2701 495/2702 496/2703
f 504/2704 503/2705 496/2706
f 504/2707 496/2708 497/2709
f 505/2710 504/2711 497/2712
f 505/2713 497/2714 506/2715
f 497/2716 498/2717 506/2718
f 506/2719 498/2720 507/2721
f 498/2722 499/2723 507/2724
f 507/2725 499/2726 508/2727
f 499/2728 500/2729 508/2730
f 508/2731 500/2732 501/2733
f 500/2734 493/2735 501/2736
f 509/2737 501/2738 502/2739
f 510/2740 509/2741 502/2742
f 510/2743 502/2744 503/2745
f 511/2746 510/2747 503/2748
f 511/2749 503/2750 504/2751
f 512/2752 511/2753 504/2754
f 512/2755 504/2756 505/2757
f 513/2758 512/2759 505/2760
f 513/2761 505/2762 514/2763
f 505/2764 506/2765 514/2766
f 514/2767 506/2768 515/2769
f 506/2770 507/2771 515/2772
f 515/2773 507/2774 516/2775
f 507/2776 508/2777 516/2778
f 516/2779 508/2780 509/2781
f 508/2782 501/2783 509/2784
f 517/2785 509/2786 510/2787
f 518/2788 517/2789 510/2790
f 518/2791 510/2792 511/2793
f 519/2794 518/2795 511/2796
f 519/2797 511/2798 512/2799
f 520/2800 519/2801 512/2802
f 520/2803 512/2804 513/2805
f 521/2806 520/2807 513/2808
f 521/2809 513/2810 522/2811
f 513/2812 514/2813 522/2814
f 522/2815 514/2816 523/2817
f 514/2818 515/2819 523/2820
f 523/2821 515/2822 524/2823
f 515/2824 516/2825 524/2826
f 524/2827 516/2828 517/2829
f 516/2830 509/2831 517/2832
f 525/2833 517/2834 518/2835
f 526/2836 525/2837 518/2838
f 526/2839 518/2840 519/2841
f 527/2842 526/2843 519/2844
f 527/2845 519/2846 520/2847
f 528/2848 527/2849 520/2850
f 528/2851 520/2852 521/2853
f 529/2854 528/2855 521/2856
f 529/2857 521/2858 530/2859
f 521/2860 522/2861 530/2862
f 530/2863 522/2864 531/2865
f 522/2866 523/2867 531/2868
f 531/2869 523/2870 532/2871
f 523/2872 524/2873 532/2874
f 532/2875 524/2876 525/2877
f 524/2878 517/2879 525/2880
f 533/2881 525/2882 526/2883
f 534/2884 533/2885 526/2886
f 534/2887 526/2888 527/2889
f 535/2890 534/2891 527/2892
f 535/2893 527/2894 528/2895
f 536/2896 535/2897 528/2898
f 536/2899 528/2900 529/2901
f 537/2902 536/2903 529/2904
f 537/2905 529/2906 538/2907
f 529/2908 530/2909 538/2910
f 538/2911 530/2912 539/2913
f 530/2914 531/2915 539/2916
f 539/2917 531/2918 540/2919
f 531/2920 532/2921 540/2922
f 540/2923 532/2924 533/2925
f 532/2926 525/2927 533/2928
f 549/2929 541/2930 542/2931
f 550/2932 549/2933 542/2934
f 550/2935 542/2936 543/2937
f 551/2938 550/2939 543/2940
f 551/2941 543/2942 544/2943
f 552/2944 551/2945 544/2946
f 552/2947 544/2948 545/2949
f 553/2950 552/2951 545/2952
f 553/2953 545/2954 554/2955
f 545/2956 546/2957 554/2958
f 554/2959 546/2960 555/2961
f 546/2962 547/2963 555/2964
f 555/2965 547/2966 556/2967
f 547/2968 548/2969 556/2970
f 556/2971 548/2972 549/2973
f 548/2974 541/2975 549/2976
f 557/2977 549/2978 550/2979
f 558/2980 557/2981 550/2982
f 558/2983 550/2984 551/2985
f 559/2986 558/2987 551/2988
f 559/2989 551/2990 552/2991
f 560/2992 559/2993 552/2994
f 560/2995 552/2996 553/2997
f 561/2998 560/2999 553/3000
f 561/3001 553/3002 562/3003
f 553/3004 554/3005 562/3006
f 562/3007 554/3008 563/3009
f 554/3010 555/3011 563/3012
f 563/3013 555/3014 564/3015
f 555/3016 556/3017 564/3018
f 564/3019 556/3020 557/3021
f 556/3022 549/3023 557/3024
f 565/3025 557/3026 558/3027
f 566/3028 565/3029 558/3030
f 566/3031 558/3032 559/3033
f 567/3034 566/3035 559/3036
f 567/3037 559/3038 560/3039
f 568/3040 567/3041 560/3042
f 568/3043 560/3044 561/3045
f 569/3046 568/3047 561/3048
f 569/3049 561/3050 570/3051
f 561/3052 562/3053 570/3054
f 570/3055 562/3056 571/3057
f 562/3058 563/3059 571/3060
f 571/3061 563/3062 572/3063
f 563/3064 564/3065 572/3066
f 572/3067 564/3068 565/3069
f 564/3070 557/3071 565/3072
f 573/3073 565/3074 566/3075
f 574/3076 573/3077 566/3078
f 574/3079 566/3080 567/3081
f 575/3082 574/3083 567/3084
f 575/3085 567/3086 568/3087
f 576/3088 575/3089 568/3090
f 576/3091 568/3092 569/3093
f 577/3094 576/3095 569/3096
f 577/3097 569/3098 578/3099
f 569/3100 570/3101 578/3102
f 578/3103 570/3104 579/3105
f 570/3106 571/3107 579/3108
f 579/3109 571/3110 580/3111
f 571/3112 572/3113 580/3114
f 580/3115 572/3116 573/3117
f 572/3118 565/3119 573/3120
f 589/3121 581/3122 582/3123
f 590/3124 589/3125 582/3126
f 590/3127 582/3128 583/3129
f 591/3130 590/3131 583/3132
f 591/3133 583/3134 584/3135
f 592/3136 591/3137 584/3138
f 592/3139 584/3140 585/3141
f 593/3142 592/3143 585/3144
f 593/3145 585/3146 594/3147
f 585/3148 586/3149 594/3150
f 594/3151 586/3152 595/3153
f 586/3154 587/3155 595/3156
f 595/3157 587/3158 596/3159
f 587/3160 588/3161 596/3162
f 596/3163 588/3164 589/3165
f 588/3166 581/3167 589/3168
f 597/3169 589/3170 590/3171
f 598/3172 597/3173 590/3174
f 598/3175 590/3176 591/3177
f 599/3178 598/3179 591/3180
f 599/3181 591/3182 592/3183
f 600/3184 599/3185 592/3186
f 600/3187 592/3188 593/3189
f 601/3190 600/3191 593/3192
f 601/3193 593/3194 602/3195
f 593/3196 594/3197 602/3198
f 602/3199 594/3200 603/3201
f 594/3202 595/3203 603/3204
f 603/3205 595/3206 604/3207
f 595/3208 596/3209 604/3210
f 604/3211 596/3212 597/3213
f 596/3214 589/3215 597/3216
f 605/3217 597/3218 598/3219
f 606/3220 605/3221 598/3222
f 606/3223 598/3224 599/3225
f 607/3226 606/3227 599/3228
f 607/3229 599/3230 600/3231
f 608/3232 607/3233 600/3234
f 608/3235 600/3236 601/3237
f 609/3238 608/3239 601/3240
f 609/3241 601/3242 610/3243
f 601/3244 602/3245 610/3246
f 610/3247 602/3248 611/3249
f 602/3250 603/3251 611/3252
f 611/3253 603/3254 612/3255
f 603/3256 604/3257 612/3258
f 612/3259 604/3260 605/3261
f 604/3262 597/3263 605/3264
f 613/3265 605/3266 606/3267
f 614/3268 613/3269 606/3270
f 614/3271 606/3272 607/3273
f 615/3274 614/3275 607/3276
f 615/3277 607/3278 608/3279
f 616/3280 615/3281 608/3282
f 616/3283 608/3284 609/3285
f 617/3286 616/3287 609/3288
f 617/3289 609/3290 618/3291
f 609/3292 610/3293 618/3294
f 618/3295 610/3296 619/3297
f 610/3298 611/3299 619/3300
f 619/3301 611/3302 620/3303
f 611/3304 612/3305 620/3306
f 620/3307 612/3308 613/3309
f 612/3310 605/3311 613/3312
f 629/3313 621/3314 622/3315
f 630/3316 629/3317 622/3318
f 630/3319 622/3320 623/3321
f 631/3322 630/3323 623/3324
f 631/3325 623/3326 624/3327
f 632/3328 631/3329 624/3330
f 632/3331 624/3332 625/3333
f 633/3334 632/3335 625/3336
f 633/3337 625/3338 634/3339
f 625/3340 626/3341 634/3342
f 634/3343 626/3344 635/3345
f 626/3346 627/3347 635/3348
f 635/3349 627/3350 636/3351
f 627/3352 628/3353 636/3354
f 636/3355 628/3356 629/3357
f 628/3358 621/3359 629/3360
f 637/3361 629/3362 630/3363
f 638/3364 637/3365 630/3366
f 638/3367 630/3368 631/3369
f 639/3370 638/3371 631/3372
f 639/3373 631/3374 632/3375
f 640/3376 639/3377 632/3378
f 640/3379 632/3380 633/3381
f 641/3382 640/3383 633/3384
f 641/3385 633/3386 642/3387
f 633/3388 634/3389 642/3390
f 642/3391 634/3392 643/3393
f 634/3394 635/3395 643/3396
f 643/3397 635/3398 644/3399
f 635/3400 636/3401 644/3402
f 644/3403 636/3404 637/3405
f 636/3406 629/3407 637/3408
f 645/3409 637/3410 638/3411
f 646/3412 645/3413 638/3414
f 646/3415 638/3416 639/3417
f 647/3418 646/3419 639/3420
f 647/3421 639/3422 640/3423
f 648/3424 647/3425 640/3426
f 648/3427 640/3428 641/3429
f 649/3430 648/3431 641/3432
f 649/3433 641/3434 650/3435
f 641/3436 642/3437 650/3438
f 650/3439 642/3440 651/3441
f 642/3442 643/3443 651/3444
f 651/3445 643/3446 652/3447
f 643/3448 644/3449 652/3450
f 652/3451 644/3452 645/3453
f 644/3454 637/3455 645/3456
f 653/3457 645/3458 646/3459
f 654/3460 653/3461 646/3462
f 654/3463 646/3464 647/3465
f 655/3466 654/3467 647/3468
f 655/3469 647/3470 648/3471
f 656/3472 655/3473 648/3474
f 656/3475 648/3476 649/3477
f 657/3478 656/3479 649/3480
f 657/3481 649/3482 658/3483
f 649/3484 650/3485 658/3486
f 658/3487 650/3488 659/3489
f 650/3490 651/3491 659/3492
f 659/3493 651/3494 660/3495
f 651/3496 652/3497 660/3498
f 660/3499 652/3500 653/3501
f 652/3502 645/3503 653/3504
f 669/3505 661/3506 662/3507
f 670/3508 669/3509 662/3510
f 670/3511 662/3512 663/3513
f 671/3514 670/3515 663/3516
f 671/3517 663/3518 664/3519
f 672/3520 671/3521 664/3522
f 672/3523 664/3524 665/3525
f 673/3526 672/3527 665/3528
f 673/3529 665/3530 674/3531
f 665/3532 666/3533 674/3534
f 674/3535 666/3536 675/3537
f 666/3538 667/3539 675/3540
f 675/3541 667/3542 676/3543
f 667/3544 668/3545 676/3546
f 676/3547 668/3548 669/3549
f 668/3550 661/3551 669/3552
f 677/3553 669/3554 670/3555
f 678/3556 677/3557 670/3558
f 678/3559 670/3560 671/3561
f 679/3562 678/3563 671/3564
f 679/3565 671/3566 672/3567
f 680/3568 679/3569 672/3570
f 680/3571 672/3572 673/3573
f 681/3574 680/3575 673/3576
f 681/3577 673/3578 682/3579
f 673/3580 674/3581 682/3582
f 682/3583 674/3584 683/3585
f 674/3586 675/3587 683/3588
f 683/3589 675/3590 684/3591
f 675/3592 676/3593 684/3594
f 684/3595 676/3596 677/3597
f 676/3598 669/3599 677/3600
f 685/3601 677/3602 678/3603
f 686/3604 685/3605 678/3606
f 686/3607 678/3608 679/3609
f 687/3610 686/3611 679/3612
f 687/3613 679/3614 680/3615
f 688/3616 687/3617 680/3618
f 688/3619 680/3620 681/3621
f 689/3622 688/3623 681/3624
f 689/3625 681/3626 690/3627
f 681/3628 682/3629 690/3630
f 690/3631 682/3632 691/3633
f 682/3634 683/3635 691/3636
f 691/3637 683/3638 692/3639
f 683/3640 684/3641 692/3642
f 692/3643 684/3644 685/3645
f 684/3646 677/3647 685/3648
f 693/3649 685/3650 686/3651
f 694/3652 693/3653 686/3654
f 694/3655 686/3656 687/3657
f 695/3658 694/3659 687/3660
f 695/3661 687/3662 688/3663
f 696/3664 695/3665 688/3666
f 696/3667 688/3668 689/3669
f 697/3670 696/3671 689/3672
f 697/3673 689/3674 698/3675
f 689/3676 690/3677 698/3678
f 698/3679 690/3680 699/3681
f 690/3682 691/3683 699/3684
f 699/3685 691/3686 700/3687
f 691/3688 692/3689 700/3690
f 700/3691 692/3692 693/3693
f 692/3694 685/3695 693/3696
f 701/3697 693/3698 694/3699
f 702/3700 701/3701 694/3702
f 702/3703 694/3704 695/3705
f 703/3706 702/3707 695/3708
f 703/3709 695/3710 696/3711
f 704/3712 703/3713 696/3714
f 704/3715 696/3716 697/3717
f 705/3718 704/3719 697/3720
f 705/3721 697/3722 706/3723
f 697/3724 698/3725 706/3726
f 706/3727 698/3728 707/3729
f 698/3730 699/3731 707/3732
f 707/3733 699/3734 708/3735
f 699/3736 700/3737 708/3738
f 708/3739 700/3740 701/3741
f 700/3742 693/3743 701/3744
f 709/3745 701/3746 702/3747
f 710/3748 709/3749 702/3750
f 710/3751 702/3752 703/3753
f 711/3754 710/3755 703/3756
f 711/3757 703/3758 704/3759
f 712/3760 711/3761 704/3762
f 712/3763 704/3764 705/3765
f 713/3766 712/3767 705/3768
f 713/3769 705/3770 714/3771
f 705/3772 706/3773 714/3774
f 714/3775 706/3776 715/3777
f 706/3778 707/3779 715/3780
f 715/3781 707/3782 716/3783
f 707/3784 708/3785 716/3786
f 716/3787 708/3788 709/3789
f 708/3790 701/3791 709/3792
f 717/3793 709/3794 710/3795
f 718/3796 717/3797 710/3798
f 718/3799 710/3800 711/3801
f 719/3802 718/3803 711/3804
f 719/3805 711/3806 712/3807
f 720/3808 719/3809 712/3810
f 720/3811 712/3812 713/3813
f 721/3814 720/3815 713/3816
f 721/3817 713/3818 722/3819
f 713/3820 714/3821 722/3822
f 722/3823 714/3824 723/3825
f 714/3826 715/3827 723/3828
f 723/3829 715/3830 724/3831
f 715/3832 716/3833 724/3834
f 724/3835 716/3836 717/3837
f 716/3838 709/3839 717/3840
f 725/3841 717/3842 718/3843
f 726/3844 725/3845 718/3846
f 726/3847 718/3848 719/3849
f 727/3850 726/3851 719/3852
f 727/3853 719/3854 720/3855
f 728/3856 727/3857 720/3858
f 728/3859 720/3860 721/3861
f 729/3862 728/3863 721/3864
f 729/3865 721/3866 730/3867
f 721/3868 722/3869 730/3870
f 730/3871 722/3872 731/3873
f 722/3874 723/3875 731/3876
f 731/3877 723/3878 732/3879
f 723/3880 724/3881 732/3882
f 732/3883 724/3884 725/3885
f 724/3886 717/3887 725/3888
f 733/3889 725/3890 726/3891
f 734/3892 733/3893 726/3894
f 734/3895 726/3896 727/3897
f 735/3898 734/3899 727/3900
f 735/3901 727/3902 728/3903
f 736/3904 735/3905 728/3906
f 736/3907 728/3908 729/3909
f 737/3910 736/3911 729/3912
f 737/3913 729/3914 738/3915
f 729/3916 730/3917 738/3918
f 738/3919 730/3920 739/3921
f 730/3922 731/3923 739/3924
f 739/3925 731/3926 740/3927
f 731/3928 732/3929 740/3930
f 740/3931 732/3932 733/3933
f 732/3934 725/3935 733/3936
f 741/3937 733/3938 734/3939
f 742/3940 741/3941 734/3942
f 742/3943 734/3944 735/3945
f 743/3946 742/3947 735/3948
f 743/3949 735/3950 736/3951
f 744/3952 743/3953 736/3954
f 744/3955 736/3956 737/3957
f 745/3958 744/3959 737/3960
f 745/3961 737/3962 746/3963
f 737/3964 738/3965 746/3966
f 746/3967 738/3968 747/3969
f 738/3970 739/3971 747/3972
f 747/3973 739/3974 748/3975
f 739/3976 740/3977 748/3978
f 748/3979 740/3980 741/3981
f 740/3982 733/3983 741/3984
f 749/3985 741/3986 742/3987
f 750/3988 749/3989 742/3990
f 750/3991 742/3992 743/3993
f 751/3994 750/3995 743/3996
f 751/3997 743/3998 744/3999
f 752/4000 751/4001 744/4002
f 752/4003 744/4004 745/4005
f 753/4006 752/4007 745/4008
f 753/4009 745/4010 754/4011
f 745/4012 746/4013 754/4014
f 754/4015 746/4016 755/4017
f 746/4018 747/4019 755/4020
f 755/4021 747/4022 756/4023
f 747/4024 748/4025 756/4026
f 756/4027 748/4028 749/4029
f 748/4030 741/4031 749/4032
f 757/4033 749/4034 750/4035
f 758/4036 757/4037 750/4038
f 758/4039 750/4040 751/4041
f 759/4042 758/4043 751/4044
f 759/4045 751/4046 752/4047
f 760/4048 759/4049 752/4050
f 760/4051 752/4052 753/4053
f 761/4054 760/4055 753/4056
f 761/4057 753/4058 762/4059
f 753/4060 754/4061 762/4062
f 762/4063 754/4064 763/4065
f 754/4066 755/4067 763/4068
f 763/4069 755/4070 764/4071
f 755/4072 756/4073 764/4074
f 764/4075 756/4076 757/4077
f 756/4078 749/4079 757/4080
f 765/4081 757/4082 758/4083
f 766/4084 765/4085 758/4086
f 766/4087 758/4088 759/4089
f 767/4090 766/4091 759/4092
f 767/4093 759/4094 760/4095
f 768/4096 767/4097 760/4098
f 768/4099 760/4100 761/4101
f 769/4102 768/4103 761/4104
f 769/4105 761/4106 770/4107
f 761/4108 762/4109 770/4110
f 770/4111 762/4112 771/4113
f 762/4114 763/4115 771/4116
f 771/4117 763/4118 772/4119
f 763/4120 764/4121 772/4122
f 772/4123 764/4124 765/4125
f 764/4126 757/4127 765/4128
f 781/4129 773/4130 774/4131
f 782/4132 781/4133 774/4134
f 782/4135 774/4136 775/4137
f 783/4138 782/4139 775/4140
f 783/4141 775/4142 776/4143
f 784/4144 783/4145 776/4146
f 784/4147 776/4148 777/4149
f 785/4150 784/4151 777/4152
f 785/4153 777/4154 786/4155
f 777/4156 778/4157 786/4158
f 786/4159 778/4160 787/4161
f 778/4162 779/4163 787/4164
f 787/4165 779/4166 788/4167
f 779/4168 780/4169 788/4170
f 788/4171 780/4172 781/4173
f 780/4174 773/4175 781/4176
f 789/4177 781/4178 782/4179
f 790/4180 789/4181 782/4182
f 790/4183 782/4184 783/4185
f 791/4186 790/4187 783/4188
f 791/4189 783/4190 784/4191
f 792/4192 791/4193 784/4194
f 792/4195 784/4196 785/4197
f 793/4198 792/4199 785/4200
f 793/4201 785/4202 794/4203
f 785/4204 786/4205 794/4206
f 794/4207 786/4208 795/4209
f 786/4210 787/4211 795/4212
f 795/4213 787/4214 796/4215
f 787/4216 788/4217 796/4218
f 796/4219 788/4220 789/4221
f 788/4222 781/4223 789/4224
f 797/4225 789/4226 790/4227
f 798/4228 797/4229 790/4230
f 798/4231 790/4232 791/4233
f 799/4234 798/4235 791/4236
f 799/4237 791/4238 792/4239
f 800/4240 799/4241 792/4242
f 800/4243 792/4244 793/4245
f 801/4246 800/4247 793/4248
f 801/4249 793/4250 802/4251
f 793/4252 794/4253 802/4254
f 802/4255 794/4256 803/4257
f 794/4258 795/4259 803/4260
f 803/4261 795/4262 804/4263
f 795/4264 796/4265 804/4266
f 804/4267 796/4268 797/4269
f 796/4270 789/4271 797/4272
f 805/4273 797/4274 798/4275
f 806/4276 805/4277 798/4278
f 806/4279 798/4280 799/4281
f 807/4282 806/4283 799/4284
f 807/4285 799/4286 800/4287
f 808/4288 807/4289 800/4290
f 808/4291 800/4292 801/4293
f 809/4294 808/4295 801/4296
f 809/4297 801/4298 810/4299
f 801/4300 802/4301 810/4302
f 810/4303 802/4304 811/4305
f 802/4306 803/4307 811/4308
f 811/4309 803/4310 812/4311
f 803/4312 804/4313 812/4314
f 812/4315 804/4316 805/4317
f 804/4318 797/4319 805/4320
f 813/4321 805/4322 806/4323
f 814/4324 813/4325 806/4326
f 814/4327 806/4328 807/4329
f 815/4330 814/4331 807/4332
f 815/4333 807/4334 808/4335
f 816/4336 815/4337 808/4338
f 816/4339 808/4340 809/4341
f 817/4342 816/4343 809/4344
f 817/4345 809/4346 818/4347
f 809/4348 810/4349 818/4350
f 818/4351 810/4352 819/4353
f 810/4354 811/4355 819/4356
f 819/4357 811/4358 820/4359
f 811/4360 812/4361 820/4362
f 820/4363 812/4364 813/4365
f 812/4366 805/4367 813/4368
f 821/4369 813/4370 814/4371
f 822/4372 821/4373 814/4374
f 822/4375 814/4376 815/4377
f 823/4378 822/4379 815/4380
f 823/4381 815/4382 816/4383
f 824/4384 823/4385 816/4386
f 824/4387 816/4388 817/4389
f 825/4390 824/4391 817/4392
f 825/4393 817/4394 826/4395
f 817/4396 818/4397 826/4398
f 826/4399 818/4400 827/4401
f 818/4402 819/4403 827/4404
f 827/4405 819/4406 828/4407
f 819/4408 820/4409 828/4410
f 828/4411 820/4412 821/4413
f 820/4414 813/4415 821/4416
f 829/4417 821/4418 822/4419
f 830/4420 829/4421 822/4422
f 830/4423 822/4424 823/4425
f 831/4426 830/4427 823/4428
f 831/4429 823/4430 824/4431
f 832/4432 831/4433 824/4434
f 832/4435 824/4436 825/4437
f 833/4438 832/4439 825/4440
f 833/4441 825/4442 834/4443
f 825/4444 826/4445 834/4446
f 834/4447 826/4448 835/4449
f 826/4450 827/4451 835/4452
f 835/4453 827/4454 836/4455
f 827/4456 828/4457 836/4458
f 836/4459 828/4460 829/4461
f 828/4462 821/4463 829/4464
f 837/4465 829/4466 830/4467
f 838/4468 837/4469 830/4470
f 838/4471 830/4472 831/4473
f 839/4474 838/4475 831/4476
f 839/4477 831/4478 832/4479
f 840/4480 839/4481 832/4482
f 840/4483 832/4484 833/4485
f 841/4486 840/4487 833/4488
f 841/4489 833/4490 842/4491
f 833/4492 834/4493 842/4494
f 842/4495 834/4496 843/4497
f 834/4498 835/4499 843/4500
f 843/4501 835/4502 844/4503
f 835/4504 836/4505 844/4506
f 844/4507 836/4508 837/4509
f 836/4510 829/4511 837/4512
f 845/4513 837/4514 838/4515
f 846/4516 845/4517 838/4518
f 846/4519 838/4520 839/4521
f 847/4522 846/4523 839/4524
f 847/4525 839/4526 840/4527
f 848/4528 847/4529 840/4530
f 848/4531 840/4532 841/4533
f 849/4534 848/4535 841/4536
f 849/4537 841/4538 850/4539
f 841/4540 842/4541 850/4542
f 850/4543 842/4544 851/4545
f 842/4546 843/4547 851/4548
f 851/4549 843/4550 852/4551
f 843/4552 844/4553 852/4554
f 852/4555 844/4556 845/4557
f 844/4558 837/4559 845/4560
f 853/4561 845/4562 846/4563
f 854/4564 853/4565 846/4566
f 854/4567 846/4568 847/4569
f 855/4570 854/4571 847/4572
f 855/4573 847/4574 848/4575
f 856/4576 855/4577 848/4578
f 856/4579 848/4580 849/4581
f 857/4582 856/4583 849/4584
f 857/4585 849/4586 858/4587
f 849/4588 850/4589 858/4590
f 858/4591 850/4592 859/4593
f 850/4594 851/4595 859/4596
f 859/4597 851/4598 860/4599
f 851/4600 852/4601 860/4602
f 860/4603 852/4604 853/4605
f 852/4606 845/4607 853/4608
f 861/4609 853/4610 854/4611
f 862/4612 861/4613 854/4614
f 862/4615 854/4616 855/4617
f 863/4618 862/4619 855/4620
f 863/4621 855/4622 856/4623
f 864/4624 863/4625 856/4626
f 864/4627 856/4628 857/4629
f 865/4630 864/4631 857/4632
f 865/4633 857/4634 866/4635
f 857/4636 858/4637 866/4638
f 866/4639 858/4640 867/4641
f 858/4642 859/4643 867/4644
f 867/4645 859/4646 868/4647
f 859/4648 860/4649 868/4650
f 868/4651 860/4652 861/4653
f 860/4654 853/4655 861/4656
f 869/4657 861/4658 862/4659
f 870/4660 869/4661 862/4662
f 870/4663 862/4664 863/4665
f 871/4666 870/4667 863/4668
f 871/4669 863/4670 864/4671
f 872/4672 871/4673 864/4674
f 872/4675 864/4676 865/4677
f 873/4678 872/4679 865/4680
f 873/4681 865/4682 874/4683
f 865/4684 866/4685 874/4686
f 874/4687 866/4688 875/4689
f 866/4690 867/4691 875/4692
f 875/4693 867/4694 876/4695
f 867/4696 868/4697 876/4698
f 876/4699 868/4700 869/4701
f 868/4702 861/4703 869/4704
f 877/4705 869/4706 870/4707
f 878/4708 877/4709 870/4710
f 878/4711 870/4712 871/4713
f 879/4714 878/4715 871/4716
f 879/4717 871/4718 872/4719
f 880/4720 879/4721 872/4722
f 880/4723 872/4724 873/4725
f 881/4726 880/4727 873/4728
f 881/4729 873/4730 882/4731
f 873/4732 874/4733 882/4734
f 882/4735 874/4736 883/4737
f 874/4738 875/4739 883/4740
f 883/4741 875/4742 884/4743
f 875/4744 876/4745 884/4746
f 884/4747 876/4748 877/4749
f 876/4750 869/4751 877/4752
f 893/4753 885/4754 886/4755
f 894/4756 893/4757 886/4758
f 894/4759 886/4760 887/4761
f 895/4762 894/4763 887/4764
f 895/4765 887/4766 888/4767
f 896/4768 895/4769 888/4770
f 896/4771 888/4772 889/4773
f 897/4774 896/4775 889/4776
f 897/4777 889/4778 898/4779
f 889/4780 890/4781 898/4782
f 898/4783 890/4784 899/4785
f 890/4786 891/4787 899/4788
f 899/4789 891/4790 900/4791
f 891/4792 892/4793 900/4794
f 900/4795 892/4796 893/4797
f 892/4798 885/4799 893/4800
f 901/4801 893/4802 894/4803
f 902/4804 901/4805 894/4806
f 902/4807 894/4808 895/4809
f 903/4810 902/4811 895/4812
f 903/4813 895/4814 896/4815
f 904/4816 903/4817 896/4818
f 904/4819 896/4820 897/4821
f 905/4822 904/4823 897/4824
f 905/4825 897/4826 906/4827
f 897/4828 898/4829 906/4830
f 906/4831 898/4832 907/4833
f 898/4834 899/4835 907/4836
f 907/4837 899/4838 908/4839
f 899/4840 900/4841 908/4842
f 908/4843 900/4844 901/4845
f 900/4846 893/4847 901/4848
f 909/4849 901/4850 902/4851
f 910/4852 909/4853 902/4854
f 910/4855 902/4856 903/4857
f 911/4858 910/4859 903/4860
f 911/4861 903/4862 904/4863
f 912/4864 911/4865 904/4866
f 912/4867 904/4868 905/4869
f 913/4870 912/4871 905/4872
f 913/4873 905/4874 914/4875
f 905/4876 906/4877 914/4878
f 914/4879 906/4880 915/4881
f 906/4882 907/4883 915/4884
f 915/4885 907/4886 916/4887
f 907/4888 908/4889 916/4890
f 916/4891 908/4892 909/4893
f 908/4894 901/4895 909/4896
f 917/4897 909/4898 910/4899
f 918/4900 917/4901 910/4902
f 918/4903 910/4904 911/4905
f 919/4906 918/4907 911/4908
f 919/4909 911/4910 912/4911
f 920/4912 919/4913 912/4914
f 920/4915 912/4916 913/4917
f 921/4918 920/4919 913/4920
f 921/4921 913/4922 922/4923
f 913/4924 914/4925 922/4926
f 922/4927 914/4928 923/4929
f 914/4930 915/4931 923/4932
f 923/4933 915/4934 924/4935
f 915/4936 916/4937 924/4938
f 924/4939 916/4940 917/4941
f 916/4942 909/4943 917/4944
f 925/4945 917/4946 918/4947
f 926/4948 925/4949 918/4950
f 926/4951 918/4952 919/4953
f 927/4954 926/4955 919/4956
f 927/4957 919/4958 920/4959
f 928/4960 927/4961 920/4962
f 928/4963 920/4964 921/4965
f 929/4966 928/4967 921/4968
f 929/4969 921/4970 930/4971
f 921/4972 922/4973 930/4974
f 930/4975 922/4976 931/4977
f 922/4978 923/4979 931/4980
f 931/4981 923/4982 932/4983
f 923/4984 924/4985 932/4986
f 932/4987 924/4988 925/4989
f 924/4990 917/4991 925/4992
f 933/4993 925/4994 926/4995
f 934/4996 933/4997 926/4998
f 934/4999 926/5000 927/5001
f 935/5002 934/5003 927/5004
f 935/5005 927/5006 928/5007
f 936/5008 935/5009 928/5010
f 936/5011 928/5012 929/5013
f 937/5014 936/5015 929/5016
f 937/5017 929/5018 938/5019
f 929/5020 930/5021 938/5022
f 938/5023 930/5024 939/5025
f 930/5026 931/5027 939/5028
f 939/5029 931/5030 940/5031
f 931/5032 932/5033 940/5034
f 940/5035 932/5036 933/5037
f 932/5038 925/5039 933/5040
f 941/5041 933/5042 934/5043
f 942/5044 941/5045 934/5046
f 942/5047 934/5048 935/5049
f 943/5050 942/5051 935/5052
f 943/5053 935/5054 936/5055
f 944/5056 943/5057 936/5058
f 944/5059 936/5060 937/5061
f 945/5062 944/5063 937/5064
f 945/5065 937/5066 946/5067
f 937/5068 938/5069 946/5070
f 946/5071 938/5072 947/5073
f 938/5074 939/5075 947/5076
f 947/5077 939/5078 948/5079
f 939/5080 940/5081 948/5082
f 948/5083 940/5084 941/5085
f 940/5086 933/5087 941/5088
f 949/5089 941/5090 942/5091
f 950/5092 949/5093 942/5094
f 950/5095 942/5096 943/5097
f 951/5098 950/5099 943/5100
f 951/5101 943/5102 944/5103
f 952/5104 951/5105 944/5106
f 952/5107 944/5108 945/5109
f 953/5110 952/5111 945/5112
f 953/5113 945/5114 954/5115
f 945/5116 946/5117 954/5118
f 954/5119 946/5120 955/5121
f 946/5122 947/5123 955/5124
f 955/5125 947/5126 956/5127
f 947/5128 948/5129 956/5130
f 956/5131 948/5132 949/5133
f 948/5134 941/5135 949/5136
f 957/5137 949/5138 950/5139
f 958/5140 957/5141 950/5142
f 958/5143 950/5144 951/5145
f 959/5146 958/5147 951/5148
f 959/5149 951/5150 952/5151
f 960/5152 959/5153 952/5154
f 960/5155 952/5156 953/5157
f 961/5158 960/5159 953/5160
f 961/5161 953/5162 962/5163
f 953/5164 954/5165 962/5166
f 962/5167 954/5168 963/5169
f 954/5170 955/5171 963/5172
f 963/5173 955/5174 964/5175
f 955/5176 956/5177 964/5178
f 964/5179 956/5180 957/5181
f 956/5182 949/5183 957/5184
f 965/5185 957/5186 958/5187
f 966/5188 965/5189 958/5190
f 966/5191 958/5192 959/5193
f 967/5194 966/5195 959/5196
f 967/5197 959/5198 960/5199
f 968/5200 967/5201 960/5202
f 968/5203 960/5204 961/5205
f 969/5206 968/5207 961/5208
f 969/5209 961/5210 970/5211
f 961/5212 962/5213 970/5214
f 970/5215 962/5216 971/5217
f 962/5218 963/5219 971/5220
f 971/5221 963/5222 972/5223
f 963/5224 964/5225 972/5226
f 972/5227 964/5228 965/5229
f 964/5230 957/5231 965/5232
f 973/5233 965/5234 966/5235
f 974/5236 973/5237 966/5238
f 974/5239 966/5240 967/5241
f 975/5242 974/5243 967/5244
f 975/5245 967/5246 968/5247
f 976/5248 975/5249 968/5250
f 976/5251 968/5252 969/5253
f 977/5254 976/5255 969/5256
f 977/5257 969/5258 978/5259
f 969/5260 970/5261 978/5262
f 978/5263 970/5264 979/5265
f 970/5266 971/5267 979/5268
f 979/5269 971/5270 980/5271
f 971/5272 972/5273 980/5274
f 980/5275 972/5276 973/5277
f 972/5278 965/5279 973/5280
f 981/5281 973/5282 974/5283
f 982/5284 981/5285 974/5286
f 982/5287 974/5288 975/5289
f 983/5290 982/5291 975/5292
f 983/5293 975/5294 976/5295
f 984/5296 983/5297 976/5298
f 984/5299 976/5300 977/5301
f 985/5302 984/5303 977/5304
f 985/5305 977/5306 986/5307
f 977/5308 978/5309 986/5310
f 986/5311 978/5312 987/5313
f 978/5314 979/5315 987/5316
f 987/5317 979/5318 988/5319
f 979/5320 980/5321 988/5322
f 988/5323 980/5324 981/5325
f 980/5326 973/5327 981/5328
f 989/5329 981/5330 982/5331
f 990/5332 989/5333 982/5334
f 990/5335 982/5336 983/5337
f 991/5338 990/5339 983/5340
f 991/5341 983/5342 984/5343
f 992/5344 991/5345 984/5346
f 992/5347 984/5348 985/5349
f 993/5350 992/5351 985/5352
f 993/5353 985/5354 994/5355
f 985/5356 986/5357 994/5358
f 994/5359 986/5360 995/5361
f 986/5362 987/5363 995/5364
f 995/5365 987/5366 996/5367
f 987/5368 988/5369 996/5370
f 996/5371 988/5372 989/5373
f 988/5374 981/5375 989/5376
f 1005/5377 997/5378 998/5379
f 1006/5380 1005/5381 998/5382
f 1006/5383 998/5384 999/5385
f 1007/5386 1006/5387 999/5388
f 1007/5389 999/5390 1000/5391
f 1008/5392 1007/5393 1000/5394
f 1008/5395 1000/5396 1001/5397
f 1009/5398 1008/5399 1001/5400
f 1009/5401 1001/5402 1010/5403
f 1001/5404 1002/5405 1010/5406
f 1010/5407 1002/5408 1011/5409
f 1002/5410 1003/5411 1011/5412
f 1011/5413 1003/5414 1012/5415
f 1003/5416 1004/5417 1012/5418
f 1012/5419 1004/5420 1005/5421
f 1004/5422 997/5423 1005/5424
f 1013/5425 1005/5426 1006/5427
f 1014/5428 1013/5429 1006/5430
f 1014/5431 1006/5432 1007/5433
f 1015/5434 1014/5435 1007/5436
f 1015/5437 1007/5438 1008/5439
f 1016/5440 1015/5441 1008/5442
f 1016/5443 1008/5444 1009/5445
f 1017/5446 1016/5447 1009/5448
f 1017/5449 1009/5450 1018/5451
f 1009/5452 1010/5453 1018/5454
f 1018/5455 1010/5456 1019/5457
f 1010/5458 1011/5459 1019/5460
f 1019/5461 1011/5462 1020/5463
f 1011/5464 1012/5465 1020/5466
f 1020/5467 1012/5468 1013/5469
f 1012/5470 1005/5471 1013/5472
f 1021/5473 1013/5474 1014/5475
f 1022/5476 1021/5477 1014/5478
f 1022/5479 1014/5480 1015/5481
f 1023/5482 1022/5483 1015/5484
f 1023/5485 1015/5486 1016/5487
f 1024/5488 1023/5489 1016/5490
f 1024/5491 1016/5492 1017/5493
f 1025/5494 1024/5495 1017/5496
f 1025/5497 1017/5498 1026/5499
f 1017/5500 1018/5501 1026/5502
f 1026/5503 1018/5504 1027/5505
f 1018/5506 1019/5507 1027/5508
f 1027/5509 1019/5510 1028/5511
f 1019/5512 1020/5513 1028/5514
f 1028/5515 1020/5516 1021/5517
f 1020/5518 1013/5519 1021/5520
f 1029/5521 1021/5522 1022/5523
f 1030/5524 1029/5525 1022/5526
f 1030/5527 1022/5528 1023/5529
f 1031/5530 1030/5531 1023/5532
f 1031/5533 1023/5534 1024/5535
f 1032/5536 1031/5537 1024/5538
f 1032/5539 1024/5540 1025/5541
f 1033/5542 1032/5543 1025/5544
f 1033/5545 1025/5546 1034/5547
f 1025/5548 1026/5549 1034/5550
f 1034/5551 1026/5552 1035/5553
f 1026/5554 1027/5555 1035/5556
f 1035/5557 1027/5558 1036/5559
f 1027/5560 1028/5561 1036/5562
f 1036/5563 1028/5564 1029/5565
f 1028/5566 1021/5567 1029/5568
f 1037/5569 1029/5570 1030/5571
f 1038/5572 1037/5573 1030/5574
f 1038/5575 1030/5576 1031/5577
f 1039/5578 1038/5579 1031/5580
f 1039/5581 1031/5582 1032/5583
f 1040/5584 1039/5585 1032/5586
f 1040/5587 1032/5588 1033/5589
f 1041/5590 1040/5591 1033/5592
f 1041/5593 1033/5594 1042/5595
f 1033/5596 1034/5597 1042/5598
f 1042/5599 1034/5600 1043/5601
f 1034/5602 1035/5603 1043/5604
f 1043/5605 1035/5606 1044/5607
f 1035/5608 1036/5609 1044/5610
f 1044/5611 1036/5612 1037/5613
f 1036/5614 1029/5615 1037/5616
f 1045/5617 1037/5618 1038/5619
f 1046/5620 1045/5621 1038/5622
f 1046/5623 1038/5624 1039/5625
f 1047/5626 1046/5627 1039/5628
f 1047/5629 1039/5630 1040/5631
f 1048/5632 1047/5633 1040/5634
f 1048/5635 1040/5636 1041/5637
f 1049/5638 1048/5639 1041/5640
f 1049/5641 1041/5642 1050/5643
f 1041/5644 1042/5645 1050/5646
f 1050/5647 1042/5648 1051/5649
f 1042/5650 1043/5651 1051/5652
f 1051/5653 1043/5654 1052/5655
f 1043/5656 1044/5657 1052/5658
f 1052/5659 1044/5660 1045/5661
f 1044/5662 1037/5663 1045/5664
f 1061/5665 1053/5666 1054/5667
f 1062/5668 1061/5669 1054/5670
f 1062/5671 1054/5672 1055/5673
f 1063/5674 1062/5675 1055/5676
f 1063/5677 1055/5678 1056/5679
f 1064/5680 1063/5681 1056/5682
f 1064/5683 1056/5684 1057/5685
f 1065/5686 1064/5687 1057/5688
f 1065/5689 1057/5690 1066/5691
f 1057/5692 1058/5693 1066/5694
f 1066/5695 1058/5696 1067/5697
f 1058/5698 1059/5699 1067/5700
f 1067/5701 1059/5702 1068/5703
f 1059/5704 1060/5705 1068/5706
f 1068/5707 1060/5708 1061/5709
f 1060/5710 1053/5711 1061/5712
f 1069/5713 1061/5714 1062/5715
f 1070/5716 1069/5717 1062/5718
f 1070/5719 1062/5720 1063/5721
f 1071/5722 1070/5723 1063/5724
f 1071/5725 1063/5726 1064/5727
f 1072/5728 1071/5729 1064/5730
f 1072/5731 1064/5732 1065/5733
f 1073/5734 1072/5735 1065/5736
f 1073/5737 1065/5738 1074/5739
f 1065/5740 1066/5741 1074/5742
f 1074/5743 1066/5744 1075/5745
f 1066/5746 1067/5747 1075/5748
f 1075/5749 1067/5750 1076/5751
f 1067/5752 1068/5753 1076/5754
f 1076/5755 1068/5756 1069/5757
f 1068/5758 1061/5759 1069/5760
f 1077/5761 1069/5762 1070/5763
f 1078/5764 1077/5765 1070/5766
f 1078/5767 1070/5768 1071/5769
f 1079/5770 1078/5771 1071/5772
f 1079/5773 1071/5774 1072/5775
f 1080/5776 1079/5777 1072/5778
f 1080/5779 1072/5780 1073/5781
f 1081/5782 1080/5783 1073/5784
f 1081/5785 1073/5786 1082/5787
f 1073/5788 1074/5789 1082/5790
f 1082/5791 1074/5792 1083/5793
f 1074/5794 1075/5795 1083/5796
f 1083/5797 1075/5798 1084/5799
f 1075/5800 1076/5801 1084/5802
f 1084/5803 1076/5804 1077/5805
f 1076/5806 1069/5807 1077/5808
f 1085/5809 1077/5810 1078/5811
f 1086/5812 1085/5813 1078/5814
f 1086/5815 1078/5816 1079/5817
f 1087/5818 1086/5819 1079/5820
f 1087/5821 1079/5822 1080/5823
f 1088/5824 1087/5825 1080/5826
f 1088/5827 1080/5828 1081/5829
f 1089/5830 1088/5831 1081/5832
f 1089/5833 1081/5834 1090/5835
f 1081/5836 1082/5837 1090/5838
f 1090/5839 1082/5840 1091/5841
f 1082/5842 1083/5843 1091/5844
f 1091/5845 1083/5846 1092/5847
f 1083/5848 1084/5849 1092/5850
f 1092/5851 1084/5852 1085/5853
f 1084/5854 1077/5855 1085/5856
f 1093/5857 1085/5858 1086/5859
f 1094/5860 1093/5861 1086/5862
f 1094/5863 1086/5864 1087/5865
f 1095/5866 1094/5867 1087/5868
f 1095/5869 1087/5870 1088/5871
f 1096/5872 1095/5873 1088/5874
f 1096/5875 1088/5876 1089/5877
f 1097/5878 1096/5879 1089/5880
f 1097/5881 1089/5882 1098/5883
f 1089/5884 1090/5885 1098/5886
f 1098/5887 1090/5888 1099/5889
f 1090/5890 1091/5891 1099/5892
f 1099/5893 1091/5894 1100/5895
f 1091/5896 1092/5897 1100/5898
f 1100/5899 1092/5900 1093/5901
f 1092/5902 1085/5903 1093/5904
f 1101/5905 1093/5906 1094/5907
f 1102/5908 1101/5909 1094/5910
f 1102/5911 1094/5912 1095/5913
f 1103/5914 1102/5915 1095/5916
f 1103/5917 1095/5918 1096/5919
f 1104/5920 1103/5921 1096/5922
f 1104/5923 1096/5924 1097/5925
f 1105/5926 1104/5927 1097/5928
f 1105/5929 1097/5930 1106/5931
f 1097/5932 1098/5933 1106/5934
f 1106/5935 1098/5936 1107/5937
f 1098/5938 1099/5939 1107/5940
f 1107/5941 1099/5942 1108/5943
f 1099/5944 1100/5945 1108/5946
f 1108/5947 1100/5948 1101/5949
f 1100/5950 1093/5951 1101/5952
f 1121/5953 1109/5954 1110/5955
f 1122/5956 1121/5957 1110/5958
f 1122/5959 1110/5960 1111/5961
f 1123/5962 1122/5963 1111/5964
f 1123/5965 1111/5966 1112/5967
f 1124/5968 1123/5969 1112/5970
f 1124/5971 1112/5972 1113/5973
f 1125/5974 1124/5975 1113/5976
f 1125/5977 1113/5978 1114/5979
f 1126/5980 1125/5981 1114/5982
f 1126/5983 1114/5984 1115/5985
f 1127/5986 1126/5987 1115/5988
f 1127/5989 1115/5990 1128/5991
f 1115/5992 1116/5993 1128/5994
f 1128/5995 1116/5996 1129/5997
f 1116/5998 1117/5999 1129/6000
f 1129/6001 1117/6002 1130/6003
f 1117/6004 1118/6005 1130/6006
f 1130/6007 1118/6008 1131/6009
f 1118/6010 1119/6011 1131/6012
f 1131/6013 1119/6014 1132/6015
f 1119/6016 1120/6017 1132/6018
f 1132/6019 1120/6020 1121/6021
f 1120/6022 1109/6023 1121/6024
f 1133/6025 1121/6026 1122/6027
f 1134/6028 1133/6029 1122/6030
f 1134/6031 1122/6032 1123/6033
f 1135/6034 1134/6035 1123/6036
f 1135/6037 1123/6038 1124/6039
f 1136/6040 1135/6041 1124/6042
f 1136/6043 1124/6044 1125/6045
f 1137/6046 1136/6047 1125/6048
f 1137/6049 1125/6050 1126/6051
f 1138/6052 1137/6053 1126/6054
f 1138/6055 1126/6056 1127/6057
f 1139/6058 1138/6059 1127/6060
f 1139/6061 1127/6062 1140/6063
f 1127/6064 1128/6065 1140/6066
f 1140/6067 1128/6068 1141/6069
f 1128/6070 1129/6071 1141/6072
f 1141/6073 1129/6074 1142/6075
f 1129/6076 1130/6077 1142/6078
f 1142/6079 1130/6080 1143/6081
f 1130/6082 1131/6083 1143/6084
f 1143/6085 1131/6086 1144/6087
f 1131/6088 1132/6089 1144/6090
f 1144/6091 1132/6092 1133/6093
f 1132/6094 1121/6095 1133/6096
f 1145/6097 1133/6098 1134/6099
f 1146/6100 1145/6101 1134/6102
f 1146/6103 1134/6104 1135/6105
f 1147/6106 1146/6107 1135/6108
f 1147/6109 1135/6110 1136/6111
f 1148/6112 1147/6113 1136/6114
f 1148/6115 1136/6116 1137/6117
f 1149/6118 1148/6119 1137/6120
f 1149/6121 1137/6122 1138/6123
f 1150/6124 1149/6125 1138/6126
f 1150/6127 1138/6128 1139/6129
f 1151/6130 1150/6131 1139/6132
f 1151/6133 1139/6134 1152/6135
f 1139/6136 1140/6137 1152/6138
f 1152/6139 1140/6140 1153/6141
f 1140/6142 1141/6143 1153/6144
f 1153/6145 1141/6146 1154/6147
f 1141/6148 1142/6149 1154/6150
f 1154/6151 1142/6152 1155/6153
f 1142/6154 1143/6155 1155/6156
f 1155/6157 1143/6158 1156/6159
f 1143/6160 1144/6161 1156/6162
f 1156/6163 1144/6164 1145/6165
f 1144/6166 1133/6167 1145/6168
f 1157/6169 1145/6170 1146/6171
f 1158/6172 1157/6173 1146/6174
f 1158/6175 1146/6176 1147/6177
f 1159/6178 1158/6179 1147/6180
f 1159/6181 1147/6182 1148/6183
f 1160/6184 1159/6185 1148/6186
f 1160/6187 1148/6188 1149/6189
f 1161/6190 1160/6191 1149/6192
f 1161/6193 1149/6194 1150/6195
f 1162/6196 1161/6197 1150/6198
f 1162/6199 1150/6200 1151/6201
f 1163/6202 1162/6203 1151/6204
f 1163/6205 1151/6206 1164/6207
f 1151/6208 1152/6209 1164/6210
f 1164/6211 1152/6212 1165/6213
f 1152/6214 1153/6215 1165/6216
f 1165/6217 1153/6218 1166/6219
f 1153/6220 1154/6221 1166/6222
f 1166/6223 1154/6224 1167/6225
f 1154/6226 1155/6227 1167/6228
f 1167/6229 1155/6230 1168/6231
f 1155/6232 1156/6233 1168/6234
f 1168/6235 1156/6236 1157/6237
f 1156/6238 1145/6239 1157/6240
f 1169/6241 1157/6242 1158/6243
f 1170/6244 1169/6245 1158/6246
f 1170/6247 1158/6248 1159/6249
f 1171/6250 1170/6251 1159/6252
f 1171/6253 1159/6254 1160/6255
f 1172/6256 1171/6257 1160/6258
f 1172/6259 1160/6260 1161/6261
f 1173/6262 1172/6263 1161/6264
f 1173/6265 1161/6266 1162/6267
f 1174/6268 1173/6269 1162/6270
f 1174/6271 1162/6272 1163/6273
f 1175/6274 1174/6275 1163/6276
f 1175/6277 1163/6278 1176/6279
f 1163/6280 1164/6281 1176/6282
f 1176/6283 1164/6284 1177/6285
f 1164/6286 1165/6287 1177/6288
f 1177/6289 1165/6290 1178/6291
f 1165/6292 1166/6293 1178/6294
f 1178/6295 1166/6296 1179/6297
f 1166/6298 1167/6299 1179/6300
f 1179/6301 1167/6302 1180/6303
f 1167/6304 1168/6305 1180/6306
f 1180/6307 1168/6308 1169/6309
f 1168/6310 1157/6311 1169/6312
f 1181/6313 1169/6314 1170/6315
f 1182/6316 1181/6317 1170/6318
f 1182/6319 1170/6320 1171/6321
f 1183/6322 1182/6323 1171/6324
f 1183/6325 1171/6326 1172/6327
f 1184/6328 1183/6329 1172/6330
f 1184/6331 1172/6332 1173/6333
f 1185/6334 1184/6335 1173/6336
f 1185/6337 1173/6338 1174/6339
f 1186/6340 1185/6341 1174/6342
f 1186/6343 1174/6344 1175/6345
f 1187/6346 1186/6347 1175/6348
f 1187/6349 1175/6350 1188/6351
f 1175/6352 1176/6353 1188/6354
f 1188/6355 1176/6356 1189/6357
f 1176/6358 1177/6359 1189/6360
f 1189/6361 1177/6362 1190/6363
f 1177/6364 1178/6365 1190/6366
f 1190/6367 1178/6368 1191/6369
f 1178/6370 1179/6371 1191/6372
f 1191/6373 1179/6374 1192/6375
f 1179/6376 1180/6377 1192/6378
f 1192/6379 1180/6380 1181/6381
f 1180/6382 1169/6383 1181/6384
f 1193/6385 1181/6386 1182/6387
f 1194/6388 1193/6389 1182/6390
f 1194/6391 1182/6392 1183/6393
f 1195/6394 1194/6395 1183/6396
f 1195/6397 1183/6398 1184/6399
f 1196/6400 1195/6401 1184/6402
f 1196/6403 1184/6404 1185/6405
f 1197/6406 1196/6407 1185/6408
f 1197/6409 1185/6410 1186/6411
f 1198/6412 1197/6413 1186/6414
f 1198/6415 1186/6416 1187/6417
f 1199/6418 1198/6419 1187/6420
f 1199/6421 1187/6422 1200/6423
f 1187/6424 1188/6425 1200/6426
f 1200/6427 1188/6428 1201/6429
f 1188/6430 1189/6431 1201/6432
f 1201/6433 1189/6434 1202/6435
f 1189/6436 1190/6437 1202/6438
f 1202/6439 1190/6440 1203/6441
f 1190/6442 1191/6443 1203/6444
f 1203/6445 1191/6446 1204/6447
f 1191/6448 1192/6449 1204/6450
f 1204/6451 1192/6452 1193/6453
f 1192/6454 1181/6455 1193/6456
f 1205/6457 1193/6458 1194/6459
f 1206/6460 1205/6461 1194/6462
f 1206/6463 1194/6464 1195/6465
f 1207/6466 1206/6467 1195/6468
f 1207/6469 1195/6470 1196/6471
f 1208/6472 1207/6473 1196/6474
f 1208/6475 1196/6476 1197/6477
f 1209/6478 1208/6479 1197/6480
f 1209/6481 1197/6482 1198/6483
f 1210/6484 1209/6485 1198/6486
f 1210/6487 1198/6488 1199/6489
f 1211/6490 1210/6491 1199/6492
f 1211/6493 1199/6494 1212/6495
f 1199/6496 1200/6497 1212/6498
f 1212/6499 1200/6500 1213/6501
f 1200/6502 1201/6503 1213/6504
f 1213/6505 1201/6506 1214/6507
f 1201/6508 1202/6509 1214/6510
f 1214/6511 1202/6512 1215/6513
f 1202/6514 1203/6515 1215/6516
f 1215/6517 1203/6518 1216/6519
f 1203/6520 1204/6521 1216/6522
f 1216/6523 1204/6524 1205/6525
f 1204/6526 1193/6527 1205/6528
f 1217/6529 1205/6530 1206/6531
f 1218/6532 1217/6533 1206/6534
f 1218/6535 1206/6536 1207/6537
f 1219/6538 1218/6539 1207/6540
f 1219/6541 1207/6542 1208/6543
f 1220/6544 1219/6545 1208/6546
f 1220/6547 1208/6548 1209/6549
f 1221/6550 1220/6551 1209/6552
f 1221/6553 1209/6554 1210/6555
f 1222/6556 1221/6557 1210/6558
f 1222/6559 1210/6560 1211/6561
f 1223/6562 1222/6563 1211/6564
f 1223/6565 1211/6566 1224/6567
f 1211/6568 1212/6569 1224/6570
f 1224/6571 1212/6572 1225/6573
f 1212/6574 1213/6575 1225/6576
f 1225/6577 1213/6578 1226/6579
f 1213/6580 1214/6581 1226/6582
f 1226/6583 1214/6584 1227/6585
f 1214/6586 1215/6587 1227/6588
f 1227/6589 1215/6590 1228/6591
f 1215/6592 1216/6593 1228/6594
f 1228/6595 1216/6596 1217/6597
f 1216/6598 1205/6599 1217/6600
f 1229/6601 1217/6602 1218/6603
f 1230/6604 1229/6605 1218/6606
f 1230/6607 1218/6608 1219/6609
f 1231/6610 1230/6611 1219/6612
f 1231/6613 1219/6614 1220/6615
f 1232/6616 1231/6617 1220/6618
f 1232/6619 1220/6620 1221/6621
f 1233/6622 1232/6623 1221/6624
f 1233/6625 1221/6626 1222/6627
f 1234/6628 1233/6629 1222/6630
f 1234/6631 1222/6632 1223/6633
f 1235/6634 1234/6635 1223/6636
f 1235/6637 1223/6638 1236/6639
f 1223/6640 1224/6641 1236/6642
f 1236/6643 1224/6644 1237/6645
f 1224/6646 1225/6647 1237/6648
f 1237/6649 1225/6650 1238/6651
f 1225/6652 1226/6653 1238/6654
f 1238/6655 1226/6656 1239/6657
f 1226/6658 1227/6659 1239/6660
f 1239/6661 1227/6662 1240/6663
f 1227/6664 1228/6665 1240/6666
f 1240/6667 1228/6668 1229/6669
f 1228/6670 1217/6671 1229/6672
f 1253/6673 1241/6674 1242/6675
f 1254/6676 1253/6677 1242/6678
f 1254/6679 1242/6680 1243/6681
f 1255/6682 1254/6683 1243/6684
f 1255/6685 1243/6686 1244/6687
f 1256/6688 1255/6689 1244/6690
f 1256/6691 1244/6692 1245/6693
f 1257/6694 1256/6695 1245/6696
f 1257/6697 1245/6698 1246/6699
f 1258/6700 1257/6701 1246/6702
f 1258/6703 1246/6704 1247/6705
f 1259/6706 1258/6707 1247/6708
f 1259/6709 1247/6710 1260/6711
f 1247/6712 1248/6713 1260/6714
f 1260/6715 1248/6716 1261/6717
f 1248/6718 1249/6719 1261/6720
f 1261/6721 1249/6722 1262/6723
f 1249/6724 1250/6725 1262/6726
f 1262/6727 1250/6728 1263/6729
f 1250/6730 1251/6731 1263/6732
f 1263/6733 1251/6734 1264/6735
f 1251/6736 1252/6737 1264/6738
f 1264/6739 1252/6740 1253/6741
f 1252/6742 1241/6743 1253/6744
f 1265/6745 1253/6746 1254/6747
f 1266/6748 1265/6749 1254/6750
f 1266/6751 1254/6752 1255/6753
f 1267/6754 1266/6755 1255/6756
f 1267/6757 1255/6758 1256/6759
f 1268/6760 1267/6761 1256/6762
f 1268/6763 1256/6764 1257/6765
f 1269/6766 1268/6767 1257/6768
f 1269/6769 1257/6770 1258/6771
f 1270/6772 1269/6773 1258/6774
f 1270/6775 1258/6776 1259/6777
f 1271/6778 1270/6779 1259/6780
f 1271/6781 1259/6782 1272/6783
f 1259/6784 1260/6785 1272/6786
f 1272/6787 1260/6788 1273/6789
f 1260/6790 1261/6791 1273/6792
f 1273/6793 1261/6794 1274/6795
f 1261/6796 1262/6797 1274/6798
f 1274/6799 1262/6800 1275/6801
f 1262/6802 1263/6803 1275/6804
f 1275/6805 1263/6806 1276/6807
f 1263/6808 1264/6809 1276/6810
f 1276/6811 1264/6812 1265/6813
f 1264/6814 1253/6815 1265/6816
f 1277/6817 1265/6818 1266/6819
f 1278/6820 1277/6821 1266/6822
f 1278/6823 1266/6824 1267/6825
f 1279/6826 1278/6827 1267/6828
f 1279/6829 1267/6830 1268/6831
f 1280/6832 1279/6833 1268/6834
f 1280/6835 1268/6836 1269/6837
f 1281/6838 1280/6839 1269/6840
f 1281/6841 1269/6842 1270/6843
f 1282/6844 1281/6845 1270/6846
f 1282/6847 1270/6848 1271/6849
f 1283/6850 1282/6851 1271/6852
f 1283/6853 1271/6854 1284/6855
f 1271/6856 1272/6857 1284/6858
f 1284/6859 1272/6860 1285/6861
f 1272/6862 1273/6863 1285/6864
f 1285/6865 1273/6866 1286/6867
f 1273/6868 1274/6869 1286/6870
f 1286/6871 1274/6872 1287/6873
f 1274/6874 1275/6875 1287/6876
f 1287/6877 1275/6878 1288/6879
f 1275/6880 1276/6881 1288/6882
f 1288/6883 1276/6884 1277/6885
f 1276/6886 1265/6887 1277/6888
f 1289/6889 1277/6890 1278/6891
f 1290/6892 1289/6893 1278/6894
f 1290/6895 1278/6896 1279/6897
f 1291/6898 1290/6899 1279/6900
f 1291/6901 1279/6902 1280/6903
f 1292/6904 1291/6905 1280/6906
f 1292/6907 1280/6908 1281/6909
f 1293/6910 1292/6911 1281/6912
f 1293/6913 1281/6914 1282/6915
f 1294/6916 1293/6917 1282/6918
f 1294/6919 1282/6920 1283/6921
f 1295/6922 1294/6923 1283/6924
f 1295/6925 1283/6926 1296/6927
f 1283/6928 1284/6929 1296/6930
f 1296/6931 1284/6932 1297/6933
f 1284/6934 1285/6935 1297/6936
f 1297/6937 1285/6938 1298/6939
f 1285/6940 1286/6941 1298/6942
f 1298/6943 1286/6944 1299/6945
f 1286/6946 1287/6947 1299/6948
f 1299/6949 1287/6950 1300/6951
f 1287/6952 1288/6953 1300/6954
f 1300/6955 1288/6956 1289/6957
f 1288/6958 1277/6959 1289/6960
f 1301/6961 1289/6962 1290/6963
f 1302/6964 1301/6965 1290/6966
f 1302/6967 1290/6968 1291/6969
f 1303/6970 1302/6971 1291/6972
f 1303/6973 1291/6974 1292/6975
f 1304/6976 1303/6977 1292/6978
f 1304/6979 1292/6980 1293/6981
f 1305/6982 1304/6983 1293/6984
f 1305/6985 1293/6986 1294/6987
f 1306/6988 1305/6989 1294/6990
f 1306/6991 1294/6992 1295/6993
f 1307/6994 1306/6995 1295/6996
f 1307/6997 1295/6998 1308/6999
f 1295/7000 1296/7001 1308/7002
f 1308/7003 1296/7004 1309/7005
f 1296/7006 1297/7007 1309/7008
f 1309/7009 1297/7010 1310/7011
f 1297/7012 1298/7013 1310/7014
f 1310/7015 1298/7016 1311/7017
f 1298/7018 1299/7019 1311/7020
f 1311/7021 1299/7022 1312/7023
f 1299/7024 1300/7025 1312/7026
f 1312/7027 1300/7028 1301/7029
f 1300/7030 1289/7031 1301/7032
f 1313/7033 1301/7034 1302/7035
f 1314/7036 1313/7037 1302/7038
f 1314/7039 1302/7040 1303/7041
f 1315/7042 1314/7043 1303/7044
f 1315/7045 1303/7046 1304/7047
f 1316/7048 1315/7049 1304/7050
f 1316/7051 1304/7052 1305/7053
f 1317/7054 1316/7055 1305/7056
f 1317/7057 1305/7058 1306/7059
f 1318/7060 1317/7061 1306/7062
f 1318/7063 1306/7064 1307/7065
f 1319/7066 1318/7067 1307/7068
f 1319/7069 1307/7070 1320/7071
f 1307/7072 1308/7073 1320/7074
f 1320/7075 1308/7076 1321/7077
f 1308/7078 1309/7079 1321/7080
f 1321/7081 1309/7082 1322/7083
f 1309/7084 1310/7085 1322/7086
f 1322/7087 1310/7088 1323/7089
f 1310/7090 1311/7091 1323/7092
f 1323/7093 1311/7094 1324/7095
f 1311/7096 1312/7097 1324/7098
f 1324/7099 1312/7100 1313/7101
f 1312/7102 1301/7103 1313/7104
f 1337/7105 1325/7106 1326/7107
f 1338/7108 1337/7109 1326/7110
f 1338/7111 1326/7112 1327/7113
f 1339/7114 1338/7115 1327/7116
f 1339/7117 1327/7118 1328/7119
f 1340/7120 1339/7121 1328/7122
f 1340/7123 1328/7124 1329/7125
f 1341/7126 1340/7127 1329/7128
f 1341/7129 1329/7130 1330/7131
f 1342/7132 1341/7133 1330/7134
f 1342/7135 1330/7136 1331/7137
f 1343/7138 1342/7139 1331/7140
f 1343/7141 1331/7142 1344/7143
f 1331/7144 1332/7145 1344/7146
f 1344/7147 1332/7148 1345/7149
f 1332/7150 1333/7151 1345/7152
f 1345/7153 1333/7154 1346/7155
f 1333/7156 1334/7157 1346/7158
f 1346/7159 1334/7160 1347/7161
f 1334/7162 1335/7163 1347/7164
f 1347/7165 1335/7166 1348/7167
f 1335/7168 1336/7169 1348/7170
f 1348/7171 1336/7172 1337/7173
f 1336/7174 1325/7175 1337/7176
f 1349/7177 1337/7178 1338/7179
f 1350/7180 1349/7181 1338/7182
f 1350/7183 1338/7184 1339/7185
f 1351/7186 1350/7187 1339/7188
f 1351/7189 1339/7190 1340/7191
f 1352/7192 1351/7193 1340/7194
f 1352/7195 1340/7196 1341/7197
f 1353/7198 1352/7199 1341/7200
f 1353/7201 1341/7202 1342/7203
f 1354/7204 1353/7205 1342/7206
f 1354/7207 1342/7208 1343/7209
f 1355/7210 1354/7211 1343/7212
f 1355/7213 1343/7214 1356/7215
f 1343/7216 1344/7217 1356/7218
f 1356/7219 1344/7220 1357/7221
f 1344/7222 1345/7223 1357/7224
f 1357/7225 1345/7226 1358/7227
f 1345/7228 1346/7229 1358/7230
f 1358/7231 1346/7232 1359/7233
f 1346/7234 1347/7235 1359/7236
f 1359/7237 1347/7238 1360/7239
f 1347/7240 1348/7241 1360/7242
f 1360/7243 1348/7244 1349/7245
f 1348/7246 1337/7247 1349/7248
f 1361/7249 1349/7250 1350/7251
f 1362/7252 1361/7253 1350/7254
f 1362/7255 1350/7256 1351/7257
f 1363/7258 1362/7259 1351/7260
f 1363/7261 1351/7262 1352/7263
f 1364/7264 1363/7265 1352/7266
f 1364/7267 1352/7268 1353/7269
f 1365/7270 1364/7271 1353/7272
f 1365/7273 1353/7274 1354/7275
f 1366/7276 1365/7277 1354/7278
f 1366/7279 1354/7280 1355/7281
f 1367/7282 1366/7283 1355/7284
f 1367/7285 1355/7286 1368/7287
f 1355/7288 1356/7289 1368/7290
f 1368/7291 1356/7292 1369/7293
f 1356/7294 1357/7295 1369/7296
f 1369/7297 1357/7298 1370/7299
f 1357/7300 1358/7301 1370/7302
f 1370/7303 1358/7304 1371/7305
f 1358/7306 1359/7307 1371/7308
f 1371/7309 1359/7310 1372/7311
f 1359/7312 1360/7313 1372/7314
f 1372/7315 1360/7316 1361/7317
f 1360/7318 1349/7319 1361/7320
f 1373/7321 1361/7322 1362/7323
f 1374/7324 1373/7325 1362/7326
f 1374/7327 1362/7328 1363/7329
f 1375/7330 1374/7331 1363/7332
f 1375/7333 1363/7334 1364/7335
f 1376/7336 1375/7337 1364/7338
f 1376/7339 1364/7340 1365/7341
f 1377/7342 1376/7343 1365/7344
f 1377/7345 1365/7346 1366/7347
f 1378/7348 1377/7349 1366/7350
f 1378/7351 1366/7352 1367/7353
f 1379/7354 1378/7355 1367/7356
f 1379/7357 1367/7358 1380/7359
f 1367/7360 1368/7361 1380/7362
f 1380/7363 1368/7364 1381/7365
f 1368/7366 1369/7367 1381/7368
f 1381/7369 1369/7370 1382/7371
f 1369/7372 1370/7373 1382/7374
f 1382/7375 1370/7376 1383/7377
f 1370/7378 1371/7379 1383/7380
f 1383/7381 1371/7382 1384/7383
f 1371/7384 1372/7385 1384/7386
f 1384/7387 1372/7388 1373/7389
f 1372/7390 1361/7391 1373/7392
f 1385/7393 1373/7394 1374/7395
f 1386/7396 1385/7397 1374/7398
f 1386/7399 1374/7400 1375/7401
f 1387/7402 1386/7403 1375/7404
f 1387/7405 1375/7406 1376/7407
f 1388/7408 1387/7409 1376/7410
f 1388/7411 1376/7412 1377/7413
f 1389/7414 1388/7415 1377/7416
f 1389/7417 1377/7418 1378/7419
f 1390/7420 1389/7421 1378/7422
f 1390/7423 1378/7424 1379/7425
f 1391/7426 1390/7427 1379/7428
f 1391/7429 1379/7430 1392/7431
f 1379/7432 1380/7433 1392/7434
f 1392/7435 1380/7436 1393/7437
f 1380/7438 1381/7439 1393/7440
f 1393/7441 1381/7442 1394/7443
f 1381/7444 1382/7445 1394/7446
f 1394/7447 1382/7448 1395/7449
f 1382/7450 1383/7451 1395/7452
f 1395/7453 1383/7454 1396/7455
f 1383/7456 1384/7457 1396/7458
f 1396/7459 1384/7460 1385/7461
f 1384/7462 1373/7463 1385/7464
f 1397/7465 1385/7466 1386/7467
f 1398/7468 1397/7469 1386/7470
f 1398/7471 1386/7472 1387/7473
f 1399/7474 1398/7475 1387/7476
f 1399/7477 1387/7478 1388/7479
f 1400/7480 1399/7481 1388/7482
f 1400/7483 1388/7484 1389/7485
f 1401/7486 1400/7487 1389/7488
f 1401/7489 1389/7490 1390/7491
f 1402/7492 1401/7493 1390/7494
f 1402/7495 1390/7496 1391/7497
f 1403/7498 1402/7499 1391/7500
f 1403/7501 1391/7502 1404/7503
f 1391/7504 1392/7505 1404/7506
f 1404/7507 1392/7508 1405/7509
f 1392/7510 1393/7511 1405/7512
f 1405/7513 1393/7514 1406/7515
f 1393/7516 1394/7517 1406/7518
f 1406/7519 1394/7520 1407/7521
f 1394/7522 1395/7523 1407/7524
f 1407/7525 1395/7526 1408/7527
f 1395/7528 1396/7529 1408/7530
f 1408/7531 1396/7532 1397/7533
f 1396/7534 1385/7535 1397/7536
f 1421/7537 1409/7538 1410/7539
f 1422/7540 1421/7541 1410/7542
f 1422/7543 1410/7544 1411/7545
f 1423/7546 1422/7547 1411/7548
f 1423/7549 1411/7550 1412/7551
f 1424/7552 1423/7553 1412/7554
f 1424/7555 1412/7556 1413/7557
f 1425/7558 1424/7559 1413/7560
f 1425/7561 1413/7562 1414/7563
f 1426/7564 1425/7565 1414/7566
f 1426/7567 1414/7568 1415/7569
f 1427/7570 1426/7571 1415/7572
f 1427/7573 1415/7574 1428/7575
f 1415/7576 1416/7577 1428/7578
f 1428/7579 1416/7580 1429/7581
f 1416/7582 1417/7583 1429/7584
f 1429/7585 1417/7586 1430/7587
f 1417/7588 1418/7589 1430/7590
f 1430/7591 1418/7592 1431/7593
f 1418/7594 1419/7595 1431/7596
f 1431/7597 1419/7598 1432/7599
f 1419/7600 1420/7601 1432/7602
f 1432/7603 1420/7604 1421/7605
f 1420/7606 1409/7607 1421/7608
f 1433/7609 1421/7610 1422/7611
f 1434/7612 1433/7613 1422/7614
f 1434/7615 1422/7616 1423/7617
f 1435/7618 1434/7619 1423/7620
f 1435/7621 1423/7622 1424/7623
f 1436/7624 1435/7625 1424/7626
f 1436/7627 1424/7628 1425/7629
f 1437/7630 1436/7631 1425/7632
f 1437/7633 1425/7634 1426/7635
f 1438/7636 1437/7637 1426/7638
f 1438/7639 1426/7640 1427/7641
f 1439/7642 1438/7643 1427/7644
f 1439/7645 1427/7646 1440/7647
f 1427/7648 1428/7649 1440/7650
f 1440/7651 1428/7652 1441/7653
f 1428/7654 1429/7655 1441/7656
f 1441/7657 1429/7658 1442/7659
f 1429/7660 1430/7661 1442/7662
f 1442/7663 1430/7664 1443/7665
f 1430/7666 1431/7667 1443/7668
f 1443/7669 1431/7670 1444/7671
f 1431/7672 1432/7673 1444/7674
f 1444/7675 1432/7676 1433/7677
f 1432/7678 1421/7679 1433/7680
f 1445/7681 1433/7682 1434/7683
f 1446/7684 1445/7685 1434/7686
f 1446/7687 1434/7688 1435/7689
f 1447/7690 1446/7691 1435/7692
f 1447/7693 1435/7694 1436/7695
f 1448/7696 1447/7697 1436/7698
f 1448/7699 1436/7700 1437/7701
f 1449/7702 1448/7703 1437/7704
f 1449/7705 1437/7706 1438/7707
f 1450/7708 1449/7709 1438/7710
f 1450/7711 1438/7712 1439/7713
f 1451/7714 1450/7715 1439/7716
f 1451/7717 1439/7718 1452/7719
f 1439/7720 1440/7721 1452/7722
f 1452/7723 1440/7724 1453/7725
f 1440/7726 1441/7727 1453/7728
f 1453/7729 1441/7730 1454/7731
f 1441/7732 1442/7733 1454/7734
f 1454/7735 1442/7736 1455/7737
f 1442/7738 1443/7739 1455/7740
f 1455/7741 1443/7742 1456/7743
f 1443/7744 1444/7745 1456/7746
f 1456/7747 1444/7748 1445/7749
f 1444/7750 1433/7751 1445/7752
f 1457/7753 1445/7754 1446/7755
f 1458/7756 1457/7757 1446/7758
f 1458/7759 1446/7760 1447/7761
f 1459/7762 1458/7763 1447/7764
f 1459/7765 1447/7766 1448/7767
f 1460/7768 1459/7769 1448/7770
f 1460/7771 1448/7772 1449/7773
f 1461/7774 1460/7775 1449/7776
f 1461/7777 1449/7778 1450/7779
f 1462/7780 1461/7781 1450/7782
f 1462/7783 1450/7784 1451/7785
f 1463/7786 1462/7787 1451/7788
f 1463/7789 1451/7790 1464/7791
f 1451/7792 1452/7793 1464/7794
f 1464/7795 1452/7796 1465/7797
f 1452/7798 1453/7799 1465/7800
f 1465/7801 1453/7802 1466/7803
f 1453/7804 1454/7805 1466/7806
f 1466/7807 1454/7808 1467/7809
f 1454/7810 1455/7811 1467/7812
f 1467/7813 1455/7814 1468/7815
f 1455/7816 1456/7817 1468/7818
f 1468/7819 1456/7820 1457/7821
f 1456/7822 1445/7823 1457/7824
f 1469/7825 1457/7826 1458/7827
f 1470/7828 1469/7829 1458/7830
f 1470/7831 1458/7832 1459/7833
f 1471/7834 1470/7835 1459/7836
f 1471/7837 1459/7838 1460/7839
f 1472/7840 1471/7841 1460/7842
f 1472/7843 1460/7844 1461/7845
f 1473/7846 1472/7847 1461/7848
f 1473/7849 1461/7850 1462/7851
f 1474/7852 1473/7853 1462/7854
f 1474/7855 1462/7856 1463/7857
f 1475/7858 1474/7859 1463/7860
f 1475/7861 1463/7862 1476/7863
f 1463/7864 1464/7865 1476/7866
f 1476/7867 1464/7868 1477/7869
f 1464/7870 1465/7871 1477/7872
f 1477/7873 1465/7874 1478/7875
f 1465/7876 1466/7877 1478/7878
f 1478/7879 1466/7880 1479/7881
f 1466/7882 1467/7883 1479/7884
f 1479/7885 1467/7886 1480/7887
f 1467/7888 1468/7889 1480/7890
f 1480/7891 1468/7892 1469/7893
f 1468/7894 1457/7895 1469/7896
f 1481/7897 1469/7898 1470/7899
f 1482/7900 1481/7901 1470/7902
f 1482/7903 1470/7904 1471/7905
f 1483/7906 1482/7907 1471/7908
f 1483/7909 1471/7910 1472/7911
f 1484/7912 1483/7913 1472/7914
f 1484/7915 1472/7916 1473/7917
f 1485/7918 1484/7919 1473/7920
f 1485/7921 1473/7922 1474/7923
f 1486/7924 1485/7925 1474/7926
f 1486/7927 1474/7928 1475/7929
f 1487/7930 1486/7931 1475/7932
f 1487/7933 1475/7934 1488/7935
f 1475/7936 1476/7937 1488/7938
f 1488/7939 1476/7940 1489/7941
f 1476/7942 1477/7943 1489/7944
f 1489/7945 1477/7946 1490/7947
f 1477/7948 1478/7949 1490/7950
f 1490/7951 1478/7952 1491/7953
f 1478/7954 1479/7955 1491/7956
f 1491/7957 1479/7958 1492/7959
f 1479/7960 1480/7961 1492/7962
f 1492/7963 1480/7964 1481/7965
f 1480/7966 1469/7967 1481/7968
f 1505/7969 1493/7970 1494/7971
f 1506/7972 1505/7973 1494/7974
f 1506/7975 1494/7976 1495/7977
f 1507/7978 1506/7979 1495/7980
f 1507/7981 1495/7982 1496/7983
f 1508/7984 1507/7985 1496/7986
f 1508/7987 1496/7988 1497/7989
f 1509/7990 1508/7991 1497/7992
f 1509/7993 1497/7994 1498/7995
f 1510/7996 1509/7997 1498/7998
f 1510/7999 1498/8000 1499/8001
f 1511/8002 1510/8003 1499/8004
f 1511/8005 1499/8006 1512/8007
f 1499/8008 1500/8009 1512/8010
f 1512/8011 1500/8012 1513/8013
f 1500/8014 1501/8015 1513/8016
f 1513/8017 1501/8018 1514/8019
f 1501/8020 1502/8021 1514/8022
f 1514/8023 1502/8024 1515/8025
f 1502/8026 1503/8027 1515/8028
f 1515/8029 1503/8030 1516/8031
f 1503/8032 1504/8033 1516/8034
f 1516/8035 1504/8036 1505/8037
f 1504/8038 1493/8039 1505/8040
f 1517/8041 1505/8042 1506/8043
f 1518/8044 1517/8045 1506/8046
f 1518/8047 1506/8048 1507/8049
f 1519/8050 1518/8051 1507/8052
f 1519/8053 1507/8054 1508/8055
f 1520/8056 1519/8057 1508/8058
f 1520/8059 1508/8060 1509/8061
f 1521/8062 1520/8063 1509/8064
f 1521/8065 1509/8066 1510/8067
f 1522/8068 1521/8069 1510/8070
f 1522/8071 1510/8072 1511/8073
f 1523/8074 1522/8075 1511/8076
f 1523/8077 1511/8078 1524/8079
f 1511/8080 1512/8081 1524/8082
f 1524/8083 1512/8084 1525/8085
f 1512/8086 1513/8087 1525/8088
f 1525/8089 1513/8090 1526/8091
f 1513/8092 1514/8093 1526/8094
f 1526/8095 1514/8096 1527/8097
f 1514/8098 1515/8099 1527/8100
f 1527/8101 1515/8102 1528/8103
f 1515/8104 1516/8105 1528/8106
f 1528/8107 1516/8108 1517/8109
f 1516/8110 1505/8111 1517/8112
f 1529/8113 1517/8114 1518/8115
f 1530/8116 1529/8117 1518/8118
f 1530/8119 1518/8120 1519/8121
f 1531/8122 1530/8123 1519/8124
f 1531/8125 1519/8126 1520/8127
f 1532/8128 1531/8129 1520/8130
f 1532/8131 1520/8132 1521/8133
f 1533/8134 1532/8135 1521/8136
f 1533/8137 1521/8138 1522/8139
f 1534/8140 1533/8141 1522/8142
f 1534/8143 1522/8144 1523/8145
f 1535/8146 1534/8147 1523/8148
f 1535/8149 1523/8150 1536/8151
f 1523/8152 1524/8153 1536/8154
f 1536/8155 1524/8156 1537/8157
f 1524/8158 1525/8159 1537/8160
f 1537/8161 1525/8162 1538/8163
f 1525/8164 1526/8165 1538/8166
f 1538/8167 1526/8168 1539/8169
f 1526/8170 1527/8171 1539/8172
f 1539/8173 1527/8174 1540/8175
f 1527/8176 1528/8177 1540/8178
f 1540/8179 1528/8180 1529/8181
f 1528/8182 1517/8183 1529/8184
f 1541/8185 1529/8186 1530/8187
f 1542/8188 1541/8189 1530/8190
f 1542/8191 1530/8192 1531/8193
f 1543/8194 1542/8195 1531/8196
f 1543/8197 1531/8198 1532/8199
f 1544/8200 1543/8201 1532/8202
f 1544/8203 1532/8204 1533/8205
f 1545/8206 1544/8207 1533/8208
f 1545/8209 1533/8210 1534/8211
f 1546/8212 1545/8213 1534/8214
f 1546/8215 1534/8216 1535/8217
f 1547/8218 1546/8219 1535/8220
f 1547/8221 1535/8222 1548/8223
f 1535/8224 1536/8225 1548/8226
f 1548/8227 1536/8228 1549/8229
f 1536/8230 1537/8231 1549/8232
f 1549/8233 1537/8234 1550/8235
f 1537/8236 1538/8237 1550/8238
f 1550/8239 1538/8240 1551/8241
f 1538/8242 1539/8243 1551/8244
f 1551/8245 1539/8246 1552/8247
f 1539/8248 1540/8249 1552/8250
f 1552/8251 1540/8252 1541/8253
f 1540/8254 1529/8255 1541/8256
f 1553/8257 1541/8258 1542/8259
f 1554/8260 1553/8261 1542/8262
f 1554/8263 1542/8264 1543/8265
f 1555/8266 1554/8267 1543/8268
f 1555/8269 1543/8270 1544/8271
f 1556/8272 1555/8273 1544/8274
f 1556/8275 1544/8276 1545/8277
f 1557/8278 1556/8279 1545/8280
f 1557/8281 1545/8282 1546/8283
f 1558/8284 1557/8285 1546/8286
f 1558/8287 1546/8288 1547/8289
f 1559/8290 1558/8291 1547/8292
f 1559/8293 1547/8294 1560/8295
f 1547/8296 1548/8297 1560/8298
f 1560/8299 1548/8300 1561/8301
f 1548/8302 1549/8303 1561/8304
f 1561/8305 1549/8306 1562/8307
f 1549/8308 1550/8309 1562/8310
f 1562/8311 1550/8312 1563/8313
f 1550/8314 1551/8315 1563/8316
f 1563/8317 1551/8318 1564/8319
f 1551/8320 1552/8321 1564/8322
f 1564/8323 1552/8324 1553/8325
f 1552/8326 1541/8327 1553/8328
f 1565/8329 1553/8330 1554/8331
f 1566/8332 1565/8333 1554/8334
f 1566/8335 1554/8336 1555/8337
f 1567/8338 1566/8339 1555/8340
f 1567/8341 1555/8342 1556/8343
f 1568/8344 1567/8345 1556/8346
f 1568/8347 1556/8348 1557/8349
f 1569/8350 1568/8351 1557/8352
f 1569/8353 1557/8354 1558/8355
f 1570/8356 1569/8357 1558/8358
f 1570/8359 1558/8360 1559/8361
f 1571/8362 1570/8363 1559/8364
f 1571/8365 1559/8366 1572/8367
f 1559/8368 1560/8369 1572/8370
f 1572/8371 1560/8372 1573/8373
f 1560/8374 1561/8375 1573/8376
f 1573/8377 1561/8378 1574/8379
f 1561/8380 1562/8381 1574/8382
f 1574/8383 1562/8384 1575/8385
f 1562/8386 1563/8387 1575/8388
f 1575/8389 1563/8390 1576/8391
f 1563/8392 1564/8393 1576/8394
f 1576/8395 1564/8396 1565/8397
f 1564/8398 1553/8399 1565/8400
f 1577/8401 1565/8402 1566/8403
f 1578/8404 1577/8405 1566/8406
f 1578/8407 1566/8408 1567/8409
f 1579/8410 1578/8411 1567/8412
f 1579/8413 1567/8414 1568/8415
f 1580/8416 1579/8417 1568/8418
f 1580/8419 1568/8420 1569/8421
f 1581/8422 1580/8423 1569/8424
f 1581/8425 1569/8426 1570/8427
f 1582/8428 1581/8429 1570/8430
f 1582/8431 1570/8432 1571/8433
f 1583/8434 1582/8435 1571/8436
f 1583/8437 1571/8438 1584/8439
f 1571/8440 1572/8441 1584/8442
f 1584/8443 1572/8444 1585/8445
f 1572/8446 1573/8447 1585/8448
f 1585/8449 1573/8450 1586/8451
f 1573/8452 1574/8453 1586/8454
f 1586/8455 1574/8456 1587/8457
f 1574/8458 1575/8459 1587/8460
f 1587/8461 1575/8462 1588/8463
f 1575/8464 1576/8465 1588/8466
f 1588/8467 1576/8468 1577/8469
f 1576/8470 1565/8471 1577/8472
f 1589/8473 1577/8474 1578/8475
f 1590/8476 1589/8477 1578/8478
f 1590/8479 1578/8480 1579/8481
f 1591/8482 1590/8483 1579/8484
f 1591/8485 1579/8486 1580/8487
f 1592/8488 1591/8489 1580/8490
f 1592/8491 1580/8492 1581/8493
f 1593/8494 1592/8495 1581/8496
f 1593/8497 1581/8498 1582/8499
f 1594/8500 1593/8501 1582/8502
f 1594/8503 1582/8504 1583/8505
f 1595/8506 1594/8507 1583/8508
f 1595/8509 1583/8510 1596/8511
f 1583/8512 1584/8513 1596/8514
f 1596/8515 1584/8516 1597/8517
f 1584/8518 1585/8519 1597/8520
f 1597/8521 1585/8522 1598/8523
f 1585/8524 1586/8525 1598/8526
f 1598/8527 1586/8528 1599/8529
f 1586/8530 1587/8531 1599/8532
f 1599/8533 1587/8534 1600/8535
f 1587/8536 1588/8537 1600/8538
f 1600/8539 1588/8540 1589/8541
f 1588/8542 1577/8543 1589/8544
f 1601/8545 1589/8546 1590/8547
f 1602/8548 1601/8549 1590/8550
f 1602/8551 1590/8552 1591/8553
f 1603/8554 1602/8555 1591/8556
f 1603/8557 1591/8558 1592/8559
f 1604/8560 1603/8561 1592/8562
f 1604/8563 1592/8564 1593/8565
f 1605/8566 1604/8567 1593/8568
f 1605/8569 1593/8570 1594/8571
f 1606/8572 1605/8573 1594/8574
f 1606/8575 1594/8576 1595/8577
f 1607/8578 1606/8579 1595/8580
f 1607/8581 1595/8582 1608/8583
f 1595/8584 1596/8585 1608/8586
f 1608/8587 1596/8588 1609/8589
f 1596/8590 1597/8591 1609/8592
f 1609/8593 1597/8594 1610/8595
f 1597/8596 1598/8597 1610/8598
f 1610/8599 1598/8600 1611/8601
f 1598/8602 1599/8603 1611/8604
f 1611/8605 1599/8606 1612/8607
f 1599/8608 1600/8609 1612/8610
f 1612/8611 1600/8612 1601/8613
f 1600/8614 1589/8615 1601/8616
f 1613/8617 1601/8618 1602/8619
f 1614/8620 1613/8621 1602/8622
f 1614/8623 1602/8624 1603/8625
f 1615/8626 1614/8627 1603/8628
f 1615/8629 1603/8630 1604/8631
f 1616/8632 1615/8633 1604/8634
f 1616/8635 1604/8636 1605/8637
f 1617/8638 1616/8639 1605/8640
f 1617/8641 1605/8642 1606/8643
f 1618/8644 1617/8645 1606/8646
f 1618/8647 1606/8648 1607/8649
f 1619/8650 1618/8651 1607/8652
f 1619/8653 1607/8654 1620/8655
f 1607/8656 1608/8657 1620/8658
f 1620/8659 1608/8660 1621/8661
f 1608/8662 1609/8663 1621/8664
f 1621/8665 1609/8666 1622/8667
f 1609/8668 1610/8669 1622/8670
f 1622/8671 1610/8672 1623/8673
f 1610/8674 1611/8675 1623/8676
f 1623/8677 1611/8678 1624/8679
f 1611/8680 1612/8681 1624/8682
f 1624/8683 1612/8684 1613/8685
f 1612/8686 1601/8687 1613/8688
f 1633/8689 1625/8690 1626/8691
f 1634/8692 1633/8693 1626/8694
f 1634/8695 1626/8696 1627/8697
f 1635/8698 1634/8699 1627/8700
f 1635/8701 1627/8702 1628/8703
f 1636/8704 1635/8705 1628/8706
f 1636/8707 1628/8708 1629/8709
f 1637/8710 1636/8711 1629/8712
f 1637/8713 1629/8714 1638/8715
f 1629/8716 1630/8717 1638/8718
f 1638/8719 1630/8720 1639/8721
f 1630/8722 1631/8723 1639/8724
f 1639/8725 1631/8726 1640/8727
f 1631/8728 1632/8729 1640/8730
f 1640/8731 1632/8732 1633/8733
f 1632/8734 1625/8735 1633/8736
f 1641/8737 1633/8738 1634/8739
f 1642/8740 1641/8741 1634/8742
f 1642/8743 1634/8744 1635/8745
f 1643/8746 1642/8747 1635/8748
f 1643/8749 1635/8750 1636/8751
f 1644/8752 1643/8753 1636/8754
f 1644/8755 1636/8756 1637/8757
f 1645/8758 1644/8759 1637/8760
f 1645/8761 1637/8762 1646/8763
f 1637/8764 1638/8765 1646/8766
f 1646/8767 1638/8768 1647/8769
f 1638/8770 1639/8771 1647/8772
f 1647/8773 1639/8774 1648/8775
f 1639/8776 1640/8777 1648/8778
f 1648/8779 1640/8780 1641/8781
f 1640/8782 1633/8783 1641/8784
f 1649/8785 1641/8786 1642/8787
f 1650/8788 1649/8789 1642/8790
f 1650/8791 1642/8792 1643/8793
f 1651/8794 1650/8795 1643/8796
f 1651/8797 1643/8798 1644/8799
f 1652/8800 1651/8801 1644/8802
f 1652/8803 1644/8804 1645/8805
f 1653/8806 1652/8807 1645/8808
f 1653/8809 1645/8810 1654/8811
f 1645/8812 1646/8813 1654/8814
f 1654/8815 1646/8816 1655/8817
f 1646/8818 1647/8819 1655/8820
f 1655/8821 1647/8822 1656/8823
f 1647/8824 1648/8825 1656/8826
f 1656/8827 1648/8828 1649/8829
f 1648/8830 1641/8831 1649/8832
f 1657/8833 1649/8834 1650/8835
f 1658/8836 1657/8837 1650/8838
f 1658/8839 1650/8840 1651/8841
f 1659/8842 1658/8843 1651/8844
f 1659/8845 1651/8846 1652/8847
f 1660/8848 1659/8849 1652/8850
f 1660/8851 1652/8852 1653/8853
f 1661/8854 1660/8855 1653/8856
f 1661/8857 1653/8858 1662/8859
f 1653/8860 1654/8861 1662/8862
f 1662/8863 1654/8864 1663/8865
f 1654/8866 1655/8867 1663/8868
f 1663/8869 1655/8870 1664/8871
f 1655/8872 1656/8873 1664/8874
f 1664/8875 1656/8876 1657/8877
f 1656/8878 1649/8879 1657/8880
f 1677/8881 1665/8882 1666/8883
f 1678/8884 1677/8885 1666/8886
f 1678/8887 1666/8888 1667/8889
f 1679/8890 1678/8891 1667/8892
f 1679/8893 1667/8894 1668/8895
f 1680/8896 1679/8897 1668/8898
f 1680/8899 1668/8900 1669/8901
f 1681/8902 1680/8903 1669/8904
f 1681/8905 1669/8906 1670/8907
f 1682/8908 1681/8909 1670/8910
f 1682/8911 1670/8912 1671/8913
f 1683/8914 1682/8915 1671/8916
f 1683/8917 1671/8918 1684/8919
f 1671/8920 1672/8921 1684/8922
f 1684/8923 1672/8924 1685/8925
f 1672/8926 1673/8927 1685/8928
f 1685/8929 1673/8930 1686/8931
f 1673/8932 1674/8933 1686/8934
f 1686/8935 1674/8936 1687/8937
f 1674/8938 1675/8939 1687/8940
f 1687/8941 1675/8942 1688/8943
f 1675/8944 1676/8945 1688/8946
f 1688/8947 1676/8948 1677/8949
f 1676/8950 1665/8951 1677/8952
f 1689/8953 1677/8954 1678/8955
f 1690/8956 1689/8957 1678/8958
f 1690/8959 1678/8960 1679/8961
f 1691/8962 1690/8963 1679/8964
f 1691/8965 1679/8966 1680/8967
f 1692/8968 1691/8969 1680/8970
f 1692/8971 1680/8972 1681/8973
f 1693/8974 1692/8975 1681/8976
f 1693/8977 1681/8978 1682/8979
f 1694/8980 1693/8981 1682/8982
f 1694/8983 1682/8984 1683/8985
f 1695/8986 1694/8987 1683/8988
f 1695/8989 1683/8990 1696/8991
f 1683/8992 1684/8993 1696/8994
f 1696/8995 1684/8996 1697/8997
f 1684/8998 1685/8999 1697/9000
f 1697/9001 1685/9002 1698/9003
f 1685/9004 1686/9005 1698/9006
f 1698/9007 1686/9008 1699/9009
f 1686/9010 1687/9011 1699/9012
f 1699/9013 1687/9014 1700/9015
f 1687/9016 1688/9017 1700/9018
f 1700/9019 1688/9020 1689/9021
f 1688/9022 1677/9023 1689/9024
f 1701/9025 1689/9026 1690/9027
f 1702/9028 1701/9029 1690/9030
f 1702/9031 1690/9032 1691/9033
f 1703/9034 1702/9035 1691/9036
f 1703/9037 1691/9038 1692/9039
f 1704/9040 1703/9041 1692/9042
f 1704/9043 1692/9044 1693/9045
f 1705/9046 1704/9047 1693/9048
f 1705/9049 1693/9050 1694/9051
f 1706/9052 1705/9053 1694/9054
f 1706/9055 1694/9056 1695/9057
f 1707/9058 1706/9059 1695/9060
f 1707/9061 1695/9062 1708/9063
f 1695/9064 1696/9065 1708/9066
f 1708/9067 1696/9068 1709/9069
f 1696/9070 1697/9071 1709/9072
f 1709/9073 1697/9074 1710/9075
f 1697/9076 1698/9077 1710/9078
f 1710/9079 1698/9080 1711/9081
f 1698/9082 1699/9083 1711/9084
f 1711/9085 1699/9086 1712/9087
f 1699/9088 1700/9089 1712/9090
f 1712/9091 1700/9092 1701/9093
f 1700/9094 1689/9095 1701/9096
f 1713/9097 1701/9098 1702/9099
f 1714/9100 1713/9101 1702/9102
f 1714/9103 1702/9104 1703/9105
f 1715/9106 1714/9107 1703/9108
f 1715/9109 1703/9110 1704/9111
f 1716/9112 1715/9113 1704/9114
f 1716/9115 1704/9116 1705/9117
f 1717/9118 1716/9119 1705/9120
f 1717/9121 1705/9122 1706/9123
f 1718/9124 1717/9125 1706/9126
f 1718/9127 1706/9128 1707/9129
f 1719/9130 1718/9131 1707/9132
f 1719/9133 1707/9134 1720/9135
f 1707/9136 1708/9137 1720/9138
f 1720/9139 1708/9140 1721/9141
f 1708/9142 1709/9143 1721/9144
f 1721/9145 1709/9146 1722/9147
f 1709/9148 1710/9149 1722/9150
f 1722/9151 1710/9152 1723/9153
f 1710/9154 1711/9155 1723/9156
f 1723/9157 1711/9158 1724/9159
f 1711/9160 1712/9161 1724/9162
f 1724/9163 1712/9164 1713/9165
f 1712/9166 1701/9167 1713/9168
f 1737/9169 1725/9170 1726/9171
f 1738/9172 1737/9173 1726/9174
f 1738/9175 1726/9176 1727/9177
f 1739/9178 1738/9179 1727/9180
f 1739/9181 1727/9182 1728/9183
f 1740/9184 1739/9185 1728/9186
f 1740/9187 1728/9188 1729/9189
f 1741/9190 1740/9191 1729/9192
f 1741/9193 1729/9194 1730/9195
f 1742/9196 1741/9197 1730/9198
f 1742/9199 1730/9200 1731/9201
f 1743/9202 1742/9203 1731/9204
f 1743/9205 1731/9206 1744/9207
f 1731/9208 1732/9209 1744/9210
f 1744/9211 1732/9212 1745/9213
f 1732/9214 1733/9215 1745/9216
f 1745/9217 1733/9218 1746/9219
f 1733/9220 1734/9221 1746/9222
f 1746/9223 1734/9224 1747/9225
f 1734/9226 1735/9227 1747/9228
f 1747/9229 1735/9230 1748/9231
f 1735/9232 1736/9233 1748/9234
f 1748/9235 1736/9236 1737/9237
f 1736/9238 1725/9239 1737/9240
f 1749/9241 1737/9242 1738/9243
f 1750/9244 1749/9245 1738/9246
f 1750/9247 1738/9248 1739/9249
f 1751/9250 1750/9251 1739/9252
f 1751/9253 1739/9254 1740/9255
f 1752/9256 1751/9257 1740/9258
f 1752/9259 1740/9260 1741/9261
f 1753/9262 1752/9263 1741/9264
f 1753/9265 1741/9266 1742/9267
f 1754/9268 1753/9269 1742/9270
f 1754/9271 1742/9272 1743/9273
f 1755/9274 1754/9275 1743/9276
f 1755/9277 1743/9278 1756/9279
f 1743/9280 1744/9281 1756/9282
f 1756/9283 1744/9284 1757/9285
f 1744/9286 1745/9287 1757/9288
f 1757/9289 1745/9290 1758/9291
f 1745/9292 1746/9293 1758/9294
f 1758/9295 1746/9296 1759/9297
f 1746/9298 1747/9299 1759/9300
f 1759/9301 1747/9302 1760/9303
f 1747/9304 1748/9305 1760/9306
f 1760/9307 1748/9308 1749/9309
f 1748/9310 1737/9311 1749/9312
f 1761/9313 1749/9314 1750/9315
f 1762/9316 1761/9317 1750/9318
f 1762/9319 1750/9320 1751/9321
f 1763/9322 1762/9323 1751/9324
f 1763/9325 1751/9326 1752/9327
f 1764/9328 1763/9329 1752/9330
f 1764/9331 1752/9332 1753/9333
f 1765/9334 1764/9335 1753/9336
f 1765/9337 1753/9338 1754/9339
f 1766/9340 1765/9341 1754/9342
f 1766/9343 1754/9344 1755/9345
f 1767/9346 1766/9347 1755/9348
f 1767/9349 1755/9350 1768/9351
f 1755/9352 1756/9353 1768/9354
f 1768/9355 1756/9356 1769/9357
f 1756/9358 1757/9359 1769/9360
f 1769/9361 1757/9362 1770/9363
f 1757/9364 1758/9365 1770/9366
f 1770/9367 1758/9368 1771/9369
f 1758/9370 1759/9371 1771/9372
f 1771/9373 1759/9374 1772/9375
f 1759/9376 1760/9377 1772/9378
f 1772/9379 1760/9380 1761/9381
f 1760/9382 1749/9383 1761/9384
f 1773/9385 1761/9386 1762/9387
f 1774/9388 1773/9389 1762/9390
f 1774/9391 1762/9392 1763/9393
f 1775/9394 1774/9395 1763/9396
f 1775/9397 1763/9398 1764/9399
f 1776/9400 1775/9401 1764/9402
f 1776/9403 1764/9404 1765/9405
f 1777/9406 1776/9407 1765/9408
f 1777/9409 1765/9410 1766/9411
f 1778/9412 1777/9413 1766/9414
f 1778/9415 1766/9416 1767/9417
f 1779/9418 1778/9419 1767/9420
f 1779/9421 1767/9422 1780/9423
f 1767/9424 1768/9425 1780/9426
f 1780/9427 1768/9428 1781/9429
f 1768/9430 1769/9431 1781/9432
f 1781/9433 1769/9434 1782/9435
f 1769/9436 1770/9437 1782/9438
f 1782/9439 1770/9440 1783/9441
f 1770/9442 1771/9443 1783/9444
f 1783/9445 1771/9446 1784/9447
f 1771/9448 1772/9449 1784/9450
f 1784/9451 1772/9452 1773/9453
f 1772/9454 1761/9455 1773/9456
