v -0.98 0 0.01
v -0.98 -0.00383 0.00924
v -0.98 -0.00707 0.00707
v -0.98 -0.00924 0.00383
v -0.98 -0.01 0
v -0.98 -0.00924 -0.00383
v -0.98 -0.00707 -0.00707
v -0.98 -0.00383 -0.00924
v -0.98 0 -0.01
v -0.98 0.00383 -0.00924
v -0.98 0.00707 -0.00707
v -0.98 0.00924 -0.00383
v -0.98 0.01 0
v -0.98 0.00924 0.00383
v -0.98 0.00707 0.00707
v -0.98 0.00383 0.00924
v -0.91 0 0.06
v -0.91 -0.02296 0.05543
v -0.91 -0.04243 0.04243
v -0.91 -0.05543 0.02296
v -0.91 -0.06 0
v -0.91 -0.05543 -0.02296
v -0.91 -0.04243 -0.04243
v -0.91 -0.02296 -0.05543
v -0.91 0 -0.06
v -0.91 0.02296 -0.05543
v -0.91 0.04243 -0.04243
v -0.91 0.05543 -0.02296
v -0.91 0.06 0
v -0.91 0.05543 0.02296
v -0.91 0.04243 0.04243
v -0.91 0.02296 0.05543
v -0.95 0 0.08
v -0.95 -0.03061 0.07391
v -0.95 -0.05657 0.05657
v -0.95 -0.07391 0.03061
v -0.95 -0.08 0
v -0.95 -0.07391 -0.03061
v -0.95 -0.05657 -0.05657
v -0.95 -0.03061 -0.07391
v -0.95 0 -0.08
v -0.95 0.03061 -0.07391
v -0.95 0.05657 -0.05657
v -0.95 0.07391 -0.03061
v -0.95 0.08 0
v -0.95 0.07391 0.03061
v -0.95 0.05657 0.05657
v -0.95 0.03061 0.07391
v -0.85 0 0.14
v -0.85 -0.05358 0.12934
v -0.85 -0.09899 0.09899
v -0.85 -0.12934 0.05358
v -0.85 -0.14 0
v -0.85 -0.12934 -0.05358
v -0.85 -0.09899 -0.09899
v -0.85 -0.05358 -0.12934
v -0.85 0 -0.14
v -0.85 0.05358 -0.12934
v -0.85 0.09899 -0.09899
v -0.85 0.12934 -0.05358
v -0.85 0.14 0
v -0.85 0.12934 0.05358
v -0.85 0.09899 0.09899
v -0.85 0.05358 0.12934
v -0.85 0 0.14
v -0.85 -0.05358 0.12934
v -0.85 -0.09899 0.09899
v -0.85 -0.12934 0.05358
v -0.85 -0.14 0
v -0.85 -0.12934 -0.05358
v -0.85 -0.09899 -0.09899
v -0.85 -0.05358 -0.12934
v -0.85 0 -0.14
v -0.85 0.05358 -0.12934
v -0.85 0.09899 -0.09899
v -0.85 0.12934 -0.05358
v -0.85 0.14 0
v -0.85 0.12934 0.05358
v -0.85 0.09899 0.09899
v -0.85 0.05358 0.12934
v -0.85 0 0.14
v -0.85 -0.05358 0.12934
v -0.85 -0.09899 0.09899
v -0.85 -0.12934 0.05358
v -0.85 -0.14 0
v -0.85 -0.12934 -0.05358
v -0.85 -0.09899 -0.09899
v -0.85 -0.05358 -0.12934
v -0.85 0 -0.14
v -0.85 0.05358 -0.12934
v -0.85 0.09899 -0.09899
v -0.85 0.12934 -0.05358
v -0.85 0.14 0
v -0.85 0.12934 0.05358
v -0.85 0.09899 0.09899
v -0.85 0.05358 0.12934
v -0.85 0 0.14
v -0.85 -0.05358 0.12934
v -0.85 -0.09899 0.09899
v -0.85 -0.12934 0.05358
v -0.85 -0.14 0
v -0.85 -0.12934 -0.05358
v -0.85 -0.09899 -0.09899
v -0.85 -0.05358 -0.12934
v -0.85 0 -0.14
v -0.85 0.05358 -0.12934
v -0.85 0.09899 -0.09899
v -0.85 0.12934 -0.05358
v -0.85 0.14 0
v -0.85 0.12934 0.05358
v -0.85 0.09899 0.09899
v -0.85 0.05358 0.12934
v -0.85 0 0.14
v -0.85 -0.05358 0.12934
v -0.85 -0.09899 0.09899
v -0.85 -0.12934 0.05358
v -0.85 -0.14 0
v -0.85 -0.12934 -0.05358
v -0.85 -0.09899 -0.09899
v -0.85 -0.05358 -0.12934
v -0.85 0 -0.14
v -0.85 0.05358 -0.12934
v -0.85 0.09899 -0.09899
v -0.85 0.12934 -0.05358
v -0.85 0.14 0
v -0.85 0.12934 0.05358
v -0.85 0.09899 0.09899
v -0.85 0.05358 0.12934
v -0.85 0 0.14
v -0.85 -0.05358 0.12934
v -0.85 -0.09899 0.09899
v -0.85 -0.12934 0.05358
v -0.85 -0.14 0
v -0.85 -0.12934 -0.05358
v -0.85 -0.09899 -0.09899
v -0.85 -0.05358 -0.12934
v -0.85 0 -0.14
v -0.85 0.05358 -0.12934
v -0.85 0.09899 -0.09899
v -0.85 0.12934 -0.05358
v -0.85 0.14 0
v -0.85 0.12934 0.05358
v -0.85 0.09899 0.09899
v -0.85 0.05358 0.12934
v -0.85 0 0.14
v -0.85 -0.05358 0.12934
v -0.85 -0.09899 0.09899
v -0.85 -0.12934 0.05358
v -0.85 -0.14 0
v -0.85 -0.12934 -0.05358
v -0.85 -0.09899 -0.09899
v -0.85 -0.05358 -0.12934
v -0.85 0 -0.14
v -0.85 0.05358 -0.12934
v -0.85 0.09899 -0.09899
v -0.85 0.12934 -0.05358
v -0.85 0.14 0
v -0.85 0.12934 0.05358
v -0.85 0.09899 0.09899
v -0.85 0.05358 0.12934
v -0.85 0 0.14
v -0.85 -0.05358 0.12934
v -0.85 -0.09899 0.09899
v -0.85 -0.12934 0.05358
v -0.85 -0.14 0
v -0.85 -0.12934 -0.05358
v -0.85 -0.09899 -0.09899
v -0.85 -0.05358 -0.12934
v -0.85 0 -0.14
v -0.85 0.05358 -0.12934
v -0.85 0.09899 -0.09899
v -0.85 0.12934 -0.05358
v -0.85 0.14 0
v -0.85 0.12934 0.05358
v -0.85 0.09899 0.09899
v -0.85 0.05358 0.12934
v -0.85 0 0.14
v -0.85 -0.05358 0.12934
v -0.85 -0.09899 0.09899
v -0.85 -0.12934 0.05358
v -0.85 -0.14 0
v -0.85 -0.12934 -0.05358
v -0.85 -0.09899 -0.09899
v -0.85 -0.05358 -0.12934
v -0.85 0 -0.14
v -0.85 0.05358 -0.12934
v -0.85 0.09899 -0.09899
v -0.85 0.12934 -0.05358
v -0.85 0.14 0
v -0.85 0.12934 0.05358
v -0.85 0.09899 0.09899
v -0.85 0.05358 0.12934
v -0.85 0 0.12
v -0.85 -0.05358 0.11087
v -0.85 -0.09899 0.08485
v -0.85 -0.12934 0.04592
v -0.85 -0.14 0
v -0.85 -0.12934 -0.04592
v -0.85 -0.09899 -0.08485
v -0.85 -0.05358 -0.11087
v -0.85 0 -0.12
v -0.85 0.05358 -0.11087
v -0.85 0.09899 -0.08485
v -0.85 0.12934 -0.04592
v -0.85 0.14 0
v -0.85 0.12934 0.04592
v -0.85 0.09899 0.08485
v -0.85 0.05358 0.11087
v -0.85 0 0
v -0.85 0 0
v -0.85 0 0
v -0.85 0 0
v -0.85 0 0
v -0.85 0 0
v -0.85 0 0
v -0.85 0 0
v -0.85 0 0
v -0.85 0 0
v -0.85 0 0
v -0.85 0 0
v -0.85 0 0
v -0.85 0 0
v -0.85 0 0
v -0.85 0 0
v -0.77937 -0.12155 0.01
v -0.7787 -0.12532 0.00924
v -0.77814 -0.12852 0.00707
v -0.77776 -0.13065 0.00383
v -0.77763 -0.1314 0
v -0.77776 -0.13065 -0.00383
v -0.77814 -0.12852 -0.00707
v -0.7787 -0.12532 -0.00924
v -0.77937 -0.12155 -0.01
v -0.78003 -0.11779 -0.00924
v -0.78059 -0.11459 -0.00707
v -0.78097 -0.11246 -0.00383
v -0.7811 -0.11171 0
v -0.78097 -0.11246 0.00383
v -0.78059 -0.11459 0.00707
v -0.78003 -0.11779 0.00924
v -0.77937 -0.12155 0.06
v -0.77538 -0.14417 0.05543
v -0.772 -0.16334 0.04243
v -0.76974 -0.17614 0.02296
v -0.76895 -0.18064 0
v -0.76974 -0.17614 -0.02296
v -0.772 -0.16334 -0.04243
v -0.77538 -0.14417 -0.05543
v -0.77937 -0.12155 -0.06
v -0.78335 -0.09894 -0.05543
v -0.78673 -0.07977 -0.04243
v -0.78899 -0.06696 -0.02296
v -0.78978 -0.06247 0
v -0.78899 -0.06696 0.02296
v -0.78673 -0.07977 0.04243
v -0.78335 -0.09894 0.05543
v -0.77937 -0.12155 0.08
v -0.77405 -0.1517 0.07391
v -0.76954 -0.17726 0.05657
v -0.76653 -0.19434 0.03061
v -0.76547 -0.20034 0
v -0.76653 -0.19434 -0.03061
v -0.76954 -0.17726 -0.05657
v -0.77405 -0.1517 -0.07391
v -0.77937 -0.12155 -0.08
v -0.78468 -0.0914 -0.07391
v -0.78919 -0.06584 -0.05657
v -0.7922 -0.04877 -0.03061
v -0.79326 -0.04277 0
v -0.7922 -0.04877 0.03061
v -0.78919 -0.06584 0.05657
v -0.78468 -0.0914 0.07391
v -0.77937 -0.12155 0.14
v -0.77006 -0.17432 0.12934
v -0.76218 -0.21904 0.09899
v -0.75691 -0.24893 0.05358
v -0.75505 -0.25943 0
v -0.75691 -0.24893 -0.05358
v -0.76218 -0.21904 -0.09899
v -0.77006 -0.17432 -0.12934
v -0.77937 -0.12155 -0.14
v -0.78867 -0.06879 -0.12934
v -0.79656 -0.02406 -0.09899
v -0.80183 0.00582 -0.05358
v -0.80368 0.01632 0
v -0.80183 0.00582 0.05358
v -0.79656 -0.02406 0.09899
v -0.78867 -0.06879 0.12934
v -0.63164 -0.09551 0.19
v -0.61968 -0.16334 0.17554
v -0.60954 -0.22085 0.13435
v -0.60277 -0.25928 0.07271
v -0.60039 -0.27277 0
v -0.60277 -0.25928 -0.07271
v -0.60954 -0.22085 -0.13435
v -0.61968 -0.16334 -0.17554
v -0.63164 -0.09551 -0.19
v -0.64361 -0.02767 -0.17554
v -0.65375 0.02984 -0.13435
v -0.66052 0.06827 -0.07271
v -0.6629 0.08176 0
v -0.66052 0.06827 0.07271
v -0.65375 0.02984 0.13435
v -0.64361 -0.02767 0.17554
v -0.48392 -0.06946 0.19
v -0.4713 -0.14106 0.17554
v -0.46059 -0.20177 0.13435
v -0.45344 -0.24233 0.07271
v -0.45093 -0.25657 0
v -0.45344 -0.24233 -0.07271
v -0.46059 -0.20177 -0.13435
v -0.4713 -0.14106 -0.17554
v -0.48392 -0.06946 -0.19
v -0.49655 0.00215 -0.17554
v -0.50725 0.06285 -0.13435
v -0.5144 0.10341 -0.07271
v -0.51692 0.11765 0
v -0.5144 0.10341 0.07271
v -0.50725 0.06285 0.13435
v -0.49655 0.00215 0.17554
v -0.48392 -0.06946 0.19
v -0.4713 -0.14106 0.17554
v -0.46059 -0.20177 0.13435
v -0.45344 -0.24233 0.07271
v -0.45093 -0.25657 0
v -0.45344 -0.24233 -0.07271
v -0.46059 -0.20177 -0.13435
v -0.4713 -0.14106 -0.17554
v -0.48392 -0.06946 -0.19
v -0.49655 0.00215 -0.17554
v -0.50725 0.06285 -0.13435
v -0.5144 0.10341 -0.07271
v -0.51692 0.11765 0
v -0.5144 0.10341 0.07271
v -0.50725 0.06285 0.13435
v -0.49655 0.00215 0.17554
v -0.48392 -0.06946 0.19
v -0.4713 -0.14106 0.17554
v -0.46059 -0.20177 0.13435
v -0.45344 -0.24233 0.07271
v -0.45093 -0.25657 0
v -0.45344 -0.24233 -0.07271
v -0.46059 -0.20177 -0.13435
v -0.4713 -0.14106 -0.17554
v -0.48392 -0.06946 -0.19
v -0.49655 0.00215 -0.17554
v -0.50725 0.06285 -0.13435
v -0.5144 0.10341 -0.07271
v -0.51692 0.11765 0
v -0.5144 0.10341 0.07271
v -0.50725 0.06285 0.13435
v -0.49655 0.00215 0.17554
v -0.48392 -0.06946 0.19
v -0.4713 -0.14106 0.17554
v -0.46059 -0.20177 0.13435
v -0.45344 -0.24233 0.07271
v -0.45093 -0.25657 0
v -0.45344 -0.24233 -0.07271
v -0.46059 -0.20177 -0.13435
v -0.4713 -0.14106 -0.17554
v -0.48392 -0.06946 -0.19
v -0.49655 0.00215 -0.17554
v -0.50725 0.06285 -0.13435
v -0.5144 0.10341 -0.07271
v -0.51692 0.11765 0
v -0.5144 0.10341 0.07271
v -0.50725 0.06285 0.13435
v -0.49655 0.00215 0.17554
v -0.48392 -0.06946 0.19
v -0.4713 -0.14106 0.17554
v -0.46059 -0.20177 0.13435
v -0.45344 -0.24233 0.07271
v -0.45093 -0.25657 0
v -0.45344 -0.24233 -0.07271
v -0.46059 -0.20177 -0.13435
v -0.4713 -0.14106 -0.17554
v -0.48392 -0.06946 -0.19
v -0.49655 0.00215 -0.17554
v -0.50725 0.06285 -0.13435
v -0.5144 0.10341 -0.07271
v -0.51692 0.11765 0
v -0.5144 0.10341 0.07271
v -0.50725 0.06285 0.13435
v -0.49655 0.00215 0.17554
v -0.48392 -0.06946 0.19
v -0.4713 -0.14106 0.17554
v -0.46059 -0.20177 0.13435
v -0.45344 -0.24233 0.07271
v -0.45093 -0.25657 0
v -0.45344 -0.24233 -0.07271
v -0.46059 -0.20177 -0.13435
v -0.4713 -0.14106 -0.17554
v -0.48392 -0.06946 -0.19
v -0.49655 0.00215 -0.17554
v -0.50725 0.06285 -0.13435
v -0.5144 0.10341 -0.07271
v -0.51692 0.11765 0
v -0.5144 0.10341 0.07271
v -0.50725 0.06285 0.13435
v -0.49655 0.00215 0.17554
v -0.48392 -0.06946 0.19
v -0.4713 -0.14106 0.17554
v -0.46059 -0.20177 0.13435
v -0.45344 -0.24233 0.07271
v -0.45093 -0.25657 0
v -0.45344 -0.24233 -0.07271
v -0.46059 -0.20177 -0.13435
v -0.4713 -0.14106 -0.17554
v -0.48392 -0.06946 -0.19
v -0.49655 0.00215 -0.17554
v -0.50725 0.06285 -0.13435
v -0.5144 0.10341 -0.07271
v -0.51692 0.11765 0
v -0.5144 0.10341 0.07271
v -0.50725 0.06285 0.13435
v -0.49655 0.00215 0.17554
v -0.48392 -0.06946 0.12
v -0.4713 -0.14106 0.11087
v -0.46059 -0.20177 0.08485
v -0.45344 -0.24233 0.04592
v -0.45093 -0.25657 0
v -0.45344 -0.24233 -0.04592
v -0.46059 -0.20177 -0.08485
v -0.4713 -0.14106 -0.11087
v -0.48392 -0.06946 -0.12
v -0.49655 0.00215 -0.11087
v -0.50725 0.06285 -0.08485
v -0.5144 0.10341 -0.04592
v -0.51692 0.11765 0
v -0.5144 0.10341 0.04592
v -0.50725 0.06285 0.08485
v -0.49655 0.00215 0.11087
v -0.48392 -0.06946 0
v -0.48392 -0.06946 0
v -0.48392 -0.06946 0
v -0.48392 -0.06946 0
v -0.48392 -0.06946 0
v -0.48392 -0.06946 0
v -0.48392 -0.06946 0
v -0.48392 -0.06946 0
v -0.48392 -0.06946 0
v -0.48392 -0.06946 0
v -0.48392 -0.06946 0
v -0.48392 -0.06946 0
v -0.48392 -0.06946 0
v -0.48392 -0.06946 0
v -0.48392 -0.06946 0
v -0.48392 -0.06946 0
v -0.40261 0.02022 0.01
v -0.40327 0.01645 0.00924
v -0.40383 0.01326 0.00707
v -0.40421 0.01112 0.00383
v -0.40434 0.01037 0
v -0.40421 0.01112 -0.00383
v -0.40383 0.01326 -0.00707
v -0.40327 0.01645 -0.00924
v -0.40261 0.02022 -0.01
v -0.40194 0.02399 -0.00924
v -0.40138 0.02718 -0.00707
v -0.401 0.02932 -0.00383
v -0.40087 0.03007 0
v -0.401 0.02932 0.00383
v -0.40138 0.02718 0.00707
v -0.40194 0.02399 0.00924
v -0.40261 0.02022 0.06
v -0.40659 -0.00239 0.05543
v -0.40997 -0.02156 0.04243
v -0.41223 -0.03437 0.02296
v -0.41302 -0.03887 0
v -0.41223 -0.03437 -0.02296
v -0.40997 -0.02156 -0.04243
v -0.40659 -0.00239 -0.05543
v -0.40261 0.02022 -0.06
v -0.39862 0.04283 -0.05543
v -0.39524 0.062 -0.04243
v -0.39298 0.07481 -0.02296
v -0.39219 0.07931 0
v -0.39298 0.07481 0.02296
v -0.39524 0.062 0.04243
v -0.39862 0.04283 0.05543
v -0.40261 0.02022 0.08
v -0.40792 -0.00993 0.07391
v -0.41243 -0.03549 0.05657
v -0.41544 -0.05257 0.03061
v -0.4165 -0.05857 0
v -0.41544 -0.05257 -0.03061
v -0.41243 -0.03549 -0.05657
v -0.40792 -0.00993 -0.07391
v -0.40261 0.02022 -0.08
v -0.39729 0.05037 -0.07391
v -0.39278 0.07593 -0.05657
v -0.38977 0.09301 -0.03061
v -0.38871 0.099 0
v -0.38977 0.09301 0.03061
v -0.39278 0.07593 0.05657
v -0.39729 0.05037 0.07391
v -0.40261 0.02022 0.14
v -0.41191 -0.03254 0.12934
v -0.4198 -0.07727 0.09899
v -0.42507 -0.10716 0.05358
v -0.42692 -0.11765 0
v -0.42507 -0.10716 -0.05358
v -0.4198 -0.07727 -0.09899
v -0.41191 -0.03254 -0.12934
v -0.40261 0.02022 -0.14
v -0.3933 0.07298 -0.12934
v -0.38542 0.11771 -0.09899
v -0.38015 0.1476 -0.05358
v -0.37829 0.15809 0
v -0.38015 0.1476 0.05358
v -0.38542 0.11771 0.09899
v -0.3933 0.07298 0.12934
v -0.40261 0.02022 0.18
v -0.41457 -0.04762 0.1663
v -0.42471 -0.10513 0.12728
v -0.43148 -0.14355 0.06888
v -0.43386 -0.15705 0
v -0.43148 -0.14355 -0.06888
v -0.42471 -0.10513 -0.12728
v -0.41457 -0.04762 -0.1663
v -0.40261 0.02022 -0.18
v -0.39064 0.08806 -0.1663
v -0.3805 0.14556 -0.12728
v -0.37373 0.18399 -0.06888
v -0.37135 0.19748 0
v -0.37373 0.18399 0.06888
v -0.3805 0.14556 0.12728
v -0.39064 0.08806 0.1663
v -0.40261 0.02022 0.19
v -0.41523 -0.05139 0.17554
v -0.42594 -0.11209 0.13435
v -0.43309 -0.15265 0.07271
v -0.4356 -0.16689 0
v -0.43309 -0.15265 -0.07271
v -0.42594 -0.11209 -0.13435
v -0.41523 -0.05139 -0.17554
v -0.40261 0.02022 -0.19
v -0.38998 0.09182 -0.17554
v -0.37928 0.15253 -0.13435
v -0.37212 0.19309 -0.07271
v -0.36961 0.20733 0
v -0.37212 0.19309 0.07271
v -0.37928 0.15253 0.13435
v -0.38998 0.09182 0.17554
v -0.20564 -0.01451 0.2
v -0.2196 -0.09365 0.18478
v -0.23143 -0.16075 0.14142
v -0.23933 -0.20558 0.07654
v -0.24211 -0.22132 0
v -0.23933 -0.20558 -0.07654
v -0.23143 -0.16075 -0.14142
v -0.2196 -0.09365 -0.18478
v -0.20564 -0.01451 -0.2
v -0.19169 0.06463 -0.18478
v -0.17986 0.13173 -0.14142
v -0.17195 0.17656 -0.07654
v -0.16918 0.1923 0
v -0.17195 0.17656 0.07654
v -0.17986 0.13173 0.14142
v -0.19169 0.06463 0.18478
v -0.00868 -0.04924 0.23
v -0.02397 -0.13592 0.21249
v -0.03692 -0.2094 0.16263
v -0.04558 -0.2585 0.08802
v -0.04862 -0.27575 0
v -0.04558 -0.2585 -0.08802
v -0.03692 -0.2094 -0.16263
v -0.02397 -0.13592 -0.21249
v -0.00868 -0.04924 -0.23
v 0.0066 0.03744 -0.21249
v 0.01956 0.11092 -0.16263
v 0.02822 0.16002 -0.08802
v 0.03126 0.17727 0
v 0.02822 0.16002 0.08802
v 0.01956 0.11092 0.16263
v 0.0066 0.03744 0.21249
v -0.00868 -0.04924 0.23
v -0.02397 -0.13592 0.21249
v -0.03692 -0.2094 0.16263
v -0.04558 -0.2585 0.08802
v -0.04862 -0.27575 0
v -0.04558 -0.2585 -0.08802
v -0.03692 -0.2094 -0.16263
v -0.02397 -0.13592 -0.21249
v -0.00868 -0.04924 -0.23
v 0.0066 0.03744 -0.21249
v 0.01956 0.11092 -0.16263
v 0.02822 0.16002 -0.08802
v 0.03126 0.17727 0
v 0.02822 0.16002 0.08802
v 0.01956 0.11092 0.16263
v 0.0066 0.03744 0.21249
v -0.00868 -0.04924 0.23
v -0.02397 -0.13592 0.21249
v -0.03692 -0.2094 0.16263
v -0.04558 -0.2585 0.08802
v -0.04862 -0.27575 0
v -0.04558 -0.2585 -0.08802
v -0.03692 -0.2094 -0.16263
v -0.02397 -0.13592 -0.21249
v -0.00868 -0.04924 -0.23
v 0.0066 0.03744 -0.21249
v 0.01956 0.11092 -0.16263
v 0.02822 0.16002 -0.08802
v 0.03126 0.17727 0
v 0.02822 0.16002 0.08802
v 0.01956 0.11092 0.16263
v 0.0066 0.03744 0.21249
v -0.00868 -0.04924 0.23
v -0.02397 -0.13592 0.21249
v -0.03692 -0.2094 0.16263
v -0.04558 -0.2585 0.08802
v -0.04862 -0.27575 0
v -0.04558 -0.2585 -0.08802
v -0.03692 -0.2094 -0.16263
v -0.02397 -0.13592 -0.21249
v -0.00868 -0.04924 -0.23
v 0.0066 0.03744 -0.21249
v 0.01956 0.11092 -0.16263
v 0.02822 0.16002 -0.08802
v 0.03126 0.17727 0
v 0.02822 0.16002 0.08802
v 0.01956 0.11092 0.16263
v 0.0066 0.03744 0.21249
v -0.00868 -0.04924 0.23
v -0.02397 -0.13592 0.21249
v -0.03692 -0.2094 0.16263
v -0.04558 -0.2585 0.08802
v -0.04862 -0.27575 0
v -0.04558 -0.2585 -0.08802
v -0.03692 -0.2094 -0.16263
v -0.02397 -0.13592 -0.21249
v -0.00868 -0.04924 -0.23
v 0.0066 0.03744 -0.21249
v 0.01956 0.11092 -0.16263
v 0.02822 0.16002 -0.08802
v 0.03126 0.17727 0
v 0.02822 0.16002 0.08802
v 0.01956 0.11092 0.16263
v 0.0066 0.03744 0.21249
v -0.00868 -0.04924 0.12
v -0.01666 -0.09446 0.11087
v -0.02342 -0.1328 0.08485
v -0.02793 -0.15842 0.04592
v -0.02952 -0.16742 0
v -0.02793 -0.15842 -0.04592
v -0.02342 -0.1328 -0.08485
v -0.01666 -0.09446 -0.11087
v -0.00868 -0.04924 -0.12
v -0.00071 -0.00402 -0.11087
v 0.00605 0.03432 -0.08485
v 0.01057 0.05994 -0.04592
v 0.01216 0.06894 0
v 0.01057 0.05994 0.04592
v 0.00605 0.03432 0.08485
v -0.00071 -0.00402 0.11087
v -0.00868 -0.04924 0
v -0.00868 -0.04924 0
v -0.00868 -0.04924 0
v -0.00868 -0.04924 0
v -0.00868 -0.04924 0
v -0.00868 -0.04924 0
v -0.00868 -0.04924 0
v -0.00868 -0.04924 0
v -0.00868 -0.04924 0
v -0.00868 -0.04924 0
v -0.00868 -0.04924 0
v -0.00868 -0.04924 0
v -0.00868 -0.04924 0
v -0.00868 -0.04924 0
v -0.00868 -0.04924 0
v -0.00868 -0.04924 0
v 0.05 0 0.01
v 0.0498 -0.00382 0.00924
v 0.04963 -0.00706 0.00707
v 0.04952 -0.00923 0.00383
v 0.04948 -0.00999 0
v 0.04952 -0.00923 -0.00383
v 0.04963 -0.00706 -0.00707
v 0.0498 -0.00382 -0.00924
v 0.05 0 -0.01
v 0.0502 0.00382 -0.00924
v 0.05037 0.00706 -0.00707
v 0.05048 0.00923 -0.00383
v 0.05052 0.00999 0
v 0.05048 0.00923 0.00383
v 0.05037 0.00706 0.00707
v 0.0502 0.00382 0.00924
v 0.05 0 0.06
v 0.0488 -0.02293 0.05543
v 0.04778 -0.04237 0.04243
v 0.0471 -0.05536 0.02296
v 0.04686 -0.05992 0
v 0.0471 -0.05536 -0.02296
v 0.04778 -0.04237 -0.04243
v 0.0488 -0.02293 -0.05543
v 0.05 0 -0.06
v 0.0512 0.02293 -0.05543
v 0.05222 0.04237 -0.04243
v 0.0529 0.05536 -0.02296
v 0.05314 0.05992 0
v 0.0529 0.05536 0.02296
v 0.05222 0.04237 0.04243
v 0.0512 0.02293 0.05543
v 0.05 0 0.08
v 0.0484 -0.03057 0.07391
v 0.04704 -0.05649 0.05657
v 0.04613 -0.07381 0.03061
v 0.04581 -0.07989 0
v 0.04613 -0.07381 -0.03061
v 0.04704 -0.05649 -0.05657
v 0.0484 -0.03057 -0.07391
v 0.05 0 -0.08
v 0.0516 0.03057 -0.07391
v 0.05296 0.05649 -0.05657
v 0.05387 0.07381 -0.03061
v 0.05419 0.07989 0
v 0.05387 0.07381 0.03061
v 0.05296 0.05649 0.05657
v 0.0516 0.03057 0.07391
v 0.05 0 0.14
v 0.0472 -0.0535 0.12934
v 0.04482 -0.09886 0.09899
v 0.04323 -0.12917 0.05358
v 0.04267 -0.13981 0
v 0.04323 -0.12917 -0.05358
v 0.04482 -0.09886 -0.09899
v 0.0472 -0.0535 -0.12934
v 0.05 0 -0.14
v 0.0528 0.0535 -0.12934
v 0.05518 0.09886 -0.09899
v 0.05677 0.12917 -0.05358
v 0.05733 0.13981 0
v 0.05677 0.12917 0.05358
v 0.05518 0.09886 0.09899
v 0.0528 0.0535 0.12934
v 0.05 0 0.18
v 0.04639 -0.06879 0.1663
v 0.04334 -0.1271 0.12728
v 0.0413 -0.16607 0.06888
v 0.04058 -0.17975 0
v 0.0413 -0.16607 -0.06888
v 0.04334 -0.1271 -0.12728
v 0.04639 -0.06879 -0.1663
v 0.05 0 -0.18
v 0.05361 0.06879 -0.1663
v 0.05666 0.1271 -0.12728
v 0.0587 0.16607 -0.06888
v 0.05942 0.17975 0
v 0.0587 0.16607 0.06888
v 0.05666 0.1271 0.12728
v 0.05361 0.06879 0.1663
v 0.05 0 0.2
v 0.04619 -0.07261 0.18478
v 0.04297 -0.13417 0.14142
v 0.04081 -0.1753 0.07654
v 0.04006 -0.18974 0
v 0.04081 -0.1753 -0.07654
v 0.04297 -0.13417 -0.14142
v 0.04619 -0.07261 -0.18478
v 0.05 0 -0.2
v 0.05381 0.07261 -0.18478
v 0.05703 0.13417 -0.14142
v 0.05919 0.1753 -0.07654
v 0.05994 0.18974 0
v 0.05919 0.1753 0.07654
v 0.05703 0.13417 0.14142
v 0.05381 0.07261 0.18478
v 0.05 0 0.2
v 0.04579 -0.08025 0.18478
v 0.04223 -0.14829 0.14142
v 0.03985 -0.19375 0.07654
v 0.03901 -0.20971 0
v 0.03985 -0.19375 -0.07654
v 0.04223 -0.14829 -0.14142
v 0.04579 -0.08025 -0.18478
v 0.05 0 -0.2
v 0.05421 0.08025 -0.18478
v 0.05777 0.14829 -0.14142
v 0.06015 0.19375 -0.07654
v 0.06099 0.20971 0
v 0.06015 0.19375 0.07654
v 0.05777 0.14829 0.14142
v 0.05421 0.08025 0.18478
v 0.05 0 0.23
v 0.04539 -0.0879 0.21249
v 0.04149 -0.16241 0.16263
v 0.03888 -0.2122 0.08802
v 0.03796 -0.22968 0
v 0.03888 -0.2122 -0.08802
v 0.04149 -0.16241 -0.16263
v 0.04539 -0.0879 -0.21249
v 0.05 0 -0.23
v 0.05461 0.0879 -0.21249
v 0.05851 0.16241 -0.16263
v 0.06112 0.2122 -0.08802
v 0.06204 0.22968 0
v 0.06112 0.2122 0.08802
v 0.05851 0.16241 0.16263
v 0.05461 0.0879 0.21249
v 0.18981 -0.00733 0.23
v 0.1852 -0.09522 0.21249
v 0.1813 -0.16974 0.16263
v 0.17869 -0.21953 0.08802
v 0.17777 -0.23701 0
v 0.17869 -0.21953 -0.08802
v 0.1813 -0.16974 -0.16263
v 0.1852 -0.09522 -0.21249
v 0.18981 -0.00733 -0.23
v 0.19441 0.08057 -0.21249
v 0.19832 0.15508 -0.16263
v 0.20093 0.20487 -0.08802
v 0.20185 0.22236 0
v 0.20093 0.20487 0.08802
v 0.19832 0.15508 0.16263
v 0.19441 0.08057 0.21249
v 0.24973 -0.01047 0.29
v 0.24392 -0.12129 0.26793
v 0.23899 -0.21525 0.20506
v 0.2357 -0.27803 0.11098
v 0.23455 -0.30007 0
v 0.2357 -0.27803 -0.11098
v 0.23899 -0.21525 -0.20506
v 0.24392 -0.12129 -0.26793
v 0.24973 -0.01047 -0.29
v 0.25553 0.10036 -0.26793
v 0.26046 0.19431 -0.20506
v 0.26375 0.25709 -0.11098
v 0.2649 0.27914 0
v 0.26375 0.25709 0.11098
v 0.26046 0.19431 0.20506
v 0.25553 0.10036 0.26793
v 0.34959 -0.0157 0.29
v 0.34378 -0.12653 0.26793
v 0.33886 -0.22048 0.20506
v 0.33557 -0.28326 0.11098
v 0.33441 -0.3053 0
v 0.33557 -0.28326 -0.11098
v 0.33886 -0.22048 -0.20506
v 0.34378 -0.12653 -0.26793
v 0.34959 -0.0157 -0.29
v 0.3554 0.09513 -0.26793
v 0.36032 0.18908 -0.20506
v 0.36361 0.25186 -0.11098
v 0.36477 0.2739 0
v 0.36361 0.25186 0.11098
v 0.36032 0.18908 0.20506
v 0.3554 0.09513 0.26793
v 0.34959 -0.0157 0.29
v 0.34378 -0.12653 0.26793
v 0.33886 -0.22048 0.20506
v 0.33557 -0.28326 0.11098
v 0.33441 -0.3053 0
v 0.33557 -0.28326 -0.11098
v 0.33886 -0.22048 -0.20506
v 0.34378 -0.12653 -0.26793
v 0.34959 -0.0157 -0.29
v 0.3554 0.09513 -0.26793
v 0.36032 0.18908 -0.20506
v 0.36361 0.25186 -0.11098
v 0.36477 0.2739 0
v 0.36361 0.25186 0.11098
v 0.36032 0.18908 0.20506
v 0.3554 0.09513 0.26793
v 0.34959 -0.0157 0.12
v 0.34719 -0.06156 0.11087
v 0.34515 -0.10044 0.08485
v 0.34379 -0.12641 0.04592
v 0.34331 -0.13554 0
v 0.34379 -0.12641 -0.04592
v 0.34515 -0.10044 -0.08485
v 0.34719 -0.06156 -0.11087
v 0.34959 -0.0157 -0.12
v 0.35199 0.03016 -0.11087
v 0.35403 0.06904 -0.08485
v 0.35539 0.09501 -0.04592
v 0.35587 0.10413 0
v 0.35539 0.09501 0.04592
v 0.35403 0.06904 0.08485
v 0.35199 0.03016 0.11087
v 0.34959 -0.0157 0
v 0.34959 -0.0157 0
v 0.34959 -0.0157 0
v 0.34959 -0.0157 0
v 0.34959 -0.0157 0
v 0.34959 -0.0157 0
v 0.34959 -0.0157 0
v 0.34959 -0.0157 0
v 0.34959 -0.0157 0
v 0.34959 -0.0157 0
v 0.34959 -0.0157 0
v 0.34959 -0.0157 0
v 0.34959 -0.0157 0
v 0.34959 -0.0157 0
v 0.34959 -0.0157 0
v 0.34959 -0.0157 0
v 0.39544 -0.05209 0.01
v 0.39478 -0.05586 0.00924
v 0.39421 -0.05906 0.00707
v 0.39384 -0.06119 0.00383
v 0.39371 -0.06194 0
v 0.39384 -0.06119 -0.00383
v 0.39421 -0.05906 -0.00707
v 0.39478 -0.05586 -0.00924
v 0.39544 -0.05209 -0.01
v 0.39611 -0.04833 -0.00924
v 0.39667 -0.04513 -0.00707
v 0.39705 -0.043 -0.00383
v 0.39718 -0.04225 0
v 0.39705 -0.043 0.00383
v 0.39667 -0.04513 0.00707
v 0.39611 -0.04833 0.00924
v 0.39544 -0.05209 0.06
v 0.39146 -0.07471 0.05543
v 0.38808 -0.09388 0.04243
v 0.38582 -0.10669 0.02296
v 0.38502 -0.11118 0
v 0.38582 -0.10669 -0.02296
v 0.38808 -0.09388 -0.04243
v 0.39146 -0.07471 -0.05543
v 0.39544 -0.05209 -0.06
v 0.39943 -0.02948 -0.05543
v 0.40281 -0.01031 -0.04243
v 0.40507 0.0025 -0.02296
v 0.40586 0.00699 0
v 0.40507 0.0025 0.02296
v 0.40281 -0.01031 0.04243
v 0.39943 -0.02948 0.05543
v 0.39544 -0.05209 0.08
v 0.39013 -0.08224 0.07391
v 0.38562 -0.1078 0.05657
v 0.38261 -0.12488 0.03061
v 0.38155 -0.13088 0
v 0.38261 -0.12488 -0.03061
v 0.38562 -0.1078 -0.05657
v 0.39013 -0.08224 -0.07391
v 0.39544 -0.05209 -0.08
v 0.40076 -0.02194 -0.07391
v 0.40527 0.00361 -0.05657
v 0.40828 0.02069 -0.03061
v 0.40933 0.02669 0
v 0.40828 0.02069 0.03061
v 0.40527 0.00361 0.05657
v 0.40076 -0.02194 0.07391
v 0.39544 -0.05209 0.14
v 0.38614 -0.10486 0.12934
v 0.37825 -0.14959 0.09899
v 0.37298 -0.17947 0.05358
v 0.37113 -0.18997 0
v 0.37298 -0.17947 -0.05358
v 0.37825 -0.14959 -0.09899
v 0.38614 -0.10486 -0.12934
v 0.39544 -0.05209 -0.14
v 0.40475 0.00067 -0.12934
v 0.41263 0.0454 -0.09899
v 0.4179 0.07528 -0.05358
v 0.41975 0.08578 0
v 0.4179 0.07528 0.05358
v 0.41263 0.0454 0.09899
v 0.40475 0.00067 0.12934
v 0.39544 -0.05209 0.18
v 0.38348 -0.11993 0.1663
v 0.37334 -0.17744 0.12728
v 0.36656 -0.21587 0.06888
v 0.36419 -0.22936 0
v 0.36656 -0.21587 -0.06888
v 0.37334 -0.17744 -0.12728
v 0.38348 -0.11993 -0.1663
v 0.39544 -0.05209 -0.18
v 0.4074 0.01574 -0.1663
v 0.41754 0.07325 -0.12728
v 0.42432 0.11168 -0.06888
v 0.4267 0.12517 0
v 0.42432 0.11168 0.06888
v 0.41754 0.07325 0.12728
v 0.4074 0.01574 0.1663
v 0.39544 -0.05209 0.2
v 0.38282 -0.1237 0.18478
v 0.37211 -0.1844 0.14142
v 0.36496 -0.22496 0.07654
v 0.36245 -0.23921 0
v 0.36496 -0.22496 -0.07654
v 0.37211 -0.1844 -0.14142
v 0.38282 -0.1237 -0.18478
v 0.39544 -0.05209 -0.2
v 0.40807 0.01951 -0.18478
v 0.41877 0.08021 -0.14142
v 0.42592 0.12078 -0.07654
v 0.42844 0.13502 0
v 0.42592 0.12078 0.07654
v 0.41877 0.08021 0.14142
v 0.40807 0.01951 0.18478
v 0.39544 -0.05209 0.2
v 0.38149 -0.13124 0.18478
v 0.36966 -0.19833 0.14142
v 0.36175 -0.24316 0.07654
v 0.35898 -0.2589 0
v 0.36175 -0.24316 -0.07654
v 0.36966 -0.19833 -0.14142
v 0.38149 -0.13124 -0.18478
v 0.39544 -0.05209 -0.2
v 0.4094 0.02705 -0.18478
v 0.42123 0.09414 -0.14142
v 0.42913 0.13897 -0.07654
v 0.43191 0.15472 0
v 0.42913 0.13897 0.07654
v 0.42123 0.09414 0.14142
v 0.4094 0.02705 0.18478
v 0.39544 -0.05209 0.23
v 0.38016 -0.13877 0.21249
v 0.3672 -0.21226 0.16263
v 0.35854 -0.26136 0.08802
v 0.3555 -0.2786 0
v 0.35854 -0.26136 -0.08802
v 0.3672 -0.21226 -0.16263
v 0.38016 -0.13877 -0.21249
v 0.39544 -0.05209 -0.23
v 0.41073 0.03459 -0.21249
v 0.42368 0.10807 -0.16263
v 0.43234 0.15717 -0.08802
v 0.43538 0.17441 0
v 0.43234 0.15717 0.08802
v 0.42368 0.10807 0.16263
v 0.41073 0.03459 0.21249
v 0.39544 -0.05209 0.23
v 0.38016 -0.13877 0.21249
v 0.3672 -0.21226 0.16263
v 0.35854 -0.26136 0.08802
v 0.3555 -0.2786 0
v 0.35854 -0.26136 -0.08802
v 0.3672 -0.21226 -0.16263
v 0.38016 -0.13877 -0.21249
v 0.39544 -0.05209 -0.23
v 0.41073 0.03459 -0.21249
v 0.42368 0.10807 -0.16263
v 0.43234 0.15717 -0.08802
v 0.43538 0.17441 0
v 0.43234 0.15717 0.08802
v 0.42368 0.10807 0.16263
v 0.41073 0.03459 0.21249
v 0.39544 -0.05209 0.29
v 0.37617 -0.16139 0.26793
v 0.35983 -0.25404 0.20506
v 0.34892 -0.31595 0.11098
v 0.34508 -0.33769 0
v 0.34892 -0.31595 -0.11098
v 0.35983 -0.25404 -0.20506
v 0.37617 -0.16139 -0.26793
v 0.39544 -0.05209 -0.29
v 0.41471 0.0572 -0.26793
v 0.43105 0.14985 -0.20506
v 0.44197 0.21176 -0.11098
v 0.4458 0.2335 0
v 0.44197 0.21176 0.11098
v 0.43105 0.14985 0.20506
v 0.41471 0.0572 0.26793
v 0.39544 -0.05209 0.29
v 0.37617 -0.16139 0.26793
v 0.35983 -0.25404 0.20506
v 0.34892 -0.31595 0.11098
v 0.34508 -0.33769 0
v 0.34892 -0.31595 -0.11098
v 0.35983 -0.25404 -0.20506
v 0.37617 -0.16139 -0.26793
v 0.39544 -0.05209 -0.29
v 0.41471 0.0572 -0.26793
v 0.43105 0.14985 -0.20506
v 0.44197 0.21176 -0.11098
v 0.4458 0.2335 0
v 0.44197 0.21176 0.11098
v 0.43105 0.14985 0.20506
v 0.41471 0.0572 0.26793
v 0.5924 -0.08682 0.29
v 0.57313 -0.19612 0.26793
v 0.5568 -0.28877 0.20506
v 0.54588 -0.35068 0.11098
v 0.54205 -0.37242 0
v 0.54588 -0.35068 -0.11098
v 0.5568 -0.28877 -0.20506
v 0.57313 -0.19612 -0.26793
v 0.5924 -0.08682 -0.29
v 0.61168 0.02247 -0.26793
v 0.62801 0.11512 -0.20506
v 0.63893 0.17703 -0.11098
v 0.64276 0.19877 0
v 0.63893 0.17703 0.11098
v 0.62801 0.11512 0.20506
v 0.61168 0.02247 0.26793
v 0.78937 -0.12155 0.12
v 0.78139 -0.16678 0.11087
v 0.77463 -0.20512 0.08485
v 0.77011 -0.23073 0.04592
v 0.76853 -0.23973 0
v 0.77011 -0.23073 -0.04592
v 0.77463 -0.20512 -0.08485
v 0.78139 -0.16678 -0.11087
v 0.78937 -0.12155 -0.12
v 0.79734 -0.07633 -0.11087
v 0.8041 -0.03799 -0.08485
v 0.80862 -0.01237 -0.04592
v 0.8102 -0.00338 0
v 0.80862 -0.01237 0.04592
v 0.8041 -0.03799 0.08485
v 0.79734 -0.07633 0.11087
v 0.69088 -0.10419 0
v 0.69088 -0.10419 0
v 0.69088 -0.10419 0
v 0.69088 -0.10419 0
v 0.69088 -0.10419 0
v 0.69088 -0.10419 0
v 0.69088 -0.10419 0
v 0.69088 -0.10419 0
v 0.69088 -0.10419 0
v 0.69088 -0.10419 0
v 0.69088 -0.10419 0
v 0.69088 -0.10419 0
v 0.69088 -0.10419 0
v 0.69088 -0.10419 0
v 0.69088 -0.10419 0
v 0.69088 -0.10419 0
v 0.17 0.5 0.03
v 0.17 0.47879 0.02121
v 0.17 0.47 0
v 0.17 0.47879 -0.02121
v 0.17 0.5 -0.03
v 0.17 0.52121 -0.02121
v 0.17 0.53 0
v 0.17 0.52121 0.02121
v 0.2 0.5 0.07
v 0.2 0.4505 0.0495
v 0.2 0.43 0
v 0.2 0.4505 -0.0495
v 0.2 0.5 -0.07
v 0.2 0.5495 -0.0495
v 0.2 0.57 0
v 0.2 0.5495 0.0495
v 0.25 0.5 0.09
v 0.25 0.43636 0.06364
v 0.25 0.41 0
v 0.25 0.43636 -0.06364
v 0.25 0.5 -0.09
v 0.25 0.56364 -0.06364
v 0.25 0.59 0
v 0.25 0.56364 0.06364
v 0.32 0.5 0.08
v 0.32 0.44343 0.05657
v 0.32 0.42 0
v 0.32 0.44343 -0.05657
v 0.32 0.5 -0.08
v 0.32 0.55657 -0.05657
v 0.32 0.58 0
v 0.32 0.55657 0.05657
v 0.4 0.5 0.08
v 0.4 0.4505 0.05657
v 0.4 0.43 0
v 0.4 0.4505 -0.05657
v 0.4 0.5 -0.08
v 0.4 0.5495 -0.05657
v 0.4 0.57 0
v 0.4 0.5495 0.05657
v 0.4 0.5 0.08
v 0.4 0.45757 0.05657
v 0.4 0.44 0
v 0.4 0.45757 -0.05657
v 0.4 0.5 -0.08
v 0.4 0.54243 -0.05657
v 0.4 0.56 0
v 0.4 0.54243 0.05657
v 0.4 0.5 0.08
v 0.4 0.45757 0.05657
v 0.4 0.44 0
v 0.4 0.45757 -0.05657
v 0.4 0.5 -0.08
v 0.4 0.54243 -0.05657
v 0.4 0.56 0
v 0.4 0.54243 0.05657
v 0.4 0.5 0.08
v 0.4 0.45757 0.05657
v 0.4 0.44 0
v 0.4 0.45757 -0.05657
v 0.4 0.5 -0.08
v 0.4 0.54243 -0.05657
v 0.4 0.56 0
v 0.4 0.54243 0.05657
v 0.4 0.5 0.08
v 0.4 0.45757 0.05657
v 0.4 0.44 0
v 0.4 0.45757 -0.05657
v 0.4 0.5 -0.08
v 0.4 0.54243 -0.05657
v 0.4 0.56 0
v 0.4 0.54243 0.05657
v 0.4 0.5 0
v 0.4 0.5 0
v 0.4 0.5 0
v 0.4 0.5 0
v 0.4 0.5 0
v 0.4 0.5 0
v 0.4 0.5 0
v 0.4 0.5 0
v 0.49891 0.45962 0
v 0.49891 0.45962 0
v 0.49891 0.45962 0
v 0.49891 0.45962 0
v 0.49891 0.45962 0
v 0.49891 0.45962 0
v 0.49891 0.45962 0
v 0.49891 0.45962 0
v 0.49891 0.45962 0.07
v 0.46391 0.42462 0.0495
v 0.44941 0.41012 0
v 0.46391 0.42462 -0.0495
v 0.49891 0.45962 -0.07
v 0.53391 0.49462 -0.0495
v 0.54841 0.50912 0
v 0.53391 0.49462 0.0495
v 0.49891 0.45962 0.08
v 0.46391 0.42462 0.05657
v 0.44941 0.41012 0
v 0.46391 0.42462 -0.05657
v 0.49891 0.45962 -0.08
v 0.53391 0.49462 -0.05657
v 0.54841 0.50912 0
v 0.53391 0.49462 0.05657
v 0.49891 0.45962 0.08
v 0.46391 0.42462 0.05657
v 0.44941 0.41012 0
v 0.46391 0.42462 -0.05657
v 0.49891 0.45962 -0.08
v 0.53391 0.49462 -0.05657
v 0.54841 0.50912 0
v 0.53391 0.49462 0.05657
v 0.49891 0.45962 0.08
v 0.46391 0.42462 0.05657
v 0.44941 0.41012 0
v 0.46391 0.42462 -0.05657
v 0.49891 0.45962 -0.08
v 0.53391 0.49462 -0.05657
v 0.54841 0.50912 0
v 0.53391 0.49462 0.05657
v 0.56962 0.38891 0.08
v 0.53962 0.35891 0.05657
v 0.52719 0.34648 0
v 0.53962 0.35891 -0.05657
v 0.56962 0.38891 -0.08
v 0.59962 0.41891 -0.05657
v 0.61205 0.43134 0
v 0.59962 0.41891 0.05657
v 0.62619 0.33234 0.08
v 0.59619 0.30234 0.05657
v 0.58376 0.28991 0
v 0.59619 0.30234 -0.05657
v 0.62619 0.33234 -0.08
v 0.65619 0.36234 -0.05657
v 0.66861 0.37477 0
v 0.65619 0.36234 0.05657
v 0.62619 0.33234 0.08
v 0.59619 0.30234 0.05657
v 0.58376 0.28991 0
v 0.59619 0.30234 -0.05657
v 0.62619 0.33234 -0.08
v 0.65619 0.36234 -0.05657
v 0.66861 0.37477 0
v 0.65619 0.36234 0.05657
v 0.62619 0.33234 0.08
v 0.59619 0.30234 0.05657
v 0.58376 0.28991 0
v 0.59619 0.30234 -0.05657
v 0.62619 0.33234 -0.08
v 0.65619 0.36234 -0.05657
v 0.66861 0.37477 0
v 0.65619 0.36234 0.05657
v 0.69187 0.28443 0
v 0.69187 0.28443 0
v 0.69187 0.28443 0
v 0.69187 0.28443 0
v 0.69187 0.28443 0
v 0.69187 0.28443 0
v 0.69187 0.28443 0
v 0.69187 0.28443 0
v 0.69187 0.28443 0.08
v 0.67736 0.24456 0.05657
v 0.67135 0.22805 0
v 0.67736 0.24456 -0.05657
v 0.69187 0.28443 -0.08
v 0.70638 0.3243 -0.05657
v 0.71239 0.34081 0
v 0.70638 0.3243 0.05657
v 0.69187 0.28443 0.08
v 0.67736 0.24456 0.05657
v 0.67135 0.22805 0
v 0.67736 0.24456 -0.05657
v 0.69187 0.28443 -0.08
v 0.70638 0.3243 -0.05657
v 0.71239 0.34081 0
v 0.70638 0.3243 0.05657
v 0.69187 0.28443 0.08
v 0.67736 0.24456 0.05657
v 0.67135 0.22805 0
v 0.67736 0.24456 -0.05657
v 0.69187 0.28443 -0.08
v 0.70638 0.3243 -0.05657
v 0.71239 0.34081 0
v 0.70638 0.3243 0.05657
v 0.69187 0.28443 0.08
v 0.67736 0.24456 0.05657
v 0.67135 0.22805 0
v 0.67736 0.24456 -0.05657
v 0.69187 0.28443 -0.08
v 0.70638 0.3243 -0.05657
v 0.71239 0.34081 0
v 0.70638 0.3243 0.05657
v 0.69187 0.28443 0.08
v 0.67736 0.24456 0.05657
v 0.67135 0.22805 0
v 0.67736 0.24456 -0.05657
v 0.69187 0.28443 -0.08
v 0.70638 0.3243 -0.05657
v 0.71239 0.34081 0
v 0.70638 0.3243 0.05657
v 0.69187 0.28443 0.08
v 0.67736 0.24456 0.05657
v 0.67135 0.22805 0
v 0.67736 0.24456 -0.05657
v 0.69187 0.28443 -0.08
v 0.70638 0.3243 -0.05657
v 0.71239 0.34081 0
v 0.70638 0.3243 0.05657
v 0.75765 0.26049 0.08
v 0.74313 0.22062 0.05657
v 0.73712 0.20411 0
v 0.74313 0.22062 -0.05657
v 0.75765 0.26049 -0.08
v 0.77216 0.30036 -0.05657
v 0.77817 0.31687 0
v 0.77216 0.30036 0.05657
v 0.85161 0.22629 0.08
v 0.8371 0.18642 0.05657
v 0.83109 0.1699 0
v 0.8371 0.18642 -0.05657
v 0.85161 0.22629 -0.08
v 0.86613 0.26615 -0.05657
v 0.87214 0.28267 0
v 0.86613 0.26615 0.05657
v 0.80463 0.24339 0
v 0.80463 0.24339 0
v 0.80463 0.24339 0
v 0.80463 0.24339 0
v 0.80463 0.24339 0
v 0.80463 0.24339 0
v 0.80463 0.24339 0
v 0.80463 0.24339 0
v 0.47 -0.5 0.01
v 0.47 -0.5 0.01
v 0.47 -0.5 0.01
v 0.47 -0.5 0.01
v 0.47 -0.5 0.01
v 0.47 -0.5 0.01
v 0.47 -0.5 0.01
v 0.47 -0.5 0.01
v 0.47 -0.5 0.01
v 0.47 -0.5 0.01
v 0.47 -0.5 0.01
v 0.47 -0.5 0.01
v 0.47 -0.5 0.01
v 0.47 -0.5 0.01
v 0.47 -0.5 0.01
v 0.47 -0.5 0.01
v 0.47 -0.5 0.05
v 0.47 -0.48469 0.04696
v 0.47 -0.47172 0.03828
v 0.47 -0.46304 0.02531
v 0.47 -0.46 0.01
v 0.47 -0.46304 -0.00531
v 0.47 -0.47172 -0.01828
v 0.47 -0.48469 -0.02696
v 0.47 -0.5 -0.03
v 0.47 -0.51531 -0.02696
v 0.47 -0.52828 -0.01828
v 0.47 -0.53696 -0.00531
v 0.47 -0.54 0.01
v 0.47 -0.53696 0.02531
v 0.47 -0.52828 0.03828
v 0.47 -0.51531 0.04696
v 0.47 -0.5 0.05
v 0.47 -0.48469 0.04696
v 0.47 -0.47172 0.03828
v 0.47 -0.46304 0.02531
v 0.47 -0.46 0.01
v 0.47 -0.46304 -0.00531
v 0.47 -0.47172 -0.01828
v 0.47 -0.48469 -0.02696
v 0.47 -0.5 -0.03
v 0.47 -0.51531 -0.02696
v 0.47 -0.52828 -0.01828
v 0.47 -0.53696 -0.00531
v 0.47 -0.54 0.01
v 0.47 -0.53696 0.02531
v 0.47 -0.52828 0.03828
v 0.47 -0.51531 0.04696
v 0.47 -0.5 0.06
v 0.47 -0.48087 0.05619
v 0.47 -0.46464 0.04536
v 0.47 -0.45381 0.02913
v 0.47 -0.45 0.01
v 0.47 -0.45381 -0.00913
v 0.47 -0.46464 -0.02536
v 0.47 -0.48087 -0.03619
v 0.47 -0.5 -0.04
v 0.47 -0.51913 -0.03619
v 0.47 -0.53536 -0.02536
v 0.47 -0.54619 -0.00913
v 0.47 -0.55 0.01
v 0.47 -0.54619 0.02913
v 0.47 -0.53536 0.04536
v 0.47 -0.51913 0.05619
v 0.47 -0.5 0.1
v 0.47 -0.46556 0.09315
v 0.47 -0.43636 0.07364
v 0.47 -0.41685 0.04444
v 0.47 -0.41 0.01
v 0.47 -0.41685 -0.02444
v 0.47 -0.43636 -0.05364
v 0.47 -0.46556 -0.07315
v 0.47 -0.5 -0.08
v 0.47 -0.53444 -0.07315
v 0.47 -0.56364 -0.05364
v 0.47 -0.58315 -0.02444
v 0.47 -0.59 0.01
v 0.47 -0.58315 0.04444
v 0.47 -0.56364 0.07364
v 0.47 -0.53444 0.09315
v 0.34 -0.5 0.1
v 0.34 -0.46556 0.09315
v 0.34 -0.43636 0.07364
v 0.34 -0.41685 0.04444
v 0.34 -0.41 0.01
v 0.34 -0.41685 -0.02444
v 0.34 -0.43636 -0.05364
v 0.34 -0.46556 -0.07315
v 0.34 -0.5 -0.08
v 0.34 -0.53444 -0.07315
v 0.34 -0.56364 -0.05364
v 0.34 -0.58315 -0.02444
v 0.34 -0.59 0.01
v 0.34 -0.58315 0.04444
v 0.34 -0.56364 0.07364
v 0.34 -0.53444 0.09315
v 0.28 -0.5 0.06
v 0.28 -0.48087 0.05619
v 0.28 -0.46464 0.04536
v 0.28 -0.45381 0.02913
v 0.28 -0.45 0.01
v 0.28 -0.45381 -0.00913
v 0.28 -0.46464 -0.02536
v 0.28 -0.48087 -0.03619
v 0.28 -0.5 -0.04
v 0.28 -0.51913 -0.03619
v 0.28 -0.53536 -0.02536
v 0.28 -0.54619 -0.00913
v 0.28 -0.55 0.01
v 0.28 -0.54619 0.02913
v 0.28 -0.53536 0.04536
v 0.28 -0.51913 0.05619
v 0.31 -0.5 0.01
v 0.31 -0.5 0.01
v 0.31 -0.5 0.01
v 0.31 -0.5 0.01
v 0.31 -0.5 0.01
v 0.31 -0.5 0.01
v 0.31 -0.5 0.01
v 0.31 -0.5 0.01
v 0.31 -0.5 0.01
v 0.31 -0.5 0.01
v 0.31 -0.5 0.01
v 0.31 -0.5 0.01
v 0.31 -0.5 0.01
v 0.31 -0.5 0.01
v 0.31 -0.5 0.01
v 0.31 -0.5 0.01
v 0.81017 -0.60631 -0.09
v 0.81017 -0.60631 -0.09
v 0.81017 -0.60631 -0.09
v 0.81017 -0.60631 -0.09
v 0.81017 -0.60631 -0.09
v 0.81017 -0.60631 -0.09
v 0.81017 -0.60631 -0.09
v 0.81017 -0.60631 -0.09
v 0.81017 -0.60631 -0.09
v 0.81017 -0.60631 -0.09
v 0.81017 -0.60631 -0.09
v 0.81017 -0.60631 -0.09
v 0.81017 -0.60631 -0.09
v 0.81017 -0.60631 -0.09
v 0.81017 -0.60631 -0.09
v 0.81017 -0.60631 -0.09
v 0.82749 -0.61631 -0.05
v 0.83514 -0.60306 -0.05304
v 0.84163 -0.59182 -0.06172
v 0.84596 -0.58431 -0.07469
v 0.84749 -0.58167 -0.09
v 0.84596 -0.58431 -0.10531
v 0.84163 -0.59182 -0.11828
v 0.83514 -0.60306 -0.12696
v 0.82749 -0.61631 -0.13
v 0.81983 -0.62957 -0.12696
v 0.81334 -0.64081 -0.11828
v 0.80901 -0.64832 -0.10531
v 0.80749 -0.65095 -0.09
v 0.80901 -0.64832 -0.07469
v 0.81334 -0.64081 -0.06172
v 0.81983 -0.62957 -0.05304
v 0.7149 -0.55131 0
v 0.73212 -0.52149 -0.00685
v 0.74672 -0.4962 -0.02636
v 0.75648 -0.4793 -0.05556
v 0.7599 -0.47337 -0.09
v 0.75648 -0.4793 -0.12444
v 0.74672 -0.4962 -0.15364
v 0.73212 -0.52149 -0.17315
v 0.7149 -0.55131 -0.18
v 0.69768 -0.58114 -0.17315
v 0.68308 -0.60643 -0.15364
v 0.67333 -0.62332 -0.12444
v 0.6699 -0.62926 -0.09
v 0.67333 -0.62332 -0.05556
v 0.68308 -0.60643 -0.02636
v 0.69768 -0.58114 -0.00685
v 0.6716 -0.52631 -0.04
v 0.68117 -0.50974 -0.04381
v 0.68928 -0.4957 -0.05464
v 0.6947 -0.48631 -0.07087
v 0.6966 -0.48301 -0.09
v 0.6947 -0.48631 -0.10913
v 0.68928 -0.4957 -0.12536
v 0.68117 -0.50974 -0.13619
v 0.6716 -0.52631 -0.14
v 0.66204 -0.54288 -0.13619
v 0.65392 -0.55693 -0.12536
v 0.64851 -0.56632 -0.10913
v 0.6466 -0.56962 -0.09
v 0.64851 -0.56632 -0.07087
v 0.65392 -0.55693 -0.05464
v 0.66204 -0.54288 -0.04381
v 0.59366 -0.48131 0
v 0.61088 -0.45149 -0.00685
v 0.62548 -0.4262 -0.02636
v 0.63523 -0.4093 -0.05556
v 0.63866 -0.40337 -0.09
v 0.63523 -0.4093 -0.12444
v 0.62548 -0.4262 -0.15364
v 0.61088 -0.45149 -0.17315
v 0.59366 -0.48131 -0.18
v 0.57644 -0.51114 -0.17315
v 0.56184 -0.53643 -0.15364
v 0.55209 -0.55332 -0.12444
v 0.54866 -0.55926 -0.09
v 0.55209 -0.55332 -0.05556
v 0.56184 -0.53643 -0.02636
v 0.57644 -0.51114 -0.00685
v 0.59366 -0.48131 0
v 0.61088 -0.45149 -0.00685
v 0.62548 -0.4262 -0.02636
v 0.63523 -0.4093 -0.05556
v 0.63866 -0.40337 -0.09
v 0.63523 -0.4093 -0.12444
v 0.62548 -0.4262 -0.15364
v 0.61088 -0.45149 -0.17315
v 0.59366 -0.48131 -0.18
v 0.57644 -0.51114 -0.17315
v 0.56184 -0.53643 -0.15364
v 0.55209 -0.55332 -0.12444
v 0.54866 -0.55926 -0.09
v 0.55209 -0.55332 -0.05556
v 0.56184 -0.53643 -0.02636
v 0.57644 -0.51114 -0.00685
v 0.59366 -0.48131 -0.04
v 0.60323 -0.46474 -0.04381
v 0.61134 -0.4507 -0.05464
v 0.61676 -0.44131 -0.07087
v 0.61866 -0.43801 -0.09
v 0.61676 -0.44131 -0.10913
v 0.61134 -0.4507 -0.12536
v 0.60323 -0.46474 -0.13619
v 0.59366 -0.48131 -0.14
v 0.58409 -0.49788 -0.13619
v 0.57598 -0.51193 -0.12536
v 0.57056 -0.52132 -0.10913
v 0.56866 -0.52462 -0.09
v 0.57056 -0.52132 -0.07087
v 0.57598 -0.51193 -0.05464
v 0.58409 -0.49788 -0.04381
v 0.59366 -0.48131 -0.09
v 0.59366 -0.48131 -0.09
v 0.59366 -0.48131 -0.09
v 0.59366 -0.48131 -0.09
v 0.59366 -0.48131 -0.09
v 0.59366 -0.48131 -0.09
v 0.59366 -0.48131 -0.09
v 0.59366 -0.48131 -0.09
v 0.59366 -0.48131 -0.09
v 0.59366 -0.48131 -0.09
v 0.59366 -0.48131 -0.09
v 0.59366 -0.48131 -0.09
v 0.59366 -0.48131 -0.09
v 0.59366 -0.48131 -0.09
v 0.59366 -0.48131 -0.09
v 0.59366 -0.48131 -0.09
v -0.55852 -0.42039 -0.45
v -0.55852 -0.42039 -0.45
v -0.55852 -0.42039 -0.45
v -0.55852 -0.42039 -0.45
v -0.55852 -0.42039 -0.45
v -0.55852 -0.42039 -0.45
v -0.55852 -0.42039 -0.45
v -0.55852 -0.42039 -0.45
v -0.55852 -0.42039 -0.45
v -0.55852 -0.42039 -0.45
v -0.55852 -0.42039 -0.45
v -0.55852 -0.42039 -0.45
v -0.55852 -0.42039 -0.41
v -0.55747 -0.44036 -0.41536
v -0.5567 -0.45498 -0.43
v -0.55642 -0.46033 -0.45
v -0.5567 -0.45498 -0.47
v -0.55747 -0.44036 -0.48464
v -0.55852 -0.42039 -0.49
v -0.55956 -0.40041 -0.48464
v -0.56033 -0.38579 -0.47
v -0.56061 -0.38044 -0.45
v -0.56033 -0.38579 -0.43
v -0.55956 -0.40041 -0.41536
v -0.55852 -0.42039 -0.38
v -0.55669 -0.45534 -0.38938
v -0.55534 -0.48092 -0.415
v -0.55485 -0.49029 -0.45
v -0.55534 -0.48092 -0.485
v -0.55669 -0.45534 -0.51062
v -0.55852 -0.42039 -0.52
v -0.56035 -0.38543 -0.51062
v -0.56169 -0.35985 -0.485
v -0.56218 -0.35048 -0.45
v -0.56169 -0.35985 -0.415
v -0.56035 -0.38543 -0.38938
v -0.55852 -0.42039 -0.36
v -0.55616 -0.46532 -0.37206
v -0.55444 -0.49822 -0.405
v -0.55381 -0.51026 -0.45
v -0.55444 -0.49822 -0.495
v -0.55616 -0.46532 -0.52794
v -0.55852 -0.42039 -0.54
v -0.56087 -0.37545 -0.52794
v -0.5626 -0.34255 -0.495
v -0.56323 -0.33051 -0.45
v -0.5626 -0.34255 -0.405
v -0.56087 -0.37545 -0.37206
v -0.55852 -0.42039 -0.36
v -0.55616 -0.46532 -0.37206
v -0.55444 -0.49822 -0.405
v -0.55381 -0.51026 -0.45
v -0.55444 -0.49822 -0.495
v -0.55616 -0.46532 -0.52794
v -0.55852 -0.42039 -0.54
v -0.56087 -0.37545 -0.52794
v -0.5626 -0.34255 -0.495
v -0.56323 -0.33051 -0.45
v -0.5626 -0.34255 -0.405
v -0.56087 -0.37545 -0.37206
v -0.55852 -0.42039 -0.28
v -0.55538 -0.4803 -0.30278
v -0.55308 -0.52417 -0.365
v -0.55224 -0.54022 -0.45
v -0.55308 -0.52417 -0.535
v -0.55538 -0.4803 -0.59722
v -0.55852 -0.42039 -0.62
v -0.56166 -0.36047 -0.59722
v -0.56396 -0.31661 -0.535
v -0.5648 -0.30055 -0.45
v -0.56396 -0.31661 -0.365
v -0.56166 -0.36047 -0.30278
v -0.55852 -0.42039 -0.25
v -0.55512 -0.4853 -0.27679
v -0.55263 -0.53282 -0.35
v -0.55171 -0.55021 -0.45
v -0.55263 -0.53282 -0.55
v -0.55512 -0.4853 -0.62321
v -0.55852 -0.42039 -0.65
v -0.56192 -0.35548 -0.62321
v -0.56441 -0.30796 -0.55
v -0.56532 -0.29056 -0.45
v -0.56441 -0.30796 -0.35
v -0.56192 -0.35548 -0.27679
v -0.55852 -0.42039 -0.23
v -0.55485 -0.49029 -0.25947
v -0.55217 -0.54146 -0.34
v -0.55119 -0.56019 -0.45
v -0.55217 -0.54146 -0.56
v -0.55485 -0.49029 -0.64053
v -0.55852 -0.42039 -0.67
v -0.56218 -0.35048 -0.64053
v -0.56486 -0.29931 -0.56
v -0.56584 -0.28058 -0.45
v -0.56486 -0.29931 -0.34
v -0.56218 -0.35048 -0.25947
v -0.40872 -0.41254 -0.23
v -0.40506 -0.48244 -0.25947
v -0.40238 -0.53361 -0.34
v -0.4014 -0.55234 -0.45
v -0.40238 -0.53361 -0.56
v -0.40506 -0.48244 -0.64053
v -0.40872 -0.41254 -0.67
v -0.41239 -0.34263 -0.64053
v -0.41507 -0.29146 -0.56
v -0.41605 -0.27273 -0.45
v -0.41507 -0.29146 -0.34
v -0.41239 -0.34263 -0.25947
v -0.25893 -0.40469 -0.23
v -0.25527 -0.47459 -0.25947
v -0.25258 -0.52576 -0.34
v -0.2516 -0.54449 -0.45
v -0.25258 -0.52576 -0.56
v -0.25527 -0.47459 -0.64053
v -0.25893 -0.40469 -0.67
v -0.26259 -0.33478 -0.64053
v -0.26527 -0.28361 -0.56
v -0.26626 -0.26488 -0.45
v -0.26527 -0.28361 -0.34
v -0.26259 -0.33478 -0.25947
v -0.0592 -0.39422 -0.25
v -0.05554 -0.46412 -0.27679
v -0.05286 -0.5153 -0.35
v -0.05188 -0.53403 -0.45
v -0.05286 -0.5153 -0.55
v -0.05554 -0.46412 -0.62321
v -0.0592 -0.39422 -0.65
v -0.06287 -0.32431 -0.62321
v -0.06555 -0.27314 -0.55
v -0.06653 -0.25441 -0.45
v -0.06555 -0.27314 -0.35
v -0.06287 -0.32431 -0.27679
v -0.0592 -0.39422 -0.35
v -0.05789 -0.41918 -0.3634
v -0.05694 -0.43746 -0.4
v -0.05659 -0.44415 -0.45
v -0.05694 -0.43746 -0.5
v -0.05789 -0.41918 -0.5366
v -0.0592 -0.39422 -0.55
v -0.06051 -0.36925 -0.5366
v -0.06147 -0.35098 -0.5
v -0.06182 -0.34429 -0.45
v -0.06147 -0.35098 -0.4
v -0.06051 -0.36925 -0.3634
v -0.0592 -0.39422 -0.45
v -0.0592 -0.39422 -0.45
v -0.0592 -0.39422 -0.45
v -0.0592 -0.39422 -0.45
v -0.0592 -0.39422 -0.45
v -0.0592 -0.39422 -0.45
v -0.0592 -0.39422 -0.45
v -0.0592 -0.39422 -0.45
v -0.0592 -0.39422 -0.45
v -0.0592 -0.39422 -0.45
v -0.0592 -0.39422 -0.45
v -0.0592 -0.39422 -0.45
v -1.04047 -1.1079 -0.45
v -1.04047 -1.1079 -0.45
v -1.04047 -1.1079 -0.45
v -1.04047 -1.1079 -0.45
v -1.04047 -1.1079 -0.45
v -1.04047 -1.1079 -0.45
v -1.04047 -1.1079 -0.45
v -1.04047 -1.1079 -0.45
v -1.04047 -1.1079 -0.45
v -1.04047 -1.1079 -0.45
v -1.04047 -1.1079 -0.45
v -1.04047 -1.1079 -0.45
v -1.03593 -1.09899 -0.41
v -1.01811 -1.10807 -0.41536
v -1.00506 -1.11472 -0.43
v -1.00029 -1.11715 -0.45
v -1.00506 -1.11472 -0.47
v -1.01811 -1.10807 -0.48464
v -1.03593 -1.09899 -0.49
v -1.05375 -1.08991 -0.48464
v -1.06679 -1.08327 -0.47
v -1.07157 -1.08083 -0.45
v -1.06679 -1.08327 -0.43
v -1.05375 -1.08991 -0.41536
v -0.95892 -0.96988 -0.38
v -0.92773 -0.98577 -0.38938
v -0.9049 -0.9974 -0.415
v -0.89655 -1.00166 -0.45
v -0.9049 -0.9974 -0.485
v -0.92773 -0.98577 -0.51062
v -0.95892 -0.96988 -0.52
v -0.9901 -0.95399 -0.51062
v -1.01293 -0.94236 -0.485
v -1.02129 -0.9381 -0.45
v -1.01293 -0.94236 -0.415
v -0.9901 -0.95399 -0.38938
v -0.98162 -1.01443 -0.36
v -0.94152 -1.03486 -0.37206
v -0.91217 -1.04982 -0.405
v -0.90143 -1.05529 -0.45
v -0.91217 -1.04982 -0.495
v -0.94152 -1.03486 -0.52794
v -0.98162 -1.01443 -0.54
v -1.02171 -0.994 -0.52794
v -1.05107 -0.97905 -0.495
v -1.06181 -0.97357 -0.45
v -1.05107 -0.97905 -0.405
v -1.02171 -0.994 -0.37206
v -0.95892 -0.96988 -0.36
v -0.91882 -0.99031 -0.37206
v -0.88947 -1.00527 -0.405
v -0.87873 -1.01074 -0.45
v -0.88947 -1.00527 -0.495
v -0.91882 -0.99031 -0.52794
v -0.95892 -0.96988 -0.54
v -0.99901 -0.94945 -0.52794
v -1.02837 -0.9345 -0.495
v -1.03911 -0.92902 -0.45
v -1.02837 -0.9345 -0.405
v -0.99901 -0.94945 -0.37206
v -0.86812 -0.79168 -0.28
v -0.81466 -0.81892 -0.30278
v -0.77552 -0.83886 -0.365
v -0.7612 -0.84616 -0.45
v -0.77552 -0.83886 -0.535
v -0.81466 -0.81892 -0.59722
v -0.86812 -0.79168 -0.62
v -0.92158 -0.76444 -0.59722
v -0.96072 -0.7445 -0.535
v -0.97504 -0.7372 -0.45
v -0.96072 -0.7445 -0.365
v -0.92158 -0.76444 -0.30278
v -0.77329 -0.67165 -0.25
v -0.71538 -0.70116 -0.27679
v -0.67298 -0.72276 -0.35
v -0.65746 -0.73067 -0.45
v -0.67298 -0.72276 -0.55
v -0.71538 -0.70116 -0.62321
v -0.77329 -0.67165 -0.65
v -0.83121 -0.64214 -0.62321
v -0.8736 -0.62054 -0.55
v -0.88912 -0.61263 -0.45
v -0.8736 -0.62054 -0.35
v -0.83121 -0.64214 -0.27679
v -0.66955 -0.55616 -0.23
v -0.60718 -0.58794 -0.25947
v -0.56152 -0.6112 -0.34
v -0.54481 -0.61972 -0.45
v -0.56152 -0.6112 -0.56
v -0.60718 -0.58794 -0.64053
v -0.66955 -0.55616 -0.67
v -0.73192 -0.52438 -0.64053
v -0.77758 -0.50112 -0.56
v -0.79429 -0.4926 -0.45
v -0.77758 -0.50112 -0.34
v -0.73192 -0.52438 -0.25947
v -0.66955 -0.55616 -0.23
v -0.60718 -0.58794 -0.25947
v -0.56152 -0.6112 -0.34
v -0.54481 -0.61972 -0.45
v -0.56152 -0.6112 -0.56
v -0.60718 -0.58794 -0.64053
v -0.66955 -0.55616 -0.67
v -0.73192 -0.52438 -0.64053
v -0.77758 -0.50112 -0.56
v -0.79429 -0.4926 -0.45
v -0.77758 -0.50112 -0.34
v -0.73192 -0.52438 -0.25947
v -0.66955 -0.55616 -0.23
v -0.60718 -0.58794 -0.25947
v -0.56152 -0.6112 -0.34
v -0.54481 -0.61972 -0.45
v -0.56152 -0.6112 -0.56
v -0.60718 -0.58794 -0.64053
v -0.66955 -0.55616 -0.67
v -0.73192 -0.52438 -0.64053
v -0.77758 -0.50112 -0.56
v -0.79429 -0.4926 -0.45
v -0.77758 -0.50112 -0.34
v -0.73192 -0.52438 -0.25947
v -0.66955 -0.55616 -0.25
v -0.60718 -0.58794 -0.27679
v -0.56152 -0.6112 -0.35
v -0.54481 -0.61972 -0.45
v -0.56152 -0.6112 -0.55
v -0.60718 -0.58794 -0.62321
v -0.66955 -0.55616 -0.65
v -0.73192 -0.52438 -0.62321
v -0.77758 -0.50112 -0.55
v -0.79429 -0.4926 -0.45
v -0.77758 -0.50112 -0.35
v -0.73192 -0.52438 -0.27679
v -0.66955 -0.55616 -0.35
v -0.64728 -0.56751 -0.3634
v -0.63097 -0.57582 -0.4
v -0.625 -0.57886 -0.45
v -0.63097 -0.57582 -0.5
v -0.64728 -0.56751 -0.5366
v -0.66955 -0.55616 -0.55
v -0.69183 -0.54481 -0.5366
v -0.70814 -0.5365 -0.5
v -0.7141 -0.53346 -0.45
v -0.70814 -0.5365 -0.4
v -0.69183 -0.54481 -0.3634
v -0.66955 -0.55616 -0.45
v -0.66955 -0.55616 -0.45
v -0.66955 -0.55616 -0.45
v -0.66955 -0.55616 -0.45
v -0.66955 -0.55616 -0.45
v -0.66955 -0.55616 -0.45
v -0.66955 -0.55616 -0.45
v -0.66955 -0.55616 -0.45
v -0.66955 -0.55616 -0.45
v -0.66955 -0.55616 -0.45
v -0.66955 -0.55616 -0.45
v -0.66955 -0.55616 -0.45
v 0.04207 -0.44112 -0.24
v 0.01584 -0.50602 -0.26813
v -0.00335 -0.55353 -0.345
v -0.01038 -0.57092 -0.45
v -0.00335 -0.55353 -0.555
v 0.01584 -0.50602 -0.63187
v 0.04207 -0.44112 -0.66
v 0.06829 -0.37621 -0.63187
v 0.08748 -0.3287 -0.555
v 0.09451 -0.31131 -0.45
v 0.08748 -0.3287 -0.345
v 0.06829 -0.37621 -0.26813
v 0.0977 -0.46359 -0.22
v 0.06024 -0.55631 -0.25081
v 0.03281 -0.62418 -0.335
v 0.02278 -0.64903 -0.45
v 0.03281 -0.62418 -0.565
v 0.06024 -0.55631 -0.64919
v 0.0977 -0.46359 -0.68
v 0.13516 -0.37087 -0.64919
v 0.16258 -0.303 -0.565
v 0.17262 -0.27816 -0.45
v 0.16258 -0.303 -0.335
v 0.13516 -0.37087 -0.25081
v 0.17187 -0.49356 -0.2
v 0.13441 -0.58628 -0.23349
v 0.10699 -0.65415 -0.325
v 0.09695 -0.679 -0.45
v 0.10699 -0.65415 -0.575
v 0.13441 -0.58628 -0.66651
v 0.17187 -0.49356 -0.7
v 0.20933 -0.40084 -0.66651
v 0.23676 -0.33297 -0.575
v 0.24679 -0.30812 -0.45
v 0.23676 -0.33297 -0.325
v 0.20933 -0.40084 -0.23349
v 0.24605 -0.52353 -0.25
v 0.20859 -0.61625 -0.27679
v 0.18116 -0.68412 -0.35
v 0.17112 -0.70897 -0.45
v 0.18116 -0.68412 -0.55
v 0.20859 -0.61625 -0.62321
v 0.24605 -0.52353 -0.65
v 0.28351 -0.43081 -0.62321
v 0.31093 -0.36294 -0.55
v 0.32097 -0.33809 -0.45
v 0.31093 -0.36294 -0.35
v 0.28351 -0.43081 -0.27679
v 0.38512 -0.57972 -0.4
v 0.36827 -0.62144 -0.4067
v 0.35593 -0.65199 -0.425
v 0.35141 -0.66317 -0.45
v 0.35593 -0.65199 -0.475
v 0.36827 -0.62144 -0.4933
v 0.38512 -0.57972 -0.5
v 0.40198 -0.538 -0.4933
v 0.41432 -0.50745 -0.475
v 0.41884 -0.49627 -0.45
v 0.41432 -0.50745 -0.425
v 0.40198 -0.538 -0.4067
v -0.33521 0.38058 -0.1
v -0.33521 0.38058 -0.1
v -0.33521 0.38058 -0.1
v -0.33521 0.38058 -0.1
v -0.33521 0.38058 -0.1
v -0.33521 0.38058 -0.1
v -0.33521 0.38058 -0.1
v -0.33521 0.38058 -0.1
v -0.33521 0.38058 -0.02
v -0.3438 0.33183 -0.04343
v -0.34736 0.31164 -0.1
v -0.3438 0.33183 -0.15657
v -0.33521 0.38058 -0.18
v -0.32661 0.42932 -0.15657
v -0.32305 0.44951 -0.1
v -0.32661 0.42932 -0.04343
v -0.33173 0.40027 0.03
v -0.34401 0.33064 -0.00808
v -0.3491 0.30179 -0.1
v -0.34401 0.33064 -0.19192
v -0.33173 0.40027 -0.23
v -0.31946 0.46991 -0.19192
v -0.31437 0.49875 -0.1
v -0.31946 0.46991 -0.00808
v -0.32826 0.41997 0.06
v -0.34422 0.32944 0.01314
v -0.35084 0.29195 -0.1
v -0.34422 0.32944 -0.21314
v -0.32826 0.41997 -0.26
v -0.3123 0.5105 -0.21314
v -0.30569 0.548 -0.1
v -0.3123 0.5105 0.01314
v -0.1788 0.40377 0.06
v -0.19599 0.30628 0.01314
v -0.20311 0.2659 -0.1
v -0.19599 0.30628 -0.21314
v -0.1788 0.40377 -0.26
v -0.16161 0.50126 -0.21314
v -0.15449 0.54164 -0.1
v -0.16161 0.50126 0.01314
v -0.08206 0.37656 -0.01
v -0.09434 0.30692 -0.03636
v -0.09942 0.27808 -0.1
v -0.09434 0.30692 -0.16364
v -0.08206 0.37656 -0.19
v -0.06978 0.44619 -0.16364
v -0.0647 0.47504 -0.1
v -0.06978 0.44619 -0.03636
v -0.03456 0.35803 -0.02
v -0.04438 0.30232 -0.04343
v -0.04845 0.27924 -0.1
v -0.04438 0.30232 -0.15657
v -0.03456 0.35803 -0.18
v -0.02473 0.41374 -0.15657
v -0.02066 0.43681 -0.1
v -0.02473 0.41374 -0.04343
v -0.75644 0.28507 -0.1
v -0.75644 0.28507 -0.1
v -0.75644 0.28507 -0.1
v -0.75644 0.28507 -0.1
v -0.75644 0.28507 -0.1
v -0.75644 0.28507 -0.1
v -0.75644 0.28507 -0.1
v -0.75644 0.28507 -0.1
v -0.75644 0.28507 -0.02
v -0.74784 0.23633 -0.04343
v -0.74428 0.21613 -0.1
v -0.74784 0.23633 -0.15657
v -0.75644 0.28507 -0.18
v -0.76503 0.33382 -0.15657
v -0.76859 0.35401 -0.1
v -0.76503 0.33382 -0.04343
v -0.66143 0.32213 0.03
v -0.64915 0.2525 -0.00808
v -0.64406 0.22365 -0.1
v -0.64915 0.2525 -0.19192
v -0.66143 0.32213 -0.23
v -0.67371 0.39177 -0.19192
v -0.67879 0.42061 -0.1
v -0.67371 0.39177 -0.00808
v -0.51718 0.36788 0.06
v -0.50122 0.27735 0.01314
v -0.49461 0.23985 -0.1
v -0.50122 0.27735 -0.21314
v -0.51718 0.36788 -0.26
v -0.53314 0.4584 -0.21314
v -0.53975 0.4959 -0.1
v -0.53314 0.4584 0.01314
v -0.51718 0.36788 0.06
v -0.50122 0.27735 0.01314
v -0.49461 0.23985 -0.1
v -0.50122 0.27735 -0.21314
v -0.51718 0.36788 -0.26
v -0.53314 0.4584 -0.21314
v -0.53975 0.4959 -0.1
v -0.53314 0.4584 0.01314
v -0.51718 0.36788 0.06
v -0.50122 0.27735 0.01314
v -0.49461 0.23985 -0.1
v -0.50122 0.27735 -0.21314
v -0.51718 0.36788 -0.26
v -0.53314 0.4584 -0.21314
v -0.53975 0.4959 -0.1
v -0.53314 0.4584 0.01314
v -0.51544 0.35803 -0.02
v -0.50685 0.30928 -0.04343
v -0.50329 0.28909 -0.1
v -0.50685 0.30928 -0.15657
v -0.51544 0.35803 -0.18
v -0.52404 0.40677 -0.15657
v -0.5276 0.42696 -0.1
v -0.52404 0.40677 -0.04343
v -0.37718 -0.95424 -0.45
v -0.34429 -0.94227 -0.45402
v -0.32021 -0.9335 -0.465
v -0.3114 -0.9303 -0.48
v -0.32021 -0.9335 -0.495
v -0.34429 -0.94227 -0.50598
v -0.37718 -0.95424 -0.51
v -0.41007 -0.96621 -0.50598
v -0.43414 -0.97497 -0.495
v -0.44296 -0.97818 -0.48
v -0.43414 -0.97497 -0.465
v -0.41007 -0.96621 -0.45402
v -0.3114 -0.9303 -0.45
v -0.24562 -0.90635 -0.4567
v -0.19747 -0.88883 -0.475
v -0.17984 -0.88241 -0.5
v -0.19747 -0.88883 -0.525
v -0.24562 -0.90635 -0.5433
v -0.3114 -0.9303 -0.55
v -0.37718 -0.95424 -0.5433
v -0.42533 -0.97176 -0.525
v -0.44296 -0.97818 -0.5
v -0.42533 -0.97176 -0.475
v -0.37718 -0.95424 -0.4567
v -0.26442 -0.91319 -0.46
v -0.17045 -0.87899 -0.46804
v -0.10166 -0.85396 -0.49
v -0.07648 -0.84479 -0.52
v -0.10166 -0.85396 -0.55
v -0.17045 -0.87899 -0.57196
v -0.26442 -0.91319 -0.58
v -0.35838 -0.9474 -0.57196
v -0.42717 -0.97243 -0.55
v -0.45235 -0.9816 -0.52
v -0.42717 -0.97243 -0.49
v -0.35838 -0.9474 -0.46804
v -0.2717 -0.82007 -0.44
v -0.16834 -0.78245 -0.44938
v -0.09267 -0.75491 -0.475
v -0.06497 -0.74483 -0.51
v -0.09267 -0.75491 -0.545
v -0.16834 -0.78245 -0.57062
v -0.2717 -0.82007 -0.58
v -0.37507 -0.85769 -0.57062
v -0.45074 -0.88524 -0.545
v -0.47844 -0.89532 -0.51
v -0.45074 -0.88524 -0.475
v -0.37507 -0.85769 -0.44938
v -0.27644 -0.70473 -0.4
v -0.16367 -0.66369 -0.41072
v -0.08113 -0.63365 -0.44
v -0.05091 -0.62265 -0.48
v -0.08113 -0.63365 -0.52
v -0.16367 -0.66369 -0.54928
v -0.27644 -0.70473 -0.56
v -0.3892 -0.74578 -0.54928
v -0.47175 -0.77582 -0.52
v -0.50196 -0.78682 -0.48
v -0.47175 -0.77582 -0.44
v -0.3892 -0.74578 -0.41072
v -0.26928 -1.11387 -0.45
v -0.23897 -1.09637 -0.45402
v -0.21678 -1.08356 -0.465
v -0.20866 -1.07887 -0.48
v -0.21678 -1.08356 -0.495
v -0.23897 -1.09637 -0.50598
v -0.26928 -1.11387 -0.51
v -0.29959 -1.13137 -0.50598
v -0.32178 -1.14418 -0.495
v -0.3299 -1.14887 -0.48
v -0.32178 -1.14418 -0.465
v -0.29959 -1.13137 -0.45402
v -0.22366 -1.05289 -0.45
v -0.16304 -1.01789 -0.4567
v -0.11866 -0.99227 -0.475
v -0.10242 -0.98289 -0.5
v -0.11866 -0.99227 -0.525
v -0.16304 -1.01789 -0.5433
v -0.22366 -1.05289 -0.55
v -0.28428 -1.08789 -0.5433
v -0.32866 -1.11351 -0.525
v -0.3449 -1.12289 -0.5
v -0.32866 -1.11351 -0.475
v -0.28428 -1.08789 -0.4567
v -0.2317 -0.91897 -0.46
v -0.1451 -0.86897 -0.46804
v -0.0817 -0.83237 -0.49
v -0.05849 -0.81897 -0.52
v -0.0817 -0.83237 -0.55
v -0.1451 -0.86897 -0.57196
v -0.2317 -0.91897 -0.58
v -0.3183 -0.96897 -0.57196
v -0.3817 -1.00557 -0.55
v -0.4049 -1.01897 -0.52
v -0.3817 -1.00557 -0.49
v -0.3183 -0.96897 -0.46804
v -0.2317 -0.91897 -0.46
v -0.1451 -0.86897 -0.46804
v -0.0817 -0.83237 -0.49
v -0.05849 -0.81897 -0.52
v -0.0817 -0.83237 -0.55
v -0.1451 -0.86897 -0.57196
v -0.2317 -0.91897 -0.58
v -0.3183 -0.96897 -0.57196
v -0.3817 -1.00557 -0.55
v -0.4049 -1.01897 -0.52
v -0.3817 -1.00557 -0.49
v -0.3183 -0.96897 -0.46804
v -0.2317 -0.91897 -0.46
v -0.1451 -0.86897 -0.46804
v -0.0817 -0.83237 -0.49
v -0.05849 -0.81897 -0.52
v -0.0817 -0.83237 -0.55
v -0.1451 -0.86897 -0.57196
v -0.2317 -0.91897 -0.58
v -0.3183 -0.96897 -0.57196
v -0.3817 -1.00557 -0.55
v -0.4049 -1.01897 -0.52
v -0.3817 -1.00557 -0.49
v -0.3183 -0.96897 -0.46804
v -0.42433 0.79455 -0.15
v -0.42433 0.79455 -0.15
v -0.42433 0.79455 -0.15
v -0.42433 0.79455 -0.15
v -0.42433 0.79455 -0.15
v -0.42433 0.79455 -0.15
v -0.42433 0.79455 -0.15
v -0.42433 0.79455 -0.15
v -0.46964 0.81568 -0.12
v -0.47861 0.79645 -0.12879
v -0.48232 0.78849 -0.15
v -0.47861 0.79645 -0.17121
v -0.46964 0.81568 -0.18
v -0.46068 0.8349 -0.17121
v -0.45697 0.84287 -0.15
v -0.46068 0.8349 -0.12879
v -0.3337 0.75228 -0.1
v -0.34864 0.72024 -0.11464
v -0.35483 0.70697 -0.15
v -0.34864 0.72024 -0.18536
v -0.3337 0.75228 -0.2
v -0.31876 0.78433 -0.18536
v -0.31257 0.7976 -0.15
v -0.31876 0.78433 -0.11464
v -0.24307 0.71002 -0.1
v -0.25801 0.67798 -0.11464
v -0.2642 0.66471 -0.15
v -0.25801 0.67798 -0.18536
v -0.24307 0.71002 -0.2
v -0.22812 0.74207 -0.18536
v -0.22194 0.75534 -0.15
v -0.22812 0.74207 -0.11464
v -0.24307 0.71002 -0.1
v -0.25801 0.67798 -0.11464
v -0.2642 0.66471 -0.15
v -0.25801 0.67798 -0.18536
v -0.24307 0.71002 -0.2
v -0.22812 0.74207 -0.18536
v -0.22194 0.75534 -0.15
v -0.22812 0.74207 -0.11464
v -0.24307 0.71002 -0.15
v -0.24307 0.71002 -0.15
v -0.24307 0.71002 -0.15
v -0.24307 0.71002 -0.15
v -0.24307 0.71002 -0.15
v -0.24307 0.71002 -0.15
v -0.24307 0.71002 -0.15
v -0.24307 0.71002 -0.15
v -0.24307 0.71002 -0.15
v -0.24307 0.71002 -0.15
v -0.24307 0.71002 -0.15
v -0.24307 0.71002 -0.15
v -0.24307 0.71002 -0.15
v -0.24307 0.71002 -0.15
v -0.24307 0.71002 -0.15
v -0.24307 0.71002 -0.15
v -0.18733 0.70543 -0.15
v -0.18733 0.70543 -0.15
v -0.18733 0.70543 -0.15
v -0.18733 0.70543 -0.15
v -0.18733 0.70543 -0.15
v -0.18733 0.70543 -0.15
v -0.18733 0.70543 -0.15
v -0.18733 0.70543 -0.15
v -0.18733 0.70543 -0.12
v -0.18918 0.6843 -0.12879
v -0.18994 0.67555 -0.15
v -0.18918 0.6843 -0.17121
v -0.18733 0.70543 -0.18
v -0.18548 0.72657 -0.17121
v -0.18471 0.73532 -0.15
v -0.18548 0.72657 -0.12879
v -0.18733 0.70543 -0.1
v -0.19041 0.67021 -0.11464
v -0.19169 0.65562 -0.15
v -0.19041 0.67021 -0.18536
v -0.18733 0.70543 -0.2
v -0.18425 0.74065 -0.18536
v -0.18297 0.75524 -0.15
v -0.18425 0.74065 -0.11464
v -0.18733 0.70543 -0.1
v -0.19041 0.67021 -0.11464
v -0.19169 0.65562 -0.15
v -0.19041 0.67021 -0.18536
v -0.18733 0.70543 -0.2
v -0.18425 0.74065 -0.18536
v -0.18297 0.75524 -0.15
v -0.18425 0.74065 -0.11464
v -0.10763 0.69846 -0.1
v -0.11071 0.66324 -0.11464
v -0.11199 0.64865 -0.15
v -0.11071 0.66324 -0.18536
v -0.10763 0.69846 -0.2
v -0.10455 0.73368 -0.18536
v -0.10327 0.74827 -0.15
v -0.10455 0.73368 -0.11464
v -0.0379 0.69236 -0.11
v -0.04036 0.66418 -0.12172
v -0.04138 0.65251 -0.15
v -0.04036 0.66418 -0.17828
v -0.0379 0.69236 -0.19
v -0.03543 0.72054 -0.17828
v -0.03441 0.73221 -0.15
v -0.03543 0.72054 -0.12172
v -0.01797 0.69062 -0.14
v -0.01859 0.68357 -0.14293
v -0.01885 0.68065 -0.15
v -0.01859 0.68357 -0.15707
v -0.01797 0.69062 -0.16
v -0.01736 0.69766 -0.15707
v -0.0171 0.70058 -0.15
v -0.01736 0.69766 -0.14293
v -0.27204 0.06707 0.23
v -0.271 0.03709 0.22464
v -0.27023 0.01514 0.21
v -0.26995 0.00711 0.19
v -0.27023 0.01514 0.17
v -0.271 0.03709 0.15536
v -0.27204 0.06707 0.15
v -0.27309 0.09705 0.15536
v -0.27386 0.119 0.17
v -0.27414 0.12703 0.19
v -0.27386 0.119 0.21
v -0.27309 0.09705 0.22464
v -0.27204 0.06707 0.26
v -0.27065 0.02709 0.25062
v -0.26963 -0.00217 0.225
v -0.26925 -0.01288 0.19
v -0.26963 -0.00217 0.155
v -0.27065 0.02709 0.12938
v -0.27204 0.06707 0.12
v -0.27344 0.10705 0.12938
v -0.27446 0.13631 0.155
v -0.27484 0.14702 0.19
v -0.27446 0.13631 0.225
v -0.27344 0.10705 0.25062
v -0.27204 0.06707 0.29
v -0.2703 0.0171 0.2766
v -0.26902 -0.01948 0.24
v -0.26855 -0.03287 0.19
v -0.26902 -0.01948 0.14
v -0.2703 0.0171 0.1034
v -0.27204 0.06707 0.09
v -0.27379 0.11704 0.1034
v -0.27507 0.15362 0.14
v -0.27553 0.16701 0.19
v -0.27507 0.15362 0.24
v -0.27379 0.11704 0.2766
v -0.16211 0.07091 0.29
v -0.16037 0.02094 0.2766
v -0.15909 -0.01564 0.24
v -0.15862 -0.02903 0.19
v -0.15909 -0.01564 0.14
v -0.16037 0.02094 0.1034
v -0.16211 0.07091 0.09
v -0.16386 0.12088 0.1034
v -0.16513 0.15746 0.14
v -0.1656 0.17085 0.19
v -0.16513 0.15746 0.24
v -0.16386 0.12088 0.2766
v -0.07217 0.07405 0.29
v -0.07042 0.02408 0.2766
v -0.06914 -0.0125 0.24
v -0.06868 -0.02589 0.19
v -0.06914 -0.0125 0.14
v -0.07042 0.02408 0.1034
v -0.07217 0.07405 0.09
v -0.07391 0.12402 0.1034
v -0.07519 0.1606 0.14
v -0.07566 0.17399 0.19
v -0.07519 0.1606 0.24
v -0.07391 0.12402 0.2766
v -0.07217 0.07405 0.29
v -0.07042 0.02408 0.2766
v -0.06914 -0.0125 0.24
v -0.06868 -0.02589 0.19
v -0.06914 -0.0125 0.14
v -0.07042 0.02408 0.1034
v -0.07217 0.07405 0.09
v -0.07391 0.12402 0.1034
v -0.07519 0.1606 0.14
v -0.07566 0.17399 0.19
v -0.07519 0.1606 0.24
v -0.07391 0.12402 0.2766
v -0.07217 0.07405 0.19
v -0.07217 0.07405 0.19
v -0.07217 0.07405 0.19
v -0.07217 0.07405 0.19
v -0.07217 0.07405 0.19
v -0.07217 0.07405 0.19
v -0.07217 0.07405 0.19
v -0.07217 0.07405 0.19
v -0.07217 0.07405 0.19
v -0.07217 0.07405 0.19
v -0.07217 0.07405 0.19
v -0.07217 0.07405 0.19
v -0.55351 -0.08364 0.22
v -0.54325 -0.11183 0.21464
v -0.53574 -0.13247 0.2
v -0.53299 -0.14002 0.18
v -0.53574 -0.13247 0.16
v -0.54325 -0.11183 0.14536
v -0.55351 -0.08364 0.14
v -0.56377 -0.05545 0.14536
v -0.57129 -0.03481 0.16
v -0.57403 -0.02726 0.18
v -0.57129 -0.03481 0.2
v -0.56377 -0.05545 0.21464
v -0.45015 -0.04602 0.27
v -0.43647 -0.08361 0.26062
v -0.42645 -0.11112 0.235
v -0.42279 -0.12119 0.2
v -0.42645 -0.11112 0.165
v -0.43647 -0.08361 0.13938
v -0.45015 -0.04602 0.13
v -0.46383 -0.00843 0.13938
v -0.47384 0.01909 0.165
v -0.47751 0.02916 0.2
v -0.47384 0.01909 0.235
v -0.46383 -0.00843 0.26062
v -0.32799 -0.00155 0.3
v -0.31089 -0.04854 0.2866
v -0.29837 -0.08293 0.25
v -0.29378 -0.09552 0.2
v -0.29837 -0.08293 0.15
v -0.31089 -0.04854 0.1134
v -0.32799 -0.00155 0.1
v -0.34509 0.04543 0.1134
v -0.35761 0.07982 0.15
v -0.36219 0.09241 0.2
v -0.35761 0.07982 0.25
v -0.34509 0.04543 0.2866
v -0.32799 -0.00155 0.29
v -0.31089 -0.04854 0.2766
v -0.29837 -0.08293 0.24
v -0.29378 -0.09552 0.19
v -0.29837 -0.08293 0.14
v -0.31089 -0.04854 0.1034
v -0.32799 -0.00155 0.09
v -0.34509 0.04543 0.1034
v -0.35761 0.07982 0.14
v -0.36219 0.09241 0.19
v -0.35761 0.07982 0.24
v -0.34509 0.04543 0.2766
v -0.32799 -0.00155 0.28
v -0.31089 -0.04854 0.26258
v -0.29837 -0.08293 0.215
v -0.29378 -0.09552 0.15
v -0.29837 -0.08293 0.085
v -0.31089 -0.04854 0.03742
v -0.32799 -0.00155 0.02
v -0.34509 0.04543 0.03742
v -0.35761 0.07982 0.085
v -0.36219 0.09241 0.15
v -0.35761 0.07982 0.215
v -0.34509 0.04543 0.26258
v -0.32799 -0.00155 0.26
v -0.31431 -0.03914 0.2466
v -0.30429 -0.06666 0.21
v -0.30063 -0.07673 0.16
v -0.30429 -0.06666 0.11
v -0.31431 -0.03914 0.0734
v -0.32799 -0.00155 0.06
v -0.34167 0.03603 0.0734
v -0.35168 0.06355 0.11
v -0.35535 0.07362 0.16
v -0.35168 0.06355 0.21
v -0.34167 0.03603 0.2466
v -0.03429 -0.04564 0.22
v -0.03906 -0.0681 0.21696
v -0.04311 -0.08714 0.20828
v -0.04581 -0.09987 0.19531
v -0.04676 -0.10433 0.18
v -0.04581 -0.09987 0.16469
v -0.04311 -0.08714 0.15172
v -0.03906 -0.0681 0.14304
v -0.03429 -0.04564 0.14
v -0.02951 -0.02319 0.14304
v -0.02547 -0.00415 0.15172
v -0.02276 0.00858 0.16469
v -0.02181 0.01304 0.18
v -0.02276 0.00858 0.19531
v -0.02547 -0.00415 0.20828
v -0.02951 -0.02319 0.21696
v -0.03429 -0.04564 0.27
v -0.04065 -0.07559 0.26467
v -0.04605 -0.10098 0.2495
v -0.04965 -0.11794 0.22679
v -0.05092 -0.1239 0.2
v -0.04965 -0.11794 0.17321
v -0.04605 -0.10098 0.1505
v -0.04065 -0.07559 0.13533
v -0.03429 -0.04564 0.13
v -0.02792 -0.0157 0.13533
v -0.02253 0.00969 0.1505
v -0.01892 0.02665 0.17321
v -0.01765 0.03261 0.2
v -0.01892 0.02665 0.22679
v -0.02253 0.00969 0.2495
v -0.02792 -0.0157 0.26467
v -0.03429 -0.04564 0.3
v -0.04224 -0.08308 0.29239
v -0.04899 -0.11481 0.27071
v -0.0535 -0.13601 0.23827
v -0.05508 -0.14346 0.2
v -0.0535 -0.13601 0.16173
v -0.04899 -0.11481 0.12929
v -0.04224 -0.08308 0.10761
v -0.03429 -0.04564 0.1
v -0.02633 -0.00821 0.10761
v -0.01959 0.02352 0.12929
v -0.01508 0.04472 0.16173
v -0.0135 0.05217 0.2
v -0.01508 0.04472 0.23827
v -0.01959 0.02352 0.27071
v -0.02633 -0.00821 0.29239
v -0.03429 -0.04564 0.29
v -0.04224 -0.08308 0.28239
v -0.04899 -0.11481 0.26071
v -0.0535 -0.13601 0.22827
v -0.05508 -0.14346 0.19
v -0.0535 -0.13601 0.15173
v -0.04899 -0.11481 0.11929
v -0.04224 -0.08308 0.09761
v -0.03429 -0.04564 0.09
v -0.02633 -0.00821 0.09761
v -0.01959 0.02352 0.11929
v -0.01508 0.04472 0.15173
v -0.0135 0.05217 0.19
v -0.01508 0.04472 0.22827
v -0.01959 0.02352 0.26071
v -0.02633 -0.00821 0.28239
v 0.07331 -0.06851 0.28
v 0.06535 -0.10595 0.2701
v 0.05861 -0.13768 0.24192
v 0.0541 -0.15888 0.19975
v 0.05252 -0.16633 0.15
v 0.0541 -0.15888 0.10025
v 0.05861 -0.13768 0.05808
v 0.06535 -0.10595 0.0299
v 0.07331 -0.06851 0.02
v 0.08127 -0.03108 0.0299
v 0.08801 0.00065 0.05808
v 0.09252 0.02185 0.10025
v 0.0941 0.0293 0.15
v 0.09252 0.02185 0.19975
v 0.08801 0.00065 0.24192
v 0.08127 -0.03108 0.2701
v 0.17112 -0.08931 0.26
v 0.16476 -0.11925 0.25239
v 0.15936 -0.14464 0.23071
v 0.15576 -0.1616 0.19827
v 0.15449 -0.16756 0.16
v 0.15576 -0.1616 0.12173
v 0.15936 -0.14464 0.08929
v 0.16476 -0.11925 0.06761
v 0.17112 -0.08931 0.06
v 0.17749 -0.05936 0.06761
v 0.18289 -0.03397 0.08929
v 0.18649 -0.01701 0.12173
v 0.18776 -0.01105 0.16
v 0.18649 -0.01701 0.19827
v 0.18289 -0.03397 0.23071
v 0.17749 -0.05936 0.25239

vt 0.7625 0.775
vt 0.7625 0.975
vt 0.7875 0.975
vt 0.7875 0.775
vt 0.7625 0.775
vt 0.7875 0.975
vt 0.7875 0.775
vt 0.7875 0.975
vt 0.8125 0.975
vt 0.8125 0.775
vt 0.7875 0.775
vt 0.8125 0.975
vt 0.8125 0.775
vt 0.8125 0.975
vt 0.8375 0.975
vt 0.8375 0.775
vt 0.8125 0.775
vt 0.8375 0.975
vt 0.8375 0.775
vt 0.8375 0.975
vt 0.8625 0.975
vt 0.8625 0.775
vt 0.8375 0.775
vt 0.8625 0.975
vt 0.7625 0.775
vt 0.7625 0.975
vt 0.7875 0.975
vt 0.7875 0.775
vt 0.7625 0.775
vt 0.7875 0.975
vt 0.7875 0.775
vt 0.7875 0.975
vt 0.8125 0.975
vt 0.8125 0.775
vt 0.7875 0.775
vt 0.8125 0.975
vt 0.8125 0.775
vt 0.8125 0.975
vt 0.8375 0.975
vt 0.8375 0.775
vt 0.8125 0.775
vt 0.8375 0.975
vt 0.8375 0.775
vt 0.8375 0.975
vt 0.8625 0.975
vt 0.8625 0.775
vt 0.8375 0.775
vt 0.8625 0.975
vt 0.7625 0.775
vt 0.7625 0.975
vt 0.7875 0.775
vt 0.7625 0.975
vt 0.7875 0.975
vt 0.7875 0.775
vt 0.7875 0.775
vt 0.7875 0.975
vt 0.8125 0.775
vt 0.7875 0.975
vt 0.8125 0.975
vt 0.8125 0.775
vt 0.8125 0.775
vt 0.8125 0.975
vt 0.8375 0.775
vt 0.8125 0.975
vt 0.8375 0.975
vt 0.8375 0.775
vt 0.8375 0.775
vt 0.8375 0.975
vt 0.8625 0.775
vt 0.8375 0.975
vt 0.8625 0.975
vt 0.8625 0.775
vt 0.7625 0.775
vt 0.7625 0.975
vt 0.7875 0.775
vt 0.7625 0.975
vt 0.7875 0.975
vt 0.7875 0.775
vt 0.7875 0.775
vt 0.7875 0.975
vt 0.8125 0.775
vt 0.7875 0.975
vt 0.8125 0.975
vt 0.8125 0.775
vt 0.8125 0.775
vt 0.8125 0.975
vt 0.8375 0.775
vt 0.8125 0.975
vt 0.8375 0.975
vt 0.8375 0.775
vt 0.8375 0.775
vt 0.8375 0.975
vt 0.8625 0.775
vt 0.8375 0.975
vt 0.8625 0.975
vt 0.8625 0.775
vt 0.1375 0.275
vt 0.1375 0.475
vt 0.1875 0.475
vt 0.1875 0.275
vt 0.1375 0.275
vt 0.1875 0.475
vt 0.1875 0.275
vt 0.1875 0.475
vt 0.2375 0.475
vt 0.2375 0.275
vt 0.1875 0.275
vt 0.2375 0.475
vt 0.1375 0.275
vt 0.1375 0.475
vt 0.1875 0.475
vt 0.1875 0.275
vt 0.1375 0.275
vt 0.1875 0.475
vt 0.1875 0.275
vt 0.1875 0.475
vt 0.2375 0.475
vt 0.2375 0.275
vt 0.1875 0.275
vt 0.2375 0.475
vt 0.1375 0.275
vt 0.1375 0.475
vt 0.1875 0.475
vt 0.1875 0.275
vt 0.1375 0.275
vt 0.1875 0.475
vt 0.1875 0.275
vt 0.1875 0.475
vt 0.2375 0.475
vt 0.2375 0.275
vt 0.1875 0.275
vt 0.2375 0.475
vt 0.1375 0.275
vt 0.1375 0.475
vt 0.1875 0.475
vt 0.1875 0.275
vt 0.1375 0.275
vt 0.1875 0.475
vt 0.1875 0.275
vt 0.1875 0.475
vt 0.2375 0.475
vt 0.2375 0.275
vt 0.1875 0.275
vt 0.2375 0.475
vt 0.1375 0.275
vt 0.1375 0.475
vt 0.1875 0.275
vt 0.1375 0.475
vt 0.1875 0.475
vt 0.1875 0.275
vt 0.1875 0.275
vt 0.1875 0.475
vt 0.2375 0.275
vt 0.1875 0.475
vt 0.2375 0.475
vt 0.2375 0.275
vt 0.1375 0.275
vt 0.1375 0.475
vt 0.1875 0.275
vt 0.1375 0.475
vt 0.1875 0.475
vt 0.1875 0.275
vt 0.1875 0.275
vt 0.1875 0.475
vt 0.2375 0.275
vt 0.1875 0.475
vt 0.2375 0.475
vt 0.2375 0.275
vt 0.1375 0.275
vt 0.1375 0.475
vt 0.1875 0.275
vt 0.1375 0.475
vt 0.1875 0.475
vt 0.1875 0.275
vt 0.1875 0.275
vt 0.1875 0.475
vt 0.2375 0.275
vt 0.1875 0.475
vt 0.2375 0.475
vt 0.2375 0.275
vt 0.1375 0.275
vt 0.1375 0.475
vt 0.1875 0.275
vt 0.1375 0.475
vt 0.1875 0.475
vt 0.1875 0.275
vt 0.1875 0.275
vt 0.1875 0.475
vt 0.2375 0.275
vt 0.1875 0.475
vt 0.2375 0.475
vt 0.2375 0.275
vt 0.5125 0.775
vt 0.5125 0.975
vt 0.5625 0.975
vt 0.5625 0.775
vt 0.5125 0.775
vt 0.5625 0.975
vt 0.5625 0.775
vt 0.5625 0.975
vt 0.6125 0.975
vt 0.6125 0.775
vt 0.5625 0.775
vt 0.6125 0.975
vt 0.5125 0.775
vt 0.5125 0.975
vt 0.5625 0.975
vt 0.5625 0.775
vt 0.5125 0.775
vt 0.5625 0.975
vt 0.5625 0.775
vt 0.5625 0.975
vt 0.6125 0.975
vt 0.6125 0.775
vt 0.5625 0.775
vt 0.6125 0.975
vt 0.5125 0.775
vt 0.5125 0.975
vt 0.5625 0.975
vt 0.5625 0.775
vt 0.5125 0.775
vt 0.5625 0.975
vt 0.5625 0.775
vt 0.5625 0.975
vt 0.6125 0.975
vt 0.6125 0.775
vt 0.5625 0.775
vt 0.6125 0.975
vt 0.5125 0.775
vt 0.5125 0.975
vt 0.5625 0.975
vt 0.5625 0.775
vt 0.5125 0.775
vt 0.5625 0.975
vt 0.5625 0.775
vt 0.5625 0.975
vt 0.6125 0.975
vt 0.6125 0.775
vt 0.5625 0.775
vt 0.6125 0.975
vt 0.5125 0.775
vt 0.5125 0.975
vt 0.5625 0.775
vt 0.5125 0.975
vt 0.5625 0.975
vt 0.5625 0.775
vt 0.5625 0.775
vt 0.5625 0.975
vt 0.6125 0.775
vt 0.5625 0.975
vt 0.6125 0.975
vt 0.6125 0.775
vt 0.5125 0.775
vt 0.5125 0.975
vt 0.5625 0.775
vt 0.5125 0.975
vt 0.5625 0.975
vt 0.5625 0.775
vt 0.5625 0.775
vt 0.5625 0.975
vt 0.6125 0.775
vt 0.5625 0.975
vt 0.6125 0.975
vt 0.6125 0.775
vt 0.5125 0.775
vt 0.5125 0.975
vt 0.5625 0.775
vt 0.5125 0.975
vt 0.5625 0.975
vt 0.5625 0.775
vt 0.5625 0.775
vt 0.5625 0.975
vt 0.6125 0.775
vt 0.5625 0.975
vt 0.6125 0.975
vt 0.6125 0.775
vt 0.5125 0.775
vt 0.5125 0.975
vt 0.5625 0.775
vt 0.5125 0.975
vt 0.5625 0.975
vt 0.5625 0.775
vt 0.5625 0.775
vt 0.5625 0.975
vt 0.6125 0.775
vt 0.5625 0.975
vt 0.6125 0.975
vt 0.6125 0.775
vt 0.5625 0.525
vt 0.5625 0.725
vt 0.575 0.725
vt 0.575 0.525
vt 0.5625 0.525
vt 0.575 0.725
vt 0.575 0.525
vt 0.575 0.725
vt 0.5875 0.725
vt 0.5875 0.525
vt 0.575 0.525
vt 0.5875 0.725
vt 0.5875 0.525
vt 0.5875 0.725
vt 0.6 0.725
vt 0.6 0.525
vt 0.5875 0.525
vt 0.6 0.725
vt 0.6 0.525
vt 0.6 0.725
vt 0.6125 0.725
vt 0.6125 0.525
vt 0.6 0.525
vt 0.6125 0.725
vt 0.5125 0.525
vt 0.5125 0.725
vt 0.525 0.725
vt 0.525 0.525
vt 0.5125 0.525
vt 0.525 0.725
vt 0.525 0.525
vt 0.525 0.725
vt 0.5375 0.725
vt 0.5375 0.525
vt 0.525 0.525
vt 0.5375 0.725
vt 0.5375 0.525
vt 0.5375 0.725
vt 0.55 0.725
vt 0.55 0.525
vt 0.5375 0.525
vt 0.55 0.725
vt 0.55 0.525
vt 0.55 0.725
vt 0.5625 0.725
vt 0.5625 0.525
vt 0.55 0.525
vt 0.5625 0.725
vt 0.5625 0.525
vt 0.5625 0.725
vt 0.575 0.525
vt 0.5625 0.725
vt 0.575 0.725
vt 0.575 0.525
vt 0.575 0.525
vt 0.575 0.725
vt 0.5875 0.525
vt 0.575 0.725
vt 0.5875 0.725
vt 0.5875 0.525
vt 0.5875 0.525
vt 0.5875 0.725
vt 0.6 0.525
vt 0.5875 0.725
vt 0.6 0.725
vt 0.6 0.525
vt 0.6 0.525
vt 0.6 0.725
vt 0.6125 0.525
vt 0.6 0.725
vt 0.6125 0.725
vt 0.6125 0.525
vt 0.5125 0.525
vt 0.5125 0.725
vt 0.525 0.525
vt 0.5125 0.725
vt 0.525 0.725
vt 0.525 0.525
vt 0.525 0.525
vt 0.525 0.725
vt 0.5375 0.525
vt 0.525 0.725
vt 0.5375 0.725
vt 0.5375 0.525
vt 0.5375 0.525
vt 0.5375 0.725
vt 0.55 0.525
vt 0.5375 0.725
vt 0.55 0.725
vt 0.55 0.525
vt 0.55 0.525
vt 0.55 0.725
vt 0.5625 0.525
vt 0.55 0.725
vt 0.5625 0.725
vt 0.5625 0.525
vt 0.87625 0.025
vt 0.87625 0.225
vt 0.87625 0.225
vt 0.87625 0.025
vt 0.87625 0.025
vt 0.87625 0.225
vt 0.87625 0.025
vt 0.87625 0.225
vt 0.87625 0.225
vt 0.87625 0.025
vt 0.87625 0.025
vt 0.87625 0.225
vt 0.87625 0.025
vt 0.87625 0.225
vt 0.87625 0.225
vt 0.87625 0.025
vt 0.87625 0.025
vt 0.87625 0.225
vt 0.87625 0.025
vt 0.87625 0.225
vt 0.87625 0.225
vt 0.87625 0.025
vt 0.87625 0.025
vt 0.87625 0.225
vt 0.87625 0.025
vt 0.87625 0.225
vt 0.87625 0.225
vt 0.87625 0.025
vt 0.87625 0.025
vt 0.87625 0.225
vt 0.87625 0.025
vt 0.87625 0.225
vt 0.87625 0.225
vt 0.87625 0.025
vt 0.87625 0.025
vt 0.87625 0.225
vt 0.87625 0.025
vt 0.87625 0.225
vt 0.87625 0.225
vt 0.87625 0.025
vt 0.87625 0.025
vt 0.87625 0.225
vt 0.87625 0.025
vt 0.87625 0.225
vt 0.87625 0.225
vt 0.87625 0.025
vt 0.87625 0.025
vt 0.87625 0.225
vt 0.87625 0.025
vt 0.87625 0.225
vt 0.87625 0.025
vt 0.87625 0.225
vt 0.87625 0.225
vt 0.87625 0.025
vt 0.87625 0.025
vt 0.87625 0.225
vt 0.87625 0.025
vt 0.87625 0.225
vt 0.87625 0.225
vt 0.87625 0.025
vt 0.87625 0.025
vt 0.87625 0.225
vt 0.87625 0.025
vt 0.87625 0.225
vt 0.87625 0.225
vt 0.87625 0.025
vt 0.87625 0.025
vt 0.87625 0.225
vt 0.87625 0.025
vt 0.87625 0.225
vt 0.87625 0.225
vt 0.87625 0.025
vt 0.87625 0.025
vt 0.87625 0.225
vt 0.87625 0.025
vt 0.87625 0.225
vt 0.87625 0.225
vt 0.87625 0.025
vt 0.87625 0.025
vt 0.87625 0.225
vt 0.87625 0.025
vt 0.87625 0.225
vt 0.87625 0.225
vt 0.87625 0.025
vt 0.87625 0.025
vt 0.87625 0.225
vt 0.87625 0.025
vt 0.87625 0.225
vt 0.87625 0.225
vt 0.87625 0.025
vt 0.87625 0.025
vt 0.87625 0.225
vt 0.87625 0.025
vt 0.87625 0.225
vt 0.87625 0.225
vt 0.87625 0.025
vt 0.3125 0.775
vt 0.3125 0.975
vt 0.325 0.975
vt 0.325 0.775
vt 0.3125 0.775
vt 0.325 0.975
vt 0.325 0.775
vt 0.325 0.975
vt 0.3375 0.975
vt 0.3375 0.775
vt 0.325 0.775
vt 0.3375 0.975
vt 0.3375 0.775
vt 0.3375 0.975
vt 0.35 0.975
vt 0.35 0.775
vt 0.3375 0.775
vt 0.35 0.975
vt 0.35 0.775
vt 0.35 0.975
vt 0.3625 0.975
vt 0.3625 0.775
vt 0.35 0.775
vt 0.3625 0.975
vt 0.2625 0.775
vt 0.2625 0.975
vt 0.275 0.975
vt 0.275 0.775
vt 0.2625 0.775
vt 0.275 0.975
vt 0.275 0.775
vt 0.275 0.975
vt 0.2875 0.975
vt 0.2875 0.775
vt 0.275 0.775
vt 0.2875 0.975
vt 0.2875 0.775
vt 0.2875 0.975
vt 0.3 0.975
vt 0.3 0.775
vt 0.2875 0.775
vt 0.3 0.975
vt 0.3 0.775
vt 0.3 0.975
vt 0.3125 0.975
vt 0.3125 0.775
vt 0.3 0.775
vt 0.3125 0.975
vt 0.3125 0.775
vt 0.3125 0.975
vt 0.325 0.775
vt 0.3125 0.975
vt 0.325 0.975
vt 0.325 0.775
vt 0.325 0.775
vt 0.325 0.975
vt 0.3375 0.775
vt 0.325 0.975
vt 0.3375 0.975
vt 0.3375 0.775
vt 0.3375 0.775
vt 0.3375 0.975
vt 0.35 0.775
vt 0.3375 0.975
vt 0.35 0.975
vt 0.35 0.775
vt 0.35 0.775
vt 0.35 0.975
vt 0.3625 0.775
vt 0.35 0.975
vt 0.3625 0.975
vt 0.3625 0.775
vt 0.2625 0.775
vt 0.2625 0.975
vt 0.275 0.775
vt 0.2625 0.975
vt 0.275 0.975
vt 0.275 0.775
vt 0.275 0.775
vt 0.275 0.975
vt 0.2875 0.775
vt 0.275 0.975
vt 0.2875 0.975
vt 0.2875 0.775
vt 0.2875 0.775
vt 0.2875 0.975
vt 0.3 0.775
vt 0.2875 0.975
vt 0.3 0.975
vt 0.3 0.775
vt 0.3 0.775
vt 0.3 0.975
vt 0.3125 0.775
vt 0.3 0.975
vt 0.3125 0.975
vt 0.3125 0.775
vt 0.3125 0.525
vt 0.3125 0.725
vt 0.325 0.725
vt 0.325 0.525
vt 0.3125 0.525
vt 0.325 0.725
vt 0.325 0.525
vt 0.325 0.725
vt 0.3375 0.725
vt 0.3375 0.525
vt 0.325 0.525
vt 0.3375 0.725
vt 0.3375 0.525
vt 0.3375 0.725
vt 0.35 0.725
vt 0.35 0.525
vt 0.3375 0.525
vt 0.35 0.725
vt 0.35 0.525
vt 0.35 0.725
vt 0.3625 0.725
vt 0.3625 0.525
vt 0.35 0.525
vt 0.3625 0.725
vt 0.2625 0.525
vt 0.2625 0.725
vt 0.275 0.725
vt 0.275 0.525
vt 0.2625 0.525
vt 0.275 0.725
vt 0.275 0.525
vt 0.275 0.725
vt 0.2875 0.725
vt 0.2875 0.525
vt 0.275 0.525
vt 0.2875 0.725
vt 0.2875 0.525
vt 0.2875 0.725
vt 0.3 0.725
vt 0.3 0.525
vt 0.2875 0.525
vt 0.3 0.725
vt 0.3 0.525
vt 0.3 0.725
vt 0.3125 0.725
vt 0.3125 0.525
vt 0.3 0.525
vt 0.3125 0.725
vt 0.3125 0.525
vt 0.3125 0.725
vt 0.325 0.525
vt 0.3125 0.725
vt 0.325 0.725
vt 0.325 0.525
vt 0.325 0.525
vt 0.325 0.725
vt 0.3375 0.525
vt 0.325 0.725
vt 0.3375 0.725
vt 0.3375 0.525
vt 0.3375 0.525
vt 0.3375 0.725
vt 0.35 0.525
vt 0.3375 0.725
vt 0.35 0.725
vt 0.35 0.525
vt 0.35 0.525
vt 0.35 0.725
vt 0.3625 0.525
vt 0.35 0.725
vt 0.3625 0.725
vt 0.3625 0.525
vt 0.2625 0.525
vt 0.2625 0.725
vt 0.275 0.525
vt 0.2625 0.725
vt 0.275 0.725
vt 0.275 0.525
vt 0.275 0.525
vt 0.275 0.725
vt 0.2875 0.525
vt 0.275 0.725
vt 0.2875 0.725
vt 0.2875 0.525
vt 0.2875 0.525
vt 0.2875 0.725
vt 0.3 0.525
vt 0.2875 0.725
vt 0.3 0.725
vt 0.3 0.525
vt 0.3 0.525
vt 0.3 0.725
vt 0.3125 0.525
vt 0.3 0.725
vt 0.3125 0.725
vt 0.3125 0.525
vt 0.87625 0.025
vt 0.87625 0.225
vt 0.87625 0.225
vt 0.87625 0.025
vt 0.87625 0.025
vt 0.87625 0.225
vt 0.87625 0.025
vt 0.87625 0.225
vt 0.87625 0.225
vt 0.87625 0.025
vt 0.87625 0.025
vt 0.87625 0.225
vt 0.87625 0.025
vt 0.87625 0.225
vt 0.87625 0.225
vt 0.87625 0.025
vt 0.87625 0.025
vt 0.87625 0.225
vt 0.87625 0.025
vt 0.87625 0.225
vt 0.87625 0.225
vt 0.87625 0.025
vt 0.87625 0.025
vt 0.87625 0.225
vt 0.87625 0.025
vt 0.87625 0.225
vt 0.87625 0.225
vt 0.87625 0.025
vt 0.87625 0.025
vt 0.87625 0.225
vt 0.87625 0.025
vt 0.87625 0.225
vt 0.87625 0.225
vt 0.87625 0.025
vt 0.87625 0.025
vt 0.87625 0.225
vt 0.87625 0.025
vt 0.87625 0.225
vt 0.87625 0.225
vt 0.87625 0.025
vt 0.87625 0.025
vt 0.87625 0.225
vt 0.87625 0.025
vt 0.87625 0.225
vt 0.87625 0.225
vt 0.87625 0.025
vt 0.87625 0.025
vt 0.87625 0.225
vt 0.87625 0.025
vt 0.87625 0.225
vt 0.87625 0.025
vt 0.87625 0.225
vt 0.87625 0.225
vt 0.87625 0.025
vt 0.87625 0.025
vt 0.87625 0.225
vt 0.87625 0.025
vt 0.87625 0.225
vt 0.87625 0.225
vt 0.87625 0.025
vt 0.87625 0.025
vt 0.87625 0.225
vt 0.87625 0.025
vt 0.87625 0.225
vt 0.87625 0.225
vt 0.87625 0.025
vt 0.87625 0.025
vt 0.87625 0.225
vt 0.87625 0.025
vt 0.87625 0.225
vt 0.87625 0.225
vt 0.87625 0.025
vt 0.87625 0.025
vt 0.87625 0.225
vt 0.87625 0.025
vt 0.87625 0.225
vt 0.87625 0.225
vt 0.87625 0.025
vt 0.87625 0.025
vt 0.87625 0.225
vt 0.87625 0.025
vt 0.87625 0.225
vt 0.87625 0.225
vt 0.87625 0.025
vt 0.87625 0.025
vt 0.87625 0.225
vt 0.87625 0.025
vt 0.87625 0.225
vt 0.87625 0.225
vt 0.87625 0.025
vt 0.87625 0.025
vt 0.87625 0.225
vt 0.87625 0.025
vt 0.87625 0.225
vt 0.87625 0.225
vt 0.87625 0.025
vt 0.4375 0.775
vt 0.4375 0.975
vt 0.45 0.975
vt 0.45 0.775
vt 0.4375 0.775
vt 0.45 0.975
vt 0.45 0.775
vt 0.45 0.975
vt 0.4625 0.975
vt 0.4625 0.775
vt 0.45 0.775
vt 0.4625 0.975
vt 0.4625 0.775
vt 0.4625 0.975
vt 0.475 0.975
vt 0.475 0.775
vt 0.4625 0.775
vt 0.475 0.975
vt 0.475 0.775
vt 0.475 0.975
vt 0.4875 0.975
vt 0.4875 0.775
vt 0.475 0.775
vt 0.4875 0.975
vt 0.3875 0.775
vt 0.3875 0.975
vt 0.4 0.975
vt 0.4 0.775
vt 0.3875 0.775
vt 0.4 0.975
vt 0.4 0.775
vt 0.4 0.975
vt 0.4125 0.975
vt 0.4125 0.775
vt 0.4 0.775
vt 0.4125 0.975
vt 0.4125 0.775
vt 0.4125 0.975
vt 0.425 0.975
vt 0.425 0.775
vt 0.4125 0.775
vt 0.425 0.975
vt 0.425 0.775
vt 0.425 0.975
vt 0.4375 0.975
vt 0.4375 0.775
vt 0.425 0.775
vt 0.4375 0.975
vt 0.4375 0.775
vt 0.4375 0.975
vt 0.45 0.775
vt 0.4375 0.975
vt 0.45 0.975
vt 0.45 0.775
vt 0.45 0.775
vt 0.45 0.975
vt 0.4625 0.775
vt 0.45 0.975
vt 0.4625 0.975
vt 0.4625 0.775
vt 0.4625 0.775
vt 0.4625 0.975
vt 0.475 0.775
vt 0.4625 0.975
vt 0.475 0.975
vt 0.475 0.775
vt 0.475 0.775
vt 0.475 0.975
vt 0.4875 0.775
vt 0.475 0.975
vt 0.4875 0.975
vt 0.4875 0.775
vt 0.3875 0.775
vt 0.3875 0.975
vt 0.4 0.775
vt 0.3875 0.975
vt 0.4 0.975
vt 0.4 0.775
vt 0.4 0.775
vt 0.4 0.975
vt 0.4125 0.775
vt 0.4 0.975
vt 0.4125 0.975
vt 0.4125 0.775
vt 0.4125 0.775
vt 0.4125 0.975
vt 0.425 0.775
vt 0.4125 0.975
vt 0.425 0.975
vt 0.425 0.775
vt 0.425 0.775
vt 0.425 0.975
vt 0.4375 0.775
vt 0.425 0.975
vt 0.4375 0.975
vt 0.4375 0.775
vt 0.5625 0.775
vt 0.5625 0.975
vt 0.575 0.975
vt 0.575 0.775
vt 0.5625 0.775
vt 0.575 0.975
vt 0.575 0.775
vt 0.575 0.975
vt 0.5875 0.975
vt 0.5875 0.775
vt 0.575 0.775
vt 0.5875 0.975
vt 0.5875 0.775
vt 0.5875 0.975
vt 0.6 0.975
vt 0.6 0.775
vt 0.5875 0.775
vt 0.6 0.975
vt 0.6 0.775
vt 0.6 0.975
vt 0.6125 0.975
vt 0.6125 0.775
vt 0.6 0.775
vt 0.6125 0.975
vt 0.5125 0.775
vt 0.5125 0.975
vt 0.525 0.975
vt 0.525 0.775
vt 0.5125 0.775
vt 0.525 0.975
vt 0.525 0.775
vt 0.525 0.975
vt 0.5375 0.975
vt 0.5375 0.775
vt 0.525 0.775
vt 0.5375 0.975
vt 0.5375 0.775
vt 0.5375 0.975
vt 0.55 0.975
vt 0.55 0.775
vt 0.5375 0.775
vt 0.55 0.975
vt 0.55 0.775
vt 0.55 0.975
vt 0.5625 0.975
vt 0.5625 0.775
vt 0.55 0.775
vt 0.5625 0.975
vt 0.5625 0.775
vt 0.5625 0.975
vt 0.575 0.775
vt 0.5625 0.975
vt 0.575 0.975
vt 0.575 0.775
vt 0.575 0.775
vt 0.575 0.975
vt 0.5875 0.775
vt 0.575 0.975
vt 0.5875 0.975
vt 0.5875 0.775
vt 0.5875 0.775
vt 0.5875 0.975
vt 0.6 0.775
vt 0.5875 0.975
vt 0.6 0.975
vt 0.6 0.775
vt 0.6 0.775
vt 0.6 0.975
vt 0.6125 0.775
vt 0.6 0.975
vt 0.6125 0.975
vt 0.6125 0.775
vt 0.5125 0.775
vt 0.5125 0.975
vt 0.525 0.775
vt 0.5125 0.975
vt 0.525 0.975
vt 0.525 0.775
vt 0.525 0.775
vt 0.525 0.975
vt 0.5375 0.775
vt 0.525 0.975
vt 0.5375 0.975
vt 0.5375 0.775
vt 0.5375 0.775
vt 0.5375 0.975
vt 0.55 0.775
vt 0.5375 0.975
vt 0.55 0.975
vt 0.55 0.775
vt 0.55 0.775
vt 0.55 0.975
vt 0.5625 0.775
vt 0.55 0.975
vt 0.5625 0.975
vt 0.5625 0.775
vt 0.4375 0.525
vt 0.4375 0.725
vt 0.45 0.725
vt 0.45 0.525
vt 0.4375 0.525
vt 0.45 0.725
vt 0.45 0.525
vt 0.45 0.725
vt 0.4625 0.725
vt 0.4625 0.525
vt 0.45 0.525
vt 0.4625 0.725
vt 0.4625 0.525
vt 0.4625 0.725
vt 0.475 0.725
vt 0.475 0.525
vt 0.4625 0.525
vt 0.475 0.725
vt 0.475 0.525
vt 0.475 0.725
vt 0.4875 0.725
vt 0.4875 0.525
vt 0.475 0.525
vt 0.4875 0.725
vt 0.3875 0.525
vt 0.3875 0.725
vt 0.4 0.725
vt 0.4 0.525
vt 0.3875 0.525
vt 0.4 0.725
vt 0.4 0.525
vt 0.4 0.725
vt 0.4125 0.725
vt 0.4125 0.525
vt 0.4 0.525
vt 0.4125 0.725
vt 0.4125 0.525
vt 0.4125 0.725
vt 0.425 0.725
vt 0.425 0.525
vt 0.4125 0.525
vt 0.425 0.725
vt 0.425 0.525
vt 0.425 0.725
vt 0.4375 0.725
vt 0.4375 0.525
vt 0.425 0.525
vt 0.4375 0.725
vt 0.4375 0.525
vt 0.4375 0.725
vt 0.45 0.525
vt 0.4375 0.725
vt 0.45 0.725
vt 0.45 0.525
vt 0.45 0.525
vt 0.45 0.725
vt 0.4625 0.525
vt 0.45 0.725
vt 0.4625 0.725
vt 0.4625 0.525
vt 0.4625 0.525
vt 0.4625 0.725
vt 0.475 0.525
vt 0.4625 0.725
vt 0.475 0.725
vt 0.475 0.525
vt 0.475 0.525
vt 0.475 0.725
vt 0.4875 0.525
vt 0.475 0.725
vt 0.4875 0.725
vt 0.4875 0.525
vt 0.3875 0.525
vt 0.3875 0.725
vt 0.4 0.525
vt 0.3875 0.725
vt 0.4 0.725
vt 0.4 0.525
vt 0.4 0.525
vt 0.4 0.725
vt 0.4125 0.525
vt 0.4 0.725
vt 0.4125 0.725
vt 0.4125 0.525
vt 0.4125 0.525
vt 0.4125 0.725
vt 0.425 0.525
vt 0.4125 0.725
vt 0.425 0.725
vt 0.425 0.525
vt 0.425 0.525
vt 0.425 0.725
vt 0.4375 0.525
vt 0.425 0.725
vt 0.4375 0.725
vt 0.4375 0.525
vt 0.5625 0.525
vt 0.5625 0.725
vt 0.575 0.725
vt 0.575 0.525
vt 0.5625 0.525
vt 0.575 0.725
vt 0.575 0.525
vt 0.575 0.725
vt 0.5875 0.725
vt 0.5875 0.525
vt 0.575 0.525
vt 0.5875 0.725
vt 0.5875 0.525
vt 0.5875 0.725
vt 0.6 0.725
vt 0.6 0.525
vt 0.5875 0.525
vt 0.6 0.725
vt 0.6 0.525
vt 0.6 0.725
vt 0.6125 0.725
vt 0.6125 0.525
vt 0.6 0.525
vt 0.6125 0.725
vt 0.5125 0.525
vt 0.5125 0.725
vt 0.525 0.725
vt 0.525 0.525
vt 0.5125 0.525
vt 0.525 0.725
vt 0.525 0.525
vt 0.525 0.725
vt 0.5375 0.725
vt 0.5375 0.525
vt 0.525 0.525
vt 0.5375 0.725
vt 0.5375 0.525
vt 0.5375 0.725
vt 0.55 0.725
vt 0.55 0.525
vt 0.5375 0.525
vt 0.55 0.725
vt 0.55 0.525
vt 0.55 0.725
vt 0.5625 0.725
vt 0.5625 0.525
vt 0.55 0.525
vt 0.5625 0.725
vt 0.5625 0.525
vt 0.5625 0.725
vt 0.575 0.525
vt 0.5625 0.725
vt 0.575 0.725
vt 0.575 0.525
vt 0.575 0.525
vt 0.575 0.725
vt 0.5875 0.525
vt 0.575 0.725
vt 0.5875 0.725
vt 0.5875 0.525
vt 0.5875 0.525
vt 0.5875 0.725
vt 0.6 0.525
vt 0.5875 0.725
vt 0.6 0.725
vt 0.6 0.525
vt 0.6 0.525
vt 0.6 0.725
vt 0.6125 0.525
vt 0.6 0.725
vt 0.6125 0.725
vt 0.6125 0.525
vt 0.5125 0.525
vt 0.5125 0.725
vt 0.525 0.525
vt 0.5125 0.725
vt 0.525 0.725
vt 0.525 0.525
vt 0.525 0.525
vt 0.525 0.725
vt 0.5375 0.525
vt 0.525 0.725
vt 0.5375 0.725
vt 0.5375 0.525
vt 0.5375 0.525
vt 0.5375 0.725
vt 0.55 0.525
vt 0.5375 0.725
vt 0.55 0.725
vt 0.55 0.525
vt 0.55 0.525
vt 0.55 0.725
vt 0.5625 0.525
vt 0.55 0.725
vt 0.5625 0.725
vt 0.5625 0.525
vt 0.1875 0.275
vt 0.1875 0.475
vt 0.2 0.475
vt 0.2 0.275
vt 0.1875 0.275
vt 0.2 0.475
vt 0.2 0.275
vt 0.2 0.475
vt 0.2125 0.475
vt 0.2125 0.275
vt 0.2 0.275
vt 0.2125 0.475
vt 0.2125 0.275
vt 0.2125 0.475
vt 0.225 0.475
vt 0.225 0.275
vt 0.2125 0.275
vt 0.225 0.475
vt 0.225 0.275
vt 0.225 0.475
vt 0.2375 0.475
vt 0.2375 0.275
vt 0.225 0.275
vt 0.2375 0.475
vt 0.1375 0.275
vt 0.1375 0.475
vt 0.15 0.475
vt 0.15 0.275
vt 0.1375 0.275
vt 0.15 0.475
vt 0.15 0.275
vt 0.15 0.475
vt 0.1625 0.475
vt 0.1625 0.275
vt 0.15 0.275
vt 0.1625 0.475
vt 0.1625 0.275
vt 0.1625 0.475
vt 0.175 0.475
vt 0.175 0.275
vt 0.1625 0.275
vt 0.175 0.475
vt 0.175 0.275
vt 0.175 0.475
vt 0.1875 0.475
vt 0.1875 0.275
vt 0.175 0.275
vt 0.1875 0.475
vt 0.1875 0.275
vt 0.1875 0.475
vt 0.2 0.275
vt 0.1875 0.475
vt 0.2 0.475
vt 0.2 0.275
vt 0.2 0.275
vt 0.2 0.475
vt 0.2125 0.275
vt 0.2 0.475
vt 0.2125 0.475
vt 0.2125 0.275
vt 0.2125 0.275
vt 0.2125 0.475
vt 0.225 0.275
vt 0.2125 0.475
vt 0.225 0.475
vt 0.225 0.275
vt 0.225 0.275
vt 0.225 0.475
vt 0.2375 0.275
vt 0.225 0.475
vt 0.2375 0.475
vt 0.2375 0.275
vt 0.1375 0.275
vt 0.1375 0.475
vt 0.15 0.275
vt 0.1375 0.475
vt 0.15 0.475
vt 0.15 0.275
vt 0.15 0.275
vt 0.15 0.475
vt 0.1625 0.275
vt 0.15 0.475
vt 0.1625 0.475
vt 0.1625 0.275
vt 0.1625 0.275
vt 0.1625 0.475
vt 0.175 0.275
vt 0.1625 0.475
vt 0.175 0.475
vt 0.175 0.275
vt 0.175 0.275
vt 0.175 0.475
vt 0.1875 0.275
vt 0.175 0.475
vt 0.1875 0.475
vt 0.1875 0.275
vt 0.8125 0.775
vt 0.8125 0.975
vt 0.825 0.975
vt 0.825 0.775
vt 0.8125 0.775
vt 0.825 0.975
vt 0.825 0.775
vt 0.825 0.975
vt 0.8375 0.975
vt 0.8375 0.775
vt 0.825 0.775
vt 0.8375 0.975
vt 0.8375 0.775
vt 0.8375 0.975
vt 0.85 0.975
vt 0.85 0.775
vt 0.8375 0.775
vt 0.85 0.975
vt 0.85 0.775
vt 0.85 0.975
vt 0.8625 0.975
vt 0.8625 0.775
vt 0.85 0.775
vt 0.8625 0.975
vt 0.7625 0.775
vt 0.7625 0.975
vt 0.775 0.975
vt 0.775 0.775
vt 0.7625 0.775
vt 0.775 0.975
vt 0.775 0.775
vt 0.775 0.975
vt 0.7875 0.975
vt 0.7875 0.775
vt 0.775 0.775
vt 0.7875 0.975
vt 0.7875 0.775
vt 0.7875 0.975
vt 0.8 0.975
vt 0.8 0.775
vt 0.7875 0.775
vt 0.8 0.975
vt 0.8 0.775
vt 0.8 0.975
vt 0.8125 0.975
vt 0.8125 0.775
vt 0.8 0.775
vt 0.8125 0.975
vt 0.8125 0.775
vt 0.8125 0.975
vt 0.825 0.775
vt 0.8125 0.975
vt 0.825 0.975
vt 0.825 0.775
vt 0.825 0.775
vt 0.825 0.975
vt 0.8375 0.775
vt 0.825 0.975
vt 0.8375 0.975
vt 0.8375 0.775
vt 0.8375 0.775
vt 0.8375 0.975
vt 0.85 0.775
vt 0.8375 0.975
vt 0.85 0.975
vt 0.85 0.775
vt 0.85 0.775
vt 0.85 0.975
vt 0.8625 0.775
vt 0.85 0.975
vt 0.8625 0.975
vt 0.8625 0.775
vt 0.7625 0.775
vt 0.7625 0.975
vt 0.775 0.775
vt 0.7625 0.975
vt 0.775 0.975
vt 0.775 0.775
vt 0.775 0.775
vt 0.775 0.975
vt 0.7875 0.775
vt 0.775 0.975
vt 0.7875 0.975
vt 0.7875 0.775
vt 0.7875 0.775
vt 0.7875 0.975
vt 0.8 0.775
vt 0.7875 0.975
vt 0.8 0.975
vt 0.8 0.775
vt 0.8 0.775
vt 0.8 0.975
vt 0.8125 0.775
vt 0.8 0.975
vt 0.8125 0.975
vt 0.8125 0.775
vt 0.1875 0.275
vt 0.1875 0.475
vt 0.2 0.475
vt 0.2 0.275
vt 0.1875 0.275
vt 0.2 0.475
vt 0.2 0.275
vt 0.2 0.475
vt 0.2125 0.475
vt 0.2125 0.275
vt 0.2 0.275
vt 0.2125 0.475
vt 0.2125 0.275
vt 0.2125 0.475
vt 0.225 0.475
vt 0.225 0.275
vt 0.2125 0.275
vt 0.225 0.475
vt 0.225 0.275
vt 0.225 0.475
vt 0.2375 0.475
vt 0.2375 0.275
vt 0.225 0.275
vt 0.2375 0.475
vt 0.1375 0.275
vt 0.1375 0.475
vt 0.15 0.475
vt 0.15 0.275
vt 0.1375 0.275
vt 0.15 0.475
vt 0.15 0.275
vt 0.15 0.475
vt 0.1625 0.475
vt 0.1625 0.275
vt 0.15 0.275
vt 0.1625 0.475
vt 0.1625 0.275
vt 0.1625 0.475
vt 0.175 0.475
vt 0.175 0.275
vt 0.1625 0.275
vt 0.175 0.475
vt 0.175 0.275
vt 0.175 0.475
vt 0.1875 0.475
vt 0.1875 0.275
vt 0.175 0.275
vt 0.1875 0.475
vt 0.1875 0.275
vt 0.1875 0.475
vt 0.2 0.275
vt 0.1875 0.475
vt 0.2 0.475
vt 0.2 0.275
vt 0.2 0.275
vt 0.2 0.475
vt 0.2125 0.275
vt 0.2 0.475
vt 0.2125 0.475
vt 0.2125 0.275
vt 0.2125 0.275
vt 0.2125 0.475
vt 0.225 0.275
vt 0.2125 0.475
vt 0.225 0.475
vt 0.225 0.275
vt 0.225 0.275
vt 0.225 0.475
vt 0.2375 0.275
vt 0.225 0.475
vt 0.2375 0.475
vt 0.2375 0.275
vt 0.1375 0.275
vt 0.1375 0.475
vt 0.15 0.275
vt 0.1375 0.475
vt 0.15 0.475
vt 0.15 0.275
vt 0.15 0.275
vt 0.15 0.475
vt 0.1625 0.275
vt 0.15 0.475
vt 0.1625 0.475
vt 0.1625 0.275
vt 0.1625 0.275
vt 0.1625 0.475
vt 0.175 0.275
vt 0.1625 0.475
vt 0.175 0.475
vt 0.175 0.275
vt 0.175 0.275
vt 0.175 0.475
vt 0.1875 0.275
vt 0.175 0.475
vt 0.1875 0.475
vt 0.1875 0.275
vt 0.5625 0.775
vt 0.5625 0.975
vt 0.575 0.975
vt 0.575 0.775
vt 0.5625 0.775
vt 0.575 0.975
vt 0.575 0.775
vt 0.575 0.975
vt 0.5875 0.975
vt 0.5875 0.775
vt 0.575 0.775
vt 0.5875 0.975
vt 0.5875 0.775
vt 0.5875 0.975
vt 0.6 0.975
vt 0.6 0.775
vt 0.5875 0.775
vt 0.6 0.975
vt 0.6 0.775
vt 0.6 0.975
vt 0.6125 0.975
vt 0.6125 0.775
vt 0.6 0.775
vt 0.6125 0.975
vt 0.5125 0.775
vt 0.5125 0.975
vt 0.525 0.975
vt 0.525 0.775
vt 0.5125 0.775
vt 0.525 0.975
vt 0.525 0.775
vt 0.525 0.975
vt 0.5375 0.975
vt 0.5375 0.775
vt 0.525 0.775
vt 0.5375 0.975
vt 0.5375 0.775
vt 0.5375 0.975
vt 0.55 0.975
vt 0.55 0.775
vt 0.5375 0.775
vt 0.55 0.975
vt 0.55 0.775
vt 0.55 0.975
vt 0.5625 0.975
vt 0.5625 0.775
vt 0.55 0.775
vt 0.5625 0.975
vt 0.5625 0.775
vt 0.5625 0.975
vt 0.575 0.775
vt 0.5625 0.975
vt 0.575 0.975
vt 0.575 0.775
vt 0.575 0.775
vt 0.575 0.975
vt 0.5875 0.775
vt 0.575 0.975
vt 0.5875 0.975
vt 0.5875 0.775
vt 0.5875 0.775
vt 0.5875 0.975
vt 0.6 0.775
vt 0.5875 0.975
vt 0.6 0.975
vt 0.6 0.775
vt 0.6 0.775
vt 0.6 0.975
vt 0.6125 0.775
vt 0.6 0.975
vt 0.6125 0.975
vt 0.6125 0.775
vt 0.5125 0.775
vt 0.5125 0.975
vt 0.525 0.775
vt 0.5125 0.975
vt 0.525 0.975
vt 0.525 0.775
vt 0.525 0.775
vt 0.525 0.975
vt 0.5375 0.775
vt 0.525 0.975
vt 0.5375 0.975
vt 0.5375 0.775
vt 0.5375 0.775
vt 0.5375 0.975
vt 0.55 0.775
vt 0.5375 0.975
vt 0.55 0.975
vt 0.55 0.775
vt 0.55 0.775
vt 0.55 0.975
vt 0.5625 0.775
vt 0.55 0.975
vt 0.5625 0.975
vt 0.5625 0.775
vt 0.5125 0.525
vt 0.5125 0.725
vt 0.5625 0.725
vt 0.5625 0.525
vt 0.5125 0.525
vt 0.5625 0.725
vt 0.5625 0.525
vt 0.5625 0.725
vt 0.6125 0.725
vt 0.6125 0.525
vt 0.5625 0.525
vt 0.6125 0.725
vt 0.5125 0.525
vt 0.5125 0.725
vt 0.5625 0.725
vt 0.5625 0.525
vt 0.5125 0.525
vt 0.5625 0.725
vt 0.5625 0.525
vt 0.5625 0.725
vt 0.6125 0.725
vt 0.6125 0.525
vt 0.5625 0.525
vt 0.6125 0.725
vt 0.5125 0.525
vt 0.5125 0.725
vt 0.5625 0.725
vt 0.5625 0.525
vt 0.5125 0.525
vt 0.5625 0.725
vt 0.5625 0.525
vt 0.5625 0.725
vt 0.6125 0.725
vt 0.6125 0.525
vt 0.5625 0.525
vt 0.6125 0.725
vt 0.5125 0.525
vt 0.5125 0.725
vt 0.5625 0.725
vt 0.5625 0.525
vt 0.5125 0.525
vt 0.5625 0.725
vt 0.5625 0.525
vt 0.5625 0.725
vt 0.6125 0.725
vt 0.6125 0.525
vt 0.5625 0.525
vt 0.6125 0.725
vt 0.5125 0.525
vt 0.5125 0.725
vt 0.5625 0.525
vt 0.5125 0.725
vt 0.5625 0.725
vt 0.5625 0.525
vt 0.5625 0.525
vt 0.5625 0.725
vt 0.6125 0.525
vt 0.5625 0.725
vt 0.6125 0.725
vt 0.6125 0.525
vt 0.5125 0.525
vt 0.5125 0.725
vt 0.5625 0.525
vt 0.5125 0.725
vt 0.5625 0.725
vt 0.5625 0.525
vt 0.5625 0.525
vt 0.5625 0.725
vt 0.6125 0.525
vt 0.5625 0.725
vt 0.6125 0.725
vt 0.6125 0.525
vt 0.5125 0.525
vt 0.5125 0.725
vt 0.5625 0.525
vt 0.5125 0.725
vt 0.5625 0.725
vt 0.5625 0.525
vt 0.5625 0.525
vt 0.5625 0.725
vt 0.6125 0.525
vt 0.5625 0.725
vt 0.6125 0.725
vt 0.6125 0.525
vt 0.5125 0.525
vt 0.5125 0.725
vt 0.5625 0.525
vt 0.5125 0.725
vt 0.5625 0.725
vt 0.5625 0.525
vt 0.5625 0.525
vt 0.5625 0.725
vt 0.6125 0.525
vt 0.5625 0.725
vt 0.6125 0.725
vt 0.6125 0.525
vt 0.87625 0.025
vt 0.87625 0.225
vt 0.87625 0.225
vt 0.87625 0.025
vt 0.87625 0.025
vt 0.87625 0.225
vt 0.87625 0.025
vt 0.87625 0.225
vt 0.87625 0.225
vt 0.87625 0.025
vt 0.87625 0.025
vt 0.87625 0.225
vt 0.87625 0.025
vt 0.87625 0.225
vt 0.87625 0.225
vt 0.87625 0.025
vt 0.87625 0.025
vt 0.87625 0.225
vt 0.87625 0.025
vt 0.87625 0.225
vt 0.87625 0.225
vt 0.87625 0.025
vt 0.87625 0.025
vt 0.87625 0.225
vt 0.87625 0.025
vt 0.87625 0.225
vt 0.87625 0.225
vt 0.87625 0.025
vt 0.87625 0.025
vt 0.87625 0.225
vt 0.87625 0.025
vt 0.87625 0.225
vt 0.87625 0.225
vt 0.87625 0.025
vt 0.87625 0.025
vt 0.87625 0.225
vt 0.87625 0.025
vt 0.87625 0.225
vt 0.87625 0.225
vt 0.87625 0.025
vt 0.87625 0.025
vt 0.87625 0.225
vt 0.87625 0.025
vt 0.87625 0.225
vt 0.87625 0.225
vt 0.87625 0.025
vt 0.87625 0.025
vt 0.87625 0.225
vt 0.87625 0.025
vt 0.87625 0.225
vt 0.87625 0.025
vt 0.87625 0.225
vt 0.87625 0.225
vt 0.87625 0.025
vt 0.87625 0.025
vt 0.87625 0.225
vt 0.87625 0.025
vt 0.87625 0.225
vt 0.87625 0.225
vt 0.87625 0.025
vt 0.87625 0.025
vt 0.87625 0.225
vt 0.87625 0.025
vt 0.87625 0.225
vt 0.87625 0.225
vt 0.87625 0.025
vt 0.87625 0.025
vt 0.87625 0.225
vt 0.87625 0.025
vt 0.87625 0.225
vt 0.87625 0.225
vt 0.87625 0.025
vt 0.87625 0.025
vt 0.87625 0.225
vt 0.87625 0.025
vt 0.87625 0.225
vt 0.87625 0.225
vt 0.87625 0.025
vt 0.87625 0.025
vt 0.87625 0.225
vt 0.87625 0.025
vt 0.87625 0.225
vt 0.87625 0.225
vt 0.87625 0.025
vt 0.87625 0.025
vt 0.87625 0.225
vt 0.87625 0.025
vt 0.87625 0.225
vt 0.87625 0.225
vt 0.87625 0.025
vt 0.87625 0.025
vt 0.87625 0.225
vt 0.87625 0.025
vt 0.87625 0.225
vt 0.87625 0.225
vt 0.87625 0.025
vt 0.3125 0.775
vt 0.3125 0.975
vt 0.325 0.975
vt 0.325 0.775
vt 0.3125 0.775
vt 0.325 0.975
vt 0.325 0.775
vt 0.325 0.975
vt 0.3375 0.975
vt 0.3375 0.775
vt 0.325 0.775
vt 0.3375 0.975
vt 0.3375 0.775
vt 0.3375 0.975
vt 0.35 0.975
vt 0.35 0.775
vt 0.3375 0.775
vt 0.35 0.975
vt 0.35 0.775
vt 0.35 0.975
vt 0.3625 0.975
vt 0.3625 0.775
vt 0.35 0.775
vt 0.3625 0.975
vt 0.2625 0.775
vt 0.2625 0.975
vt 0.275 0.975
vt 0.275 0.775
vt 0.2625 0.775
vt 0.275 0.975
vt 0.275 0.775
vt 0.275 0.975
vt 0.2875 0.975
vt 0.2875 0.775
vt 0.275 0.775
vt 0.2875 0.975
vt 0.2875 0.775
vt 0.2875 0.975
vt 0.3 0.975
vt 0.3 0.775
vt 0.2875 0.775
vt 0.3 0.975
vt 0.3 0.775
vt 0.3 0.975
vt 0.3125 0.975
vt 0.3125 0.775
vt 0.3 0.775
vt 0.3125 0.975
vt 0.3125 0.775
vt 0.3125 0.975
vt 0.325 0.775
vt 0.3125 0.975
vt 0.325 0.975
vt 0.325 0.775
vt 0.325 0.775
vt 0.325 0.975
vt 0.3375 0.775
vt 0.325 0.975
vt 0.3375 0.975
vt 0.3375 0.775
vt 0.3375 0.775
vt 0.3375 0.975
vt 0.35 0.775
vt 0.3375 0.975
vt 0.35 0.975
vt 0.35 0.775
vt 0.35 0.775
vt 0.35 0.975
vt 0.3625 0.775
vt 0.35 0.975
vt 0.3625 0.975
vt 0.3625 0.775
vt 0.2625 0.775
vt 0.2625 0.975
vt 0.275 0.775
vt 0.2625 0.975
vt 0.275 0.975
vt 0.275 0.775
vt 0.275 0.775
vt 0.275 0.975
vt 0.2875 0.775
vt 0.275 0.975
vt 0.2875 0.975
vt 0.2875 0.775
vt 0.2875 0.775
vt 0.2875 0.975
vt 0.3 0.775
vt 0.2875 0.975
vt 0.3 0.975
vt 0.3 0.775
vt 0.3 0.775
vt 0.3 0.975
vt 0.3125 0.775
vt 0.3 0.975
vt 0.3125 0.975
vt 0.3125 0.775
vt 0.3125 0.525
vt 0.3125 0.725
vt 0.325 0.725
vt 0.325 0.525
vt 0.3125 0.525
vt 0.325 0.725
vt 0.325 0.525
vt 0.325 0.725
vt 0.3375 0.725
vt 0.3375 0.525
vt 0.325 0.525
vt 0.3375 0.725
vt 0.3375 0.525
vt 0.3375 0.725
vt 0.35 0.725
vt 0.35 0.525
vt 0.3375 0.525
vt 0.35 0.725
vt 0.35 0.525
vt 0.35 0.725
vt 0.3625 0.725
vt 0.3625 0.525
vt 0.35 0.525
vt 0.3625 0.725
vt 0.2625 0.525
vt 0.2625 0.725
vt 0.275 0.725
vt 0.275 0.525
vt 0.2625 0.525
vt 0.275 0.725
vt 0.275 0.525
vt 0.275 0.725
vt 0.2875 0.725
vt 0.2875 0.525
vt 0.275 0.525
vt 0.2875 0.725
vt 0.2875 0.525
vt 0.2875 0.725
vt 0.3 0.725
vt 0.3 0.525
vt 0.2875 0.525
vt 0.3 0.725
vt 0.3 0.525
vt 0.3 0.725
vt 0.3125 0.725
vt 0.3125 0.525
vt 0.3 0.525
vt 0.3125 0.725
vt 0.3125 0.525
vt 0.3125 0.725
vt 0.325 0.525
vt 0.3125 0.725
vt 0.325 0.725
vt 0.325 0.525
vt 0.325 0.525
vt 0.325 0.725
vt 0.3375 0.525
vt 0.325 0.725
vt 0.3375 0.725
vt 0.3375 0.525
vt 0.3375 0.525
vt 0.3375 0.725
vt 0.35 0.525
vt 0.3375 0.725
vt 0.35 0.725
vt 0.35 0.525
vt 0.35 0.525
vt 0.35 0.725
vt 0.3625 0.525
vt 0.35 0.725
vt 0.3625 0.725
vt 0.3625 0.525
vt 0.2625 0.525
vt 0.2625 0.725
vt 0.275 0.525
vt 0.2625 0.725
vt 0.275 0.725
vt 0.275 0.525
vt 0.275 0.525
vt 0.275 0.725
vt 0.2875 0.525
vt 0.275 0.725
vt 0.2875 0.725
vt 0.2875 0.525
vt 0.2875 0.525
vt 0.2875 0.725
vt 0.3 0.525
vt 0.2875 0.725
vt 0.3 0.725
vt 0.3 0.525
vt 0.3 0.525
vt 0.3 0.725
vt 0.3125 0.525
vt 0.3 0.725
vt 0.3125 0.725
vt 0.3125 0.525
vt 0.87625 0.025
vt 0.87625 0.225
vt 0.87625 0.225
vt 0.87625 0.025
vt 0.87625 0.025
vt 0.87625 0.225
vt 0.87625 0.025
vt 0.87625 0.225
vt 0.87625 0.225
vt 0.87625 0.025
vt 0.87625 0.025
vt 0.87625 0.225
vt 0.87625 0.025
vt 0.87625 0.225
vt 0.87625 0.225
vt 0.87625 0.025
vt 0.87625 0.025
vt 0.87625 0.225
vt 0.87625 0.025
vt 0.87625 0.225
vt 0.87625 0.225
vt 0.87625 0.025
vt 0.87625 0.025
vt 0.87625 0.225
vt 0.87625 0.025
vt 0.87625 0.225
vt 0.87625 0.225
vt 0.87625 0.025
vt 0.87625 0.025
vt 0.87625 0.225
vt 0.87625 0.025
vt 0.87625 0.225
vt 0.87625 0.225
vt 0.87625 0.025
vt 0.87625 0.025
vt 0.87625 0.225
vt 0.87625 0.025
vt 0.87625 0.225
vt 0.87625 0.225
vt 0.87625 0.025
vt 0.87625 0.025
vt 0.87625 0.225
vt 0.87625 0.025
vt 0.87625 0.225
vt 0.87625 0.225
vt 0.87625 0.025
vt 0.87625 0.025
vt 0.87625 0.225
vt 0.87625 0.025
vt 0.87625 0.225
vt 0.87625 0.025
vt 0.87625 0.225
vt 0.87625 0.225
vt 0.87625 0.025
vt 0.87625 0.025
vt 0.87625 0.225
vt 0.87625 0.025
vt 0.87625 0.225
vt 0.87625 0.225
vt 0.87625 0.025
vt 0.87625 0.025
vt 0.87625 0.225
vt 0.87625 0.025
vt 0.87625 0.225
vt 0.87625 0.225
vt 0.87625 0.025
vt 0.87625 0.025
vt 0.87625 0.225
vt 0.87625 0.025
vt 0.87625 0.225
vt 0.87625 0.225
vt 0.87625 0.025
vt 0.87625 0.025
vt 0.87625 0.225
vt 0.87625 0.025
vt 0.87625 0.225
vt 0.87625 0.225
vt 0.87625 0.025
vt 0.87625 0.025
vt 0.87625 0.225
vt 0.87625 0.025
vt 0.87625 0.225
vt 0.87625 0.225
vt 0.87625 0.025
vt 0.87625 0.025
vt 0.87625 0.225
vt 0.87625 0.025
vt 0.87625 0.225
vt 0.87625 0.225
vt 0.87625 0.025
vt 0.87625 0.025
vt 0.87625 0.225
vt 0.87625 0.025
vt 0.87625 0.225
vt 0.87625 0.225
vt 0.87625 0.025
vt 0.4375 0.775
vt 0.4375 0.975
vt 0.45 0.975
vt 0.45 0.775
vt 0.4375 0.775
vt 0.45 0.975
vt 0.45 0.775
vt 0.45 0.975
vt 0.4625 0.975
vt 0.4625 0.775
vt 0.45 0.775
vt 0.4625 0.975
vt 0.4625 0.775
vt 0.4625 0.975
vt 0.475 0.975
vt 0.475 0.775
vt 0.4625 0.775
vt 0.475 0.975
vt 0.475 0.775
vt 0.475 0.975
vt 0.4875 0.975
vt 0.4875 0.775
vt 0.475 0.775
vt 0.4875 0.975
vt 0.3875 0.775
vt 0.3875 0.975
vt 0.4 0.975
vt 0.4 0.775
vt 0.3875 0.775
vt 0.4 0.975
vt 0.4 0.775
vt 0.4 0.975
vt 0.4125 0.975
vt 0.4125 0.775
vt 0.4 0.775
vt 0.4125 0.975
vt 0.4125 0.775
vt 0.4125 0.975
vt 0.425 0.975
vt 0.425 0.775
vt 0.4125 0.775
vt 0.425 0.975
vt 0.425 0.775
vt 0.425 0.975
vt 0.4375 0.975
vt 0.4375 0.775
vt 0.425 0.775
vt 0.4375 0.975
vt 0.4375 0.775
vt 0.4375 0.975
vt 0.45 0.775
vt 0.4375 0.975
vt 0.45 0.975
vt 0.45 0.775
vt 0.45 0.775
vt 0.45 0.975
vt 0.4625 0.775
vt 0.45 0.975
vt 0.4625 0.975
vt 0.4625 0.775
vt 0.4625 0.775
vt 0.4625 0.975
vt 0.475 0.775
vt 0.4625 0.975
vt 0.475 0.975
vt 0.475 0.775
vt 0.475 0.775
vt 0.475 0.975
vt 0.4875 0.775
vt 0.475 0.975
vt 0.4875 0.975
vt 0.4875 0.775
vt 0.3875 0.775
vt 0.3875 0.975
vt 0.4 0.775
vt 0.3875 0.975
vt 0.4 0.975
vt 0.4 0.775
vt 0.4 0.775
vt 0.4 0.975
vt 0.4125 0.775
vt 0.4 0.975
vt 0.4125 0.975
vt 0.4125 0.775
vt 0.4125 0.775
vt 0.4125 0.975
vt 0.425 0.775
vt 0.4125 0.975
vt 0.425 0.975
vt 0.425 0.775
vt 0.425 0.775
vt 0.425 0.975
vt 0.4375 0.775
vt 0.425 0.975
vt 0.4375 0.975
vt 0.4375 0.775
vt 0.5625 0.775
vt 0.5625 0.975
vt 0.575 0.975
vt 0.575 0.775
vt 0.5625 0.775
vt 0.575 0.975
vt 0.575 0.775
vt 0.575 0.975
vt 0.5875 0.975
vt 0.5875 0.775
vt 0.575 0.775
vt 0.5875 0.975
vt 0.5875 0.775
vt 0.5875 0.975
vt 0.6 0.975
vt 0.6 0.775
vt 0.5875 0.775
vt 0.6 0.975
vt 0.6 0.775
vt 0.6 0.975
vt 0.6125 0.975
vt 0.6125 0.775
vt 0.6 0.775
vt 0.6125 0.975
vt 0.5125 0.775
vt 0.5125 0.975
vt 0.525 0.975
vt 0.525 0.775
vt 0.5125 0.775
vt 0.525 0.975
vt 0.525 0.775
vt 0.525 0.975
vt 0.5375 0.975
vt 0.5375 0.775
vt 0.525 0.775
vt 0.5375 0.975
vt 0.5375 0.775
vt 0.5375 0.975
vt 0.55 0.975
vt 0.55 0.775
vt 0.5375 0.775
vt 0.55 0.975
vt 0.55 0.775
vt 0.55 0.975
vt 0.5625 0.975
vt 0.5625 0.775
vt 0.55 0.775
vt 0.5625 0.975
vt 0.5625 0.775
vt 0.5625 0.975
vt 0.575 0.775
vt 0.5625 0.975
vt 0.575 0.975
vt 0.575 0.775
vt 0.575 0.775
vt 0.575 0.975
vt 0.5875 0.775
vt 0.575 0.975
vt 0.5875 0.975
vt 0.5875 0.775
vt 0.5875 0.775
vt 0.5875 0.975
vt 0.6 0.775
vt 0.5875 0.975
vt 0.6 0.975
vt 0.6 0.775
vt 0.6 0.775
vt 0.6 0.975
vt 0.6125 0.775
vt 0.6 0.975
vt 0.6125 0.975
vt 0.6125 0.775
vt 0.5125 0.775
vt 0.5125 0.975
vt 0.525 0.775
vt 0.5125 0.975
vt 0.525 0.975
vt 0.525 0.775
vt 0.525 0.775
vt 0.525 0.975
vt 0.5375 0.775
vt 0.525 0.975
vt 0.5375 0.975
vt 0.5375 0.775
vt 0.5375 0.775
vt 0.5375 0.975
vt 0.55 0.775
vt 0.5375 0.975
vt 0.55 0.975
vt 0.55 0.775
vt 0.55 0.775
vt 0.55 0.975
vt 0.5625 0.775
vt 0.55 0.975
vt 0.5625 0.975
vt 0.5625 0.775
vt 0.4375 0.525
vt 0.4375 0.725
vt 0.45 0.725
vt 0.45 0.525
vt 0.4375 0.525
vt 0.45 0.725
vt 0.45 0.525
vt 0.45 0.725
vt 0.4625 0.725
vt 0.4625 0.525
vt 0.45 0.525
vt 0.4625 0.725
vt 0.4625 0.525
vt 0.4625 0.725
vt 0.475 0.725
vt 0.475 0.525
vt 0.4625 0.525
vt 0.475 0.725
vt 0.475 0.525
vt 0.475 0.725
vt 0.4875 0.725
vt 0.4875 0.525
vt 0.475 0.525
vt 0.4875 0.725
vt 0.3875 0.525
vt 0.3875 0.725
vt 0.4 0.725
vt 0.4 0.525
vt 0.3875 0.525
vt 0.4 0.725
vt 0.4 0.525
vt 0.4 0.725
vt 0.4125 0.725
vt 0.4125 0.525
vt 0.4 0.525
vt 0.4125 0.725
vt 0.4125 0.525
vt 0.4125 0.725
vt 0.425 0.725
vt 0.425 0.525
vt 0.4125 0.525
vt 0.425 0.725
vt 0.425 0.525
vt 0.425 0.725
vt 0.4375 0.725
vt 0.4375 0.525
vt 0.425 0.525
vt 0.4375 0.725
vt 0.4375 0.525
vt 0.4375 0.725
vt 0.45 0.525
vt 0.4375 0.725
vt 0.45 0.725
vt 0.45 0.525
vt 0.45 0.525
vt 0.45 0.725
vt 0.4625 0.525
vt 0.45 0.725
vt 0.4625 0.725
vt 0.4625 0.525
vt 0.4625 0.525
vt 0.4625 0.725
vt 0.475 0.525
vt 0.4625 0.725
vt 0.475 0.725
vt 0.475 0.525
vt 0.475 0.525
vt 0.475 0.725
vt 0.4875 0.525
vt 0.475 0.725
vt 0.4875 0.725
vt 0.4875 0.525
vt 0.3875 0.525
vt 0.3875 0.725
vt 0.4 0.525
vt 0.3875 0.725
vt 0.4 0.725
vt 0.4 0.525
vt 0.4 0.525
vt 0.4 0.725
vt 0.4125 0.525
vt 0.4 0.725
vt 0.4125 0.725
vt 0.4125 0.525
vt 0.4125 0.525
vt 0.4125 0.725
vt 0.425 0.525
vt 0.4125 0.725
vt 0.425 0.725
vt 0.425 0.525
vt 0.425 0.525
vt 0.425 0.725
vt 0.4375 0.525
vt 0.425 0.725
vt 0.4375 0.725
vt 0.4375 0.525
vt 0.5625 0.525
vt 0.5625 0.725
vt 0.575 0.725
vt 0.575 0.525
vt 0.5625 0.525
vt 0.575 0.725
vt 0.575 0.525
vt 0.575 0.725
vt 0.5875 0.725
vt 0.5875 0.525
vt 0.575 0.525
vt 0.5875 0.725
vt 0.5875 0.525
vt 0.5875 0.725
vt 0.6 0.725
vt 0.6 0.525
vt 0.5875 0.525
vt 0.6 0.725
vt 0.6 0.525
vt 0.6 0.725
vt 0.6125 0.725
vt 0.6125 0.525
vt 0.6 0.525
vt 0.6125 0.725
vt 0.5125 0.525
vt 0.5125 0.725
vt 0.525 0.725
vt 0.525 0.525
vt 0.5125 0.525
vt 0.525 0.725
vt 0.525 0.525
vt 0.525 0.725
vt 0.5375 0.725
vt 0.5375 0.525
vt 0.525 0.525
vt 0.5375 0.725
vt 0.5375 0.525
vt 0.5375 0.725
vt 0.55 0.725
vt 0.55 0.525
vt 0.5375 0.525
vt 0.55 0.725
vt 0.55 0.525
vt 0.55 0.725
vt 0.5625 0.725
vt 0.5625 0.525
vt 0.55 0.525
vt 0.5625 0.725
vt 0.5625 0.525
vt 0.5625 0.725
vt 0.575 0.525
vt 0.5625 0.725
vt 0.575 0.725
vt 0.575 0.525
vt 0.575 0.525
vt 0.575 0.725
vt 0.5875 0.525
vt 0.575 0.725
vt 0.5875 0.725
vt 0.5875 0.525
vt 0.5875 0.525
vt 0.5875 0.725
vt 0.6 0.525
vt 0.5875 0.725
vt 0.6 0.725
vt 0.6 0.525
vt 0.6 0.525
vt 0.6 0.725
vt 0.6125 0.525
vt 0.6 0.725
vt 0.6125 0.725
vt 0.6125 0.525
vt 0.5125 0.525
vt 0.5125 0.725
vt 0.525 0.525
vt 0.5125 0.725
vt 0.525 0.725
vt 0.525 0.525
vt 0.525 0.525
vt 0.525 0.725
vt 0.5375 0.525
vt 0.525 0.725
vt 0.5375 0.725
vt 0.5375 0.525
vt 0.5375 0.525
vt 0.5375 0.725
vt 0.55 0.525
vt 0.5375 0.725
vt 0.55 0.725
vt 0.55 0.525
vt 0.55 0.525
vt 0.55 0.725
vt 0.5625 0.525
vt 0.55 0.725
vt 0.5625 0.725
vt 0.5625 0.525
vt 0.1875 0.275
vt 0.1875 0.475
vt 0.2 0.475
vt 0.2 0.275
vt 0.1875 0.275
vt 0.2 0.475
vt 0.2 0.275
vt 0.2 0.475
vt 0.2125 0.475
vt 0.2125 0.275
vt 0.2 0.275
vt 0.2125 0.475
vt 0.2125 0.275
vt 0.2125 0.475
vt 0.225 0.475
vt 0.225 0.275
vt 0.2125 0.275
vt 0.225 0.475
vt 0.225 0.275
vt 0.225 0.475
vt 0.2375 0.475
vt 0.2375 0.275
vt 0.225 0.275
vt 0.2375 0.475
vt 0.1375 0.275
vt 0.1375 0.475
vt 0.15 0.475
vt 0.15 0.275
vt 0.1375 0.275
vt 0.15 0.475
vt 0.15 0.275
vt 0.15 0.475
vt 0.1625 0.475
vt 0.1625 0.275
vt 0.15 0.275
vt 0.1625 0.475
vt 0.1625 0.275
vt 0.1625 0.475
vt 0.175 0.475
vt 0.175 0.275
vt 0.1625 0.275
vt 0.175 0.475
vt 0.175 0.275
vt 0.175 0.475
vt 0.1875 0.475
vt 0.1875 0.275
vt 0.175 0.275
vt 0.1875 0.475
vt 0.1875 0.275
vt 0.1875 0.475
vt 0.2 0.275
vt 0.1875 0.475
vt 0.2 0.475
vt 0.2 0.275
vt 0.2 0.275
vt 0.2 0.475
vt 0.2125 0.275
vt 0.2 0.475
vt 0.2125 0.475
vt 0.2125 0.275
vt 0.2125 0.275
vt 0.2125 0.475
vt 0.225 0.275
vt 0.2125 0.475
vt 0.225 0.475
vt 0.225 0.275
vt 0.225 0.275
vt 0.225 0.475
vt 0.2375 0.275
vt 0.225 0.475
vt 0.2375 0.475
vt 0.2375 0.275
vt 0.1375 0.275
vt 0.1375 0.475
vt 0.15 0.275
vt 0.1375 0.475
vt 0.15 0.475
vt 0.15 0.275
vt 0.15 0.275
vt 0.15 0.475
vt 0.1625 0.275
vt 0.15 0.475
vt 0.1625 0.475
vt 0.1625 0.275
vt 0.1625 0.275
vt 0.1625 0.475
vt 0.175 0.275
vt 0.1625 0.475
vt 0.175 0.475
vt 0.175 0.275
vt 0.175 0.275
vt 0.175 0.475
vt 0.1875 0.275
vt 0.175 0.475
vt 0.1875 0.475
vt 0.1875 0.275
vt 0.8125 0.775
vt 0.8125 0.975
vt 0.825 0.975
vt 0.825 0.775
vt 0.8125 0.775
vt 0.825 0.975
vt 0.825 0.775
vt 0.825 0.975
vt 0.8375 0.975
vt 0.8375 0.775
vt 0.825 0.775
vt 0.8375 0.975
vt 0.8375 0.775
vt 0.8375 0.975
vt 0.85 0.975
vt 0.85 0.775
vt 0.8375 0.775
vt 0.85 0.975
vt 0.85 0.775
vt 0.85 0.975
vt 0.8625 0.975
vt 0.8625 0.775
vt 0.85 0.775
vt 0.8625 0.975
vt 0.7625 0.775
vt 0.7625 0.975
vt 0.775 0.975
vt 0.775 0.775
vt 0.7625 0.775
vt 0.775 0.975
vt 0.775 0.775
vt 0.775 0.975
vt 0.7875 0.975
vt 0.7875 0.775
vt 0.775 0.775
vt 0.7875 0.975
vt 0.7875 0.775
vt 0.7875 0.975
vt 0.8 0.975
vt 0.8 0.775
vt 0.7875 0.775
vt 0.8 0.975
vt 0.8 0.775
vt 0.8 0.975
vt 0.8125 0.975
vt 0.8125 0.775
vt 0.8 0.775
vt 0.8125 0.975
vt 0.8125 0.775
vt 0.8125 0.975
vt 0.825 0.775
vt 0.8125 0.975
vt 0.825 0.975
vt 0.825 0.775
vt 0.825 0.775
vt 0.825 0.975
vt 0.8375 0.775
vt 0.825 0.975
vt 0.8375 0.975
vt 0.8375 0.775
vt 0.8375 0.775
vt 0.8375 0.975
vt 0.85 0.775
vt 0.8375 0.975
vt 0.85 0.975
vt 0.85 0.775
vt 0.85 0.775
vt 0.85 0.975
vt 0.8625 0.775
vt 0.85 0.975
vt 0.8625 0.975
vt 0.8625 0.775
vt 0.7625 0.775
vt 0.7625 0.975
vt 0.775 0.775
vt 0.7625 0.975
vt 0.775 0.975
vt 0.775 0.775
vt 0.775 0.775
vt 0.775 0.975
vt 0.7875 0.775
vt 0.775 0.975
vt 0.7875 0.975
vt 0.7875 0.775
vt 0.7875 0.775
vt 0.7875 0.975
vt 0.8 0.775
vt 0.7875 0.975
vt 0.8 0.975
vt 0.8 0.775
vt 0.8 0.775
vt 0.8 0.975
vt 0.8125 0.775
vt 0.8 0.975
vt 0.8125 0.975
vt 0.8125 0.775
vt 0.1875 0.275
vt 0.1875 0.475
vt 0.2 0.475
vt 0.2 0.275
vt 0.1875 0.275
vt 0.2 0.475
vt 0.2 0.275
vt 0.2 0.475
vt 0.2125 0.475
vt 0.2125 0.275
vt 0.2 0.275
vt 0.2125 0.475
vt 0.2125 0.275
vt 0.2125 0.475
vt 0.225 0.475
vt 0.225 0.275
vt 0.2125 0.275
vt 0.225 0.475
vt 0.225 0.275
vt 0.225 0.475
vt 0.2375 0.475
vt 0.2375 0.275
vt 0.225 0.275
vt 0.2375 0.475
vt 0.1375 0.275
vt 0.1375 0.475
vt 0.15 0.475
vt 0.15 0.275
vt 0.1375 0.275
vt 0.15 0.475
vt 0.15 0.275
vt 0.15 0.475
vt 0.1625 0.475
vt 0.1625 0.275
vt 0.15 0.275
vt 0.1625 0.475
vt 0.1625 0.275
vt 0.1625 0.475
vt 0.175 0.475
vt 0.175 0.275
vt 0.1625 0.275
vt 0.175 0.475
vt 0.175 0.275
vt 0.175 0.475
vt 0.1875 0.475
vt 0.1875 0.275
vt 0.175 0.275
vt 0.1875 0.475
vt 0.1875 0.275
vt 0.1875 0.475
vt 0.2 0.275
vt 0.1875 0.475
vt 0.2 0.475
vt 0.2 0.275
vt 0.2 0.275
vt 0.2 0.475
vt 0.2125 0.275
vt 0.2 0.475
vt 0.2125 0.475
vt 0.2125 0.275
vt 0.2125 0.275
vt 0.2125 0.475
vt 0.225 0.275
vt 0.2125 0.475
vt 0.225 0.475
vt 0.225 0.275
vt 0.225 0.275
vt 0.225 0.475
vt 0.2375 0.275
vt 0.225 0.475
vt 0.2375 0.475
vt 0.2375 0.275
vt 0.1375 0.275
vt 0.1375 0.475
vt 0.15 0.275
vt 0.1375 0.475
vt 0.15 0.475
vt 0.15 0.275
vt 0.15 0.275
vt 0.15 0.475
vt 0.1625 0.275
vt 0.15 0.475
vt 0.1625 0.475
vt 0.1625 0.275
vt 0.1625 0.275
vt 0.1625 0.475
vt 0.175 0.275
vt 0.1625 0.475
vt 0.175 0.475
vt 0.175 0.275
vt 0.175 0.275
vt 0.175 0.475
vt 0.1875 0.275
vt 0.175 0.475
vt 0.1875 0.475
vt 0.1875 0.275
vt 0.5625 0.775
vt 0.5625 0.975
vt 0.575 0.975
vt 0.575 0.775
vt 0.5625 0.775
vt 0.575 0.975
vt 0.575 0.775
vt 0.575 0.975
vt 0.5875 0.975
vt 0.5875 0.775
vt 0.575 0.775
vt 0.5875 0.975
vt 0.5875 0.775
vt 0.5875 0.975
vt 0.6 0.975
vt 0.6 0.775
vt 0.5875 0.775
vt 0.6 0.975
vt 0.6 0.775
vt 0.6 0.975
vt 0.6125 0.975
vt 0.6125 0.775
vt 0.6 0.775
vt 0.6125 0.975
vt 0.5125 0.775
vt 0.5125 0.975
vt 0.525 0.975
vt 0.525 0.775
vt 0.5125 0.775
vt 0.525 0.975
vt 0.525 0.775
vt 0.525 0.975
vt 0.5375 0.975
vt 0.5375 0.775
vt 0.525 0.775
vt 0.5375 0.975
vt 0.5375 0.775
vt 0.5375 0.975
vt 0.55 0.975
vt 0.55 0.775
vt 0.5375 0.775
vt 0.55 0.975
vt 0.55 0.775
vt 0.55 0.975
vt 0.5625 0.975
vt 0.5625 0.775
vt 0.55 0.775
vt 0.5625 0.975
vt 0.5625 0.775
vt 0.5625 0.975
vt 0.575 0.775
vt 0.5625 0.975
vt 0.575 0.975
vt 0.575 0.775
vt 0.575 0.775
vt 0.575 0.975
vt 0.5875 0.775
vt 0.575 0.975
vt 0.5875 0.975
vt 0.5875 0.775
vt 0.5875 0.775
vt 0.5875 0.975
vt 0.6 0.775
vt 0.5875 0.975
vt 0.6 0.975
vt 0.6 0.775
vt 0.6 0.775
vt 0.6 0.975
vt 0.6125 0.775
vt 0.6 0.975
vt 0.6125 0.975
vt 0.6125 0.775
vt 0.5125 0.775
vt 0.5125 0.975
vt 0.525 0.775
vt 0.5125 0.975
vt 0.525 0.975
vt 0.525 0.775
vt 0.525 0.775
vt 0.525 0.975
vt 0.5375 0.775
vt 0.525 0.975
vt 0.5375 0.975
vt 0.5375 0.775
vt 0.5375 0.775
vt 0.5375 0.975
vt 0.55 0.775
vt 0.5375 0.975
vt 0.55 0.975
vt 0.55 0.775
vt 0.55 0.775
vt 0.55 0.975
vt 0.5625 0.775
vt 0.55 0.975
vt 0.5625 0.975
vt 0.5625 0.775
vt 0.5625 0.525
vt 0.5625 0.725
vt 0.575 0.725
vt 0.575 0.525
vt 0.5625 0.525
vt 0.575 0.725
vt 0.575 0.525
vt 0.575 0.725
vt 0.5875 0.725
vt 0.5875 0.525
vt 0.575 0.525
vt 0.5875 0.725
vt 0.5875 0.525
vt 0.5875 0.725
vt 0.6 0.725
vt 0.6 0.525
vt 0.5875 0.525
vt 0.6 0.725
vt 0.6 0.525
vt 0.6 0.725
vt 0.6125 0.725
vt 0.6125 0.525
vt 0.6 0.525
vt 0.6125 0.725
vt 0.5125 0.525
vt 0.5125 0.725
vt 0.525 0.725
vt 0.525 0.525
vt 0.5125 0.525
vt 0.525 0.725
vt 0.525 0.525
vt 0.525 0.725
vt 0.5375 0.725
vt 0.5375 0.525
vt 0.525 0.525
vt 0.5375 0.725
vt 0.5375 0.525
vt 0.5375 0.725
vt 0.55 0.725
vt 0.55 0.525
vt 0.5375 0.525
vt 0.55 0.725
vt 0.55 0.525
vt 0.55 0.725
vt 0.5625 0.725
vt 0.5625 0.525
vt 0.55 0.525
vt 0.5625 0.725
vt 0.5625 0.525
vt 0.5625 0.725
vt 0.575 0.525
vt 0.5625 0.725
vt 0.575 0.725
vt 0.575 0.525
vt 0.575 0.525
vt 0.575 0.725
vt 0.5875 0.525
vt 0.575 0.725
vt 0.5875 0.725
vt 0.5875 0.525
vt 0.5875 0.525
vt 0.5875 0.725
vt 0.6 0.525
vt 0.5875 0.725
vt 0.6 0.725
vt 0.6 0.525
vt 0.6 0.525
vt 0.6 0.725
vt 0.6125 0.525
vt 0.6 0.725
vt 0.6125 0.725
vt 0.6125 0.525
vt 0.5125 0.525
vt 0.5125 0.725
vt 0.525 0.525
vt 0.5125 0.725
vt 0.525 0.725
vt 0.525 0.525
vt 0.525 0.525
vt 0.525 0.725
vt 0.5375 0.525
vt 0.525 0.725
vt 0.5375 0.725
vt 0.5375 0.525
vt 0.5375 0.525
vt 0.5375 0.725
vt 0.55 0.525
vt 0.5375 0.725
vt 0.55 0.725
vt 0.55 0.525
vt 0.55 0.525
vt 0.55 0.725
vt 0.5625 0.525
vt 0.55 0.725
vt 0.5625 0.725
vt 0.5625 0.525
vt 0.87625 0.025
vt 0.87625 0.225
vt 0.87625 0.225
vt 0.87625 0.025
vt 0.87625 0.025
vt 0.87625 0.225
vt 0.87625 0.025
vt 0.87625 0.225
vt 0.87625 0.225
vt 0.87625 0.025
vt 0.87625 0.025
vt 0.87625 0.225
vt 0.87625 0.025
vt 0.87625 0.225
vt 0.87625 0.225
vt 0.87625 0.025
vt 0.87625 0.025
vt 0.87625 0.225
vt 0.87625 0.025
vt 0.87625 0.225
vt 0.87625 0.225
vt 0.87625 0.025
vt 0.87625 0.025
vt 0.87625 0.225
vt 0.87625 0.025
vt 0.87625 0.225
vt 0.87625 0.225
vt 0.87625 0.025
vt 0.87625 0.025
vt 0.87625 0.225
vt 0.87625 0.025
vt 0.87625 0.225
vt 0.87625 0.225
vt 0.87625 0.025
vt 0.87625 0.025
vt 0.87625 0.225
vt 0.87625 0.025
vt 0.87625 0.225
vt 0.87625 0.225
vt 0.87625 0.025
vt 0.87625 0.025
vt 0.87625 0.225
vt 0.87625 0.025
vt 0.87625 0.225
vt 0.87625 0.225
vt 0.87625 0.025
vt 0.87625 0.025
vt 0.87625 0.225
vt 0.87625 0.025
vt 0.87625 0.225
vt 0.87625 0.025
vt 0.87625 0.225
vt 0.87625 0.225
vt 0.87625 0.025
vt 0.87625 0.025
vt 0.87625 0.225
vt 0.87625 0.025
vt 0.87625 0.225
vt 0.87625 0.225
vt 0.87625 0.025
vt 0.87625 0.025
vt 0.87625 0.225
vt 0.87625 0.025
vt 0.87625 0.225
vt 0.87625 0.225
vt 0.87625 0.025
vt 0.87625 0.025
vt 0.87625 0.225
vt 0.87625 0.025
vt 0.87625 0.225
vt 0.87625 0.225
vt 0.87625 0.025
vt 0.87625 0.025
vt 0.87625 0.225
vt 0.87625 0.025
vt 0.87625 0.225
vt 0.87625 0.225
vt 0.87625 0.025
vt 0.87625 0.025
vt 0.87625 0.225
vt 0.87625 0.025
vt 0.87625 0.225
vt 0.87625 0.225
vt 0.87625 0.025
vt 0.87625 0.025
vt 0.87625 0.225
vt 0.87625 0.025
vt 0.87625 0.225
vt 0.87625 0.225
vt 0.87625 0.025
vt 0.87625 0.025
vt 0.87625 0.225
vt 0.87625 0.025
vt 0.87625 0.225
vt 0.87625 0.225
vt 0.87625 0.025
vt 0.2625 0.775
vt 0.2625 0.975
vt 0.3125 0.975
vt 0.3125 0.775
vt 0.2625 0.775
vt 0.3125 0.975
vt 0.3125 0.775
vt 0.3125 0.975
vt 0.3625 0.975
vt 0.3625 0.775
vt 0.3125 0.775
vt 0.3625 0.975
vt 0.2625 0.775
vt 0.2625 0.975
vt 0.3125 0.975
vt 0.3125 0.775
vt 0.2625 0.775
vt 0.3125 0.975
vt 0.3125 0.775
vt 0.3125 0.975
vt 0.3625 0.975
vt 0.3625 0.775
vt 0.3125 0.775
vt 0.3625 0.975
vt 0.2625 0.775
vt 0.2625 0.975
vt 0.3125 0.975
vt 0.3125 0.775
vt 0.2625 0.775
vt 0.3125 0.975
vt 0.3125 0.775
vt 0.3125 0.975
vt 0.3625 0.975
vt 0.3625 0.775
vt 0.3125 0.775
vt 0.3625 0.975
vt 0.2625 0.775
vt 0.2625 0.975
vt 0.3125 0.975
vt 0.3125 0.775
vt 0.2625 0.775
vt 0.3125 0.975
vt 0.3125 0.775
vt 0.3125 0.975
vt 0.3625 0.975
vt 0.3625 0.775
vt 0.3125 0.775
vt 0.3625 0.975
vt 0.2625 0.775
vt 0.2625 0.975
vt 0.3125 0.775
vt 0.2625 0.975
vt 0.3125 0.975
vt 0.3125 0.775
vt 0.3125 0.775
vt 0.3125 0.975
vt 0.3625 0.775
vt 0.3125 0.975
vt 0.3625 0.975
vt 0.3625 0.775
vt 0.2625 0.775
vt 0.2625 0.975
vt 0.3125 0.775
vt 0.2625 0.975
vt 0.3125 0.975
vt 0.3125 0.775
vt 0.3125 0.775
vt 0.3125 0.975
vt 0.3625 0.775
vt 0.3125 0.975
vt 0.3625 0.975
vt 0.3625 0.775
vt 0.2625 0.775
vt 0.2625 0.975
vt 0.3125 0.775
vt 0.2625 0.975
vt 0.3125 0.975
vt 0.3125 0.775
vt 0.3125 0.775
vt 0.3125 0.975
vt 0.3625 0.775
vt 0.3125 0.975
vt 0.3625 0.975
vt 0.3625 0.775
vt 0.2625 0.775
vt 0.2625 0.975
vt 0.3125 0.775
vt 0.2625 0.975
vt 0.3125 0.975
vt 0.3125 0.775
vt 0.3125 0.775
vt 0.3125 0.975
vt 0.3625 0.775
vt 0.3125 0.975
vt 0.3625 0.975
vt 0.3625 0.775
vt 0.2625 0.525
vt 0.2625 0.725
vt 0.3125 0.725
vt 0.3125 0.525
vt 0.2625 0.525
vt 0.3125 0.725
vt 0.3125 0.525
vt 0.3125 0.725
vt 0.3625 0.725
vt 0.3625 0.525
vt 0.3125 0.525
vt 0.3625 0.725
vt 0.2625 0.525
vt 0.2625 0.725
vt 0.3125 0.725
vt 0.3125 0.525
vt 0.2625 0.525
vt 0.3125 0.725
vt 0.3125 0.525
vt 0.3125 0.725
vt 0.3625 0.725
vt 0.3625 0.525
vt 0.3125 0.525
vt 0.3625 0.725
vt 0.2625 0.525
vt 0.2625 0.725
vt 0.3125 0.725
vt 0.3125 0.525
vt 0.2625 0.525
vt 0.3125 0.725
vt 0.3125 0.525
vt 0.3125 0.725
vt 0.3625 0.725
vt 0.3625 0.525
vt 0.3125 0.525
vt 0.3625 0.725
vt 0.2625 0.525
vt 0.2625 0.725
vt 0.3125 0.725
vt 0.3125 0.525
vt 0.2625 0.525
vt 0.3125 0.725
vt 0.3125 0.525
vt 0.3125 0.725
vt 0.3625 0.725
vt 0.3625 0.525
vt 0.3125 0.525
vt 0.3625 0.725
vt 0.2625 0.525
vt 0.2625 0.725
vt 0.3125 0.525
vt 0.2625 0.725
vt 0.3125 0.725
vt 0.3125 0.525
vt 0.3125 0.525
vt 0.3125 0.725
vt 0.3625 0.525
vt 0.3125 0.725
vt 0.3625 0.725
vt 0.3625 0.525
vt 0.2625 0.525
vt 0.2625 0.725
vt 0.3125 0.525
vt 0.2625 0.725
vt 0.3125 0.725
vt 0.3125 0.525
vt 0.3125 0.525
vt 0.3125 0.725
vt 0.3625 0.525
vt 0.3125 0.725
vt 0.3625 0.725
vt 0.3625 0.525
vt 0.2625 0.525
vt 0.2625 0.725
vt 0.3125 0.525
vt 0.2625 0.725
vt 0.3125 0.725
vt 0.3125 0.525
vt 0.3125 0.525
vt 0.3125 0.725
vt 0.3625 0.525
vt 0.3125 0.725
vt 0.3625 0.725
vt 0.3625 0.525
vt 0.2625 0.525
vt 0.2625 0.725
vt 0.3125 0.525
vt 0.2625 0.725
vt 0.3125 0.725
vt 0.3125 0.525
vt 0.3125 0.525
vt 0.3125 0.725
vt 0.3625 0.525
vt 0.3125 0.725
vt 0.3625 0.725
vt 0.3625 0.525
vt 0.87625 0.025
vt 0.87625 0.225
vt 0.87625 0.225
vt 0.87625 0.025
vt 0.87625 0.025
vt 0.87625 0.225
vt 0.87625 0.025
vt 0.87625 0.225
vt 0.87625 0.225
vt 0.87625 0.025
vt 0.87625 0.025
vt 0.87625 0.225
vt 0.87625 0.025
vt 0.87625 0.225
vt 0.87625 0.225
vt 0.87625 0.025
vt 0.87625 0.025
vt 0.87625 0.225
vt 0.87625 0.025
vt 0.87625 0.225
vt 0.87625 0.225
vt 0.87625 0.025
vt 0.87625 0.025
vt 0.87625 0.225
vt 0.87625 0.025
vt 0.87625 0.225
vt 0.87625 0.225
vt 0.87625 0.025
vt 0.87625 0.025
vt 0.87625 0.225
vt 0.87625 0.025
vt 0.87625 0.225
vt 0.87625 0.225
vt 0.87625 0.025
vt 0.87625 0.025
vt 0.87625 0.225
vt 0.87625 0.025
vt 0.87625 0.225
vt 0.87625 0.225
vt 0.87625 0.025
vt 0.87625 0.025
vt 0.87625 0.225
vt 0.87625 0.025
vt 0.87625 0.225
vt 0.87625 0.225
vt 0.87625 0.025
vt 0.87625 0.025
vt 0.87625 0.225
vt 0.87625 0.025
vt 0.87625 0.225
vt 0.87625 0.025
vt 0.87625 0.225
vt 0.87625 0.225
vt 0.87625 0.025
vt 0.87625 0.025
vt 0.87625 0.225
vt 0.87625 0.025
vt 0.87625 0.225
vt 0.87625 0.225
vt 0.87625 0.025
vt 0.87625 0.025
vt 0.87625 0.225
vt 0.87625 0.025
vt 0.87625 0.225
vt 0.87625 0.225
vt 0.87625 0.025
vt 0.87625 0.025
vt 0.87625 0.225
vt 0.87625 0.025
vt 0.87625 0.225
vt 0.87625 0.225
vt 0.87625 0.025
vt 0.87625 0.025
vt 0.87625 0.225
vt 0.87625 0.025
vt 0.87625 0.225
vt 0.87625 0.225
vt 0.87625 0.025
vt 0.87625 0.025
vt 0.87625 0.225
vt 0.87625 0.025
vt 0.87625 0.225
vt 0.87625 0.225
vt 0.87625 0.025
vt 0.87625 0.025
vt 0.87625 0.225
vt 0.87625 0.025
vt 0.87625 0.225
vt 0.87625 0.225
vt 0.87625 0.025
vt 0.87625 0.025
vt 0.87625 0.225
vt 0.87625 0.025
vt 0.87625 0.225
vt 0.87625 0.225
vt 0.87625 0.025
vt 0.4375 0.775
vt 0.4375 0.975
vt 0.45 0.975
vt 0.45 0.775
vt 0.4375 0.775
vt 0.45 0.975
vt 0.45 0.775
vt 0.45 0.975
vt 0.4625 0.975
vt 0.4625 0.775
vt 0.45 0.775
vt 0.4625 0.975
vt 0.4625 0.775
vt 0.4625 0.975
vt 0.475 0.975
vt 0.475 0.775
vt 0.4625 0.775
vt 0.475 0.975
vt 0.475 0.775
vt 0.475 0.975
vt 0.4875 0.975
vt 0.4875 0.775
vt 0.475 0.775
vt 0.4875 0.975
vt 0.3875 0.775
vt 0.3875 0.975
vt 0.4 0.975
vt 0.4 0.775
vt 0.3875 0.775
vt 0.4 0.975
vt 0.4 0.775
vt 0.4 0.975
vt 0.4125 0.975
vt 0.4125 0.775
vt 0.4 0.775
vt 0.4125 0.975
vt 0.4125 0.775
vt 0.4125 0.975
vt 0.425 0.975
vt 0.425 0.775
vt 0.4125 0.775
vt 0.425 0.975
vt 0.425 0.775
vt 0.425 0.975
vt 0.4375 0.975
vt 0.4375 0.775
vt 0.425 0.775
vt 0.4375 0.975
vt 0.4375 0.775
vt 0.4375 0.975
vt 0.45 0.775
vt 0.4375 0.975
vt 0.45 0.975
vt 0.45 0.775
vt 0.45 0.775
vt 0.45 0.975
vt 0.4625 0.775
vt 0.45 0.975
vt 0.4625 0.975
vt 0.4625 0.775
vt 0.4625 0.775
vt 0.4625 0.975
vt 0.475 0.775
vt 0.4625 0.975
vt 0.475 0.975
vt 0.475 0.775
vt 0.475 0.775
vt 0.475 0.975
vt 0.4875 0.775
vt 0.475 0.975
vt 0.4875 0.975
vt 0.4875 0.775
vt 0.3875 0.775
vt 0.3875 0.975
vt 0.4 0.775
vt 0.3875 0.975
vt 0.4 0.975
vt 0.4 0.775
vt 0.4 0.775
vt 0.4 0.975
vt 0.4125 0.775
vt 0.4 0.975
vt 0.4125 0.975
vt 0.4125 0.775
vt 0.4125 0.775
vt 0.4125 0.975
vt 0.425 0.775
vt 0.4125 0.975
vt 0.425 0.975
vt 0.425 0.775
vt 0.425 0.775
vt 0.425 0.975
vt 0.4375 0.775
vt 0.425 0.975
vt 0.4375 0.975
vt 0.4375 0.775
vt 0.5625 0.775
vt 0.5625 0.975
vt 0.575 0.975
vt 0.575 0.775
vt 0.5625 0.775
vt 0.575 0.975
vt 0.575 0.775
vt 0.575 0.975
vt 0.5875 0.975
vt 0.5875 0.775
vt 0.575 0.775
vt 0.5875 0.975
vt 0.5875 0.775
vt 0.5875 0.975
vt 0.6 0.975
vt 0.6 0.775
vt 0.5875 0.775
vt 0.6 0.975
vt 0.6 0.775
vt 0.6 0.975
vt 0.6125 0.975
vt 0.6125 0.775
vt 0.6 0.775
vt 0.6125 0.975
vt 0.5125 0.775
vt 0.5125 0.975
vt 0.525 0.975
vt 0.525 0.775
vt 0.5125 0.775
vt 0.525 0.975
vt 0.525 0.775
vt 0.525 0.975
vt 0.5375 0.975
vt 0.5375 0.775
vt 0.525 0.775
vt 0.5375 0.975
vt 0.5375 0.775
vt 0.5375 0.975
vt 0.55 0.975
vt 0.55 0.775
vt 0.5375 0.775
vt 0.55 0.975
vt 0.55 0.775
vt 0.55 0.975
vt 0.5625 0.975
vt 0.5625 0.775
vt 0.55 0.775
vt 0.5625 0.975
vt 0.5625 0.775
vt 0.5625 0.975
vt 0.575 0.775
vt 0.5625 0.975
vt 0.575 0.975
vt 0.575 0.775
vt 0.575 0.775
vt 0.575 0.975
vt 0.5875 0.775
vt 0.575 0.975
vt 0.5875 0.975
vt 0.5875 0.775
vt 0.5875 0.775
vt 0.5875 0.975
vt 0.6 0.775
vt 0.5875 0.975
vt 0.6 0.975
vt 0.6 0.775
vt 0.6 0.775
vt 0.6 0.975
vt 0.6125 0.775
vt 0.6 0.975
vt 0.6125 0.975
vt 0.6125 0.775
vt 0.5125 0.775
vt 0.5125 0.975
vt 0.525 0.775
vt 0.5125 0.975
vt 0.525 0.975
vt 0.525 0.775
vt 0.525 0.775
vt 0.525 0.975
vt 0.5375 0.775
vt 0.525 0.975
vt 0.5375 0.975
vt 0.5375 0.775
vt 0.5375 0.775
vt 0.5375 0.975
vt 0.55 0.775
vt 0.5375 0.975
vt 0.55 0.975
vt 0.55 0.775
vt 0.55 0.775
vt 0.55 0.975
vt 0.5625 0.775
vt 0.55 0.975
vt 0.5625 0.975
vt 0.5625 0.775
vt 0.4375 0.525
vt 0.4375 0.725
vt 0.45 0.725
vt 0.45 0.525
vt 0.4375 0.525
vt 0.45 0.725
vt 0.45 0.525
vt 0.45 0.725
vt 0.4625 0.725
vt 0.4625 0.525
vt 0.45 0.525
vt 0.4625 0.725
vt 0.4625 0.525
vt 0.4625 0.725
vt 0.475 0.725
vt 0.475 0.525
vt 0.4625 0.525
vt 0.475 0.725
vt 0.475 0.525
vt 0.475 0.725
vt 0.4875 0.725
vt 0.4875 0.525
vt 0.475 0.525
vt 0.4875 0.725
vt 0.3875 0.525
vt 0.3875 0.725
vt 0.4 0.725
vt 0.4 0.525
vt 0.3875 0.525
vt 0.4 0.725
vt 0.4 0.525
vt 0.4 0.725
vt 0.4125 0.725
vt 0.4125 0.525
vt 0.4 0.525
vt 0.4125 0.725
vt 0.4125 0.525
vt 0.4125 0.725
vt 0.425 0.725
vt 0.425 0.525
vt 0.4125 0.525
vt 0.425 0.725
vt 0.425 0.525
vt 0.425 0.725
vt 0.4375 0.725
vt 0.4375 0.525
vt 0.425 0.525
vt 0.4375 0.725
vt 0.4375 0.525
vt 0.4375 0.725
vt 0.45 0.525
vt 0.4375 0.725
vt 0.45 0.725
vt 0.45 0.525
vt 0.45 0.525
vt 0.45 0.725
vt 0.4625 0.525
vt 0.45 0.725
vt 0.4625 0.725
vt 0.4625 0.525
vt 0.4625 0.525
vt 0.4625 0.725
vt 0.475 0.525
vt 0.4625 0.725
vt 0.475 0.725
vt 0.475 0.525
vt 0.475 0.525
vt 0.475 0.725
vt 0.4875 0.525
vt 0.475 0.725
vt 0.4875 0.725
vt 0.4875 0.525
vt 0.3875 0.525
vt 0.3875 0.725
vt 0.4 0.525
vt 0.3875 0.725
vt 0.4 0.725
vt 0.4 0.525
vt 0.4 0.525
vt 0.4 0.725
vt 0.4125 0.525
vt 0.4 0.725
vt 0.4125 0.725
vt 0.4125 0.525
vt 0.4125 0.525
vt 0.4125 0.725
vt 0.425 0.525
vt 0.4125 0.725
vt 0.425 0.725
vt 0.425 0.525
vt 0.425 0.525
vt 0.425 0.725
vt 0.4375 0.525
vt 0.425 0.725
vt 0.4375 0.725
vt 0.4375 0.525
vt 0.5625 0.525
vt 0.5625 0.725
vt 0.575 0.725
vt 0.575 0.525
vt 0.5625 0.525
vt 0.575 0.725
vt 0.575 0.525
vt 0.575 0.725
vt 0.5875 0.725
vt 0.5875 0.525
vt 0.575 0.525
vt 0.5875 0.725
vt 0.5875 0.525
vt 0.5875 0.725
vt 0.6 0.725
vt 0.6 0.525
vt 0.5875 0.525
vt 0.6 0.725
vt 0.6 0.525
vt 0.6 0.725
vt 0.6125 0.725
vt 0.6125 0.525
vt 0.6 0.525
vt 0.6125 0.725
vt 0.5125 0.525
vt 0.5125 0.725
vt 0.525 0.725
vt 0.525 0.525
vt 0.5125 0.525
vt 0.525 0.725
vt 0.525 0.525
vt 0.525 0.725
vt 0.5375 0.725
vt 0.5375 0.525
vt 0.525 0.525
vt 0.5375 0.725
vt 0.5375 0.525
vt 0.5375 0.725
vt 0.55 0.725
vt 0.55 0.525
vt 0.5375 0.525
vt 0.55 0.725
vt 0.55 0.525
vt 0.55 0.725
vt 0.5625 0.725
vt 0.5625 0.525
vt 0.55 0.525
vt 0.5625 0.725
vt 0.5625 0.525
vt 0.5625 0.725
vt 0.575 0.525
vt 0.5625 0.725
vt 0.575 0.725
vt 0.575 0.525
vt 0.575 0.525
vt 0.575 0.725
vt 0.5875 0.525
vt 0.575 0.725
vt 0.5875 0.725
vt 0.5875 0.525
vt 0.5875 0.525
vt 0.5875 0.725
vt 0.6 0.525
vt 0.5875 0.725
vt 0.6 0.725
vt 0.6 0.525
vt 0.6 0.525
vt 0.6 0.725
vt 0.6125 0.525
vt 0.6 0.725
vt 0.6125 0.725
vt 0.6125 0.525
vt 0.5125 0.525
vt 0.5125 0.725
vt 0.525 0.525
vt 0.5125 0.725
vt 0.525 0.725
vt 0.525 0.525
vt 0.525 0.525
vt 0.525 0.725
vt 0.5375 0.525
vt 0.525 0.725
vt 0.5375 0.725
vt 0.5375 0.525
vt 0.5375 0.525
vt 0.5375 0.725
vt 0.55 0.525
vt 0.5375 0.725
vt 0.55 0.725
vt 0.55 0.525
vt 0.55 0.525
vt 0.55 0.725
vt 0.5625 0.525
vt 0.55 0.725
vt 0.5625 0.725
vt 0.5625 0.525
vt 0.1875 0.275
vt 0.1875 0.475
vt 0.2 0.475
vt 0.2 0.275
vt 0.1875 0.275
vt 0.2 0.475
vt 0.2 0.275
vt 0.2 0.475
vt 0.2125 0.475
vt 0.2125 0.275
vt 0.2 0.275
vt 0.2125 0.475
vt 0.2125 0.275
vt 0.2125 0.475
vt 0.225 0.475
vt 0.225 0.275
vt 0.2125 0.275
vt 0.225 0.475
vt 0.225 0.275
vt 0.225 0.475
vt 0.2375 0.475
vt 0.2375 0.275
vt 0.225 0.275
vt 0.2375 0.475
vt 0.1375 0.275
vt 0.1375 0.475
vt 0.15 0.475
vt 0.15 0.275
vt 0.1375 0.275
vt 0.15 0.475
vt 0.15 0.275
vt 0.15 0.475
vt 0.1625 0.475
vt 0.1625 0.275
vt 0.15 0.275
vt 0.1625 0.475
vt 0.1625 0.275
vt 0.1625 0.475
vt 0.175 0.475
vt 0.175 0.275
vt 0.1625 0.275
vt 0.175 0.475
vt 0.175 0.275
vt 0.175 0.475
vt 0.1875 0.475
vt 0.1875 0.275
vt 0.175 0.275
vt 0.1875 0.475
vt 0.1875 0.275
vt 0.1875 0.475
vt 0.2 0.275
vt 0.1875 0.475
vt 0.2 0.475
vt 0.2 0.275
vt 0.2 0.275
vt 0.2 0.475
vt 0.2125 0.275
vt 0.2 0.475
vt 0.2125 0.475
vt 0.2125 0.275
vt 0.2125 0.275
vt 0.2125 0.475
vt 0.225 0.275
vt 0.2125 0.475
vt 0.225 0.475
vt 0.225 0.275
vt 0.225 0.275
vt 0.225 0.475
vt 0.2375 0.275
vt 0.225 0.475
vt 0.2375 0.475
vt 0.2375 0.275
vt 0.1375 0.275
vt 0.1375 0.475
vt 0.15 0.275
vt 0.1375 0.475
vt 0.15 0.475
vt 0.15 0.275
vt 0.15 0.275
vt 0.15 0.475
vt 0.1625 0.275
vt 0.15 0.475
vt 0.1625 0.475
vt 0.1625 0.275
vt 0.1625 0.275
vt 0.1625 0.475
vt 0.175 0.275
vt 0.1625 0.475
vt 0.175 0.475
vt 0.175 0.275
vt 0.175 0.275
vt 0.175 0.475
vt 0.1875 0.275
vt 0.175 0.475
vt 0.1875 0.475
vt 0.1875 0.275
vt 0.8125 0.775
vt 0.8125 0.975
vt 0.825 0.975
vt 0.825 0.775
vt 0.8125 0.775
vt 0.825 0.975
vt 0.825 0.775
vt 0.825 0.975
vt 0.8375 0.975
vt 0.8375 0.775
vt 0.825 0.775
vt 0.8375 0.975
vt 0.8375 0.775
vt 0.8375 0.975
vt 0.85 0.975
vt 0.85 0.775
vt 0.8375 0.775
vt 0.85 0.975
vt 0.85 0.775
vt 0.85 0.975
vt 0.8625 0.975
vt 0.8625 0.775
vt 0.85 0.775
vt 0.8625 0.975
vt 0.7625 0.775
vt 0.7625 0.975
vt 0.775 0.975
vt 0.775 0.775
vt 0.7625 0.775
vt 0.775 0.975
vt 0.775 0.775
vt 0.775 0.975
vt 0.7875 0.975
vt 0.7875 0.775
vt 0.775 0.775
vt 0.7875 0.975
vt 0.7875 0.775
vt 0.7875 0.975
vt 0.8 0.975
vt 0.8 0.775
vt 0.7875 0.775
vt 0.8 0.975
vt 0.8 0.775
vt 0.8 0.975
vt 0.8125 0.975
vt 0.8125 0.775
vt 0.8 0.775
vt 0.8125 0.975
vt 0.8125 0.775
vt 0.8125 0.975
vt 0.825 0.775
vt 0.8125 0.975
vt 0.825 0.975
vt 0.825 0.775
vt 0.825 0.775
vt 0.825 0.975
vt 0.8375 0.775
vt 0.825 0.975
vt 0.8375 0.975
vt 0.8375 0.775
vt 0.8375 0.775
vt 0.8375 0.975
vt 0.85 0.775
vt 0.8375 0.975
vt 0.85 0.975
vt 0.85 0.775
vt 0.85 0.775
vt 0.85 0.975
vt 0.8625 0.775
vt 0.85 0.975
vt 0.8625 0.975
vt 0.8625 0.775
vt 0.7625 0.775
vt 0.7625 0.975
vt 0.775 0.775
vt 0.7625 0.975
vt 0.775 0.975
vt 0.775 0.775
vt 0.775 0.775
vt 0.775 0.975
vt 0.7875 0.775
vt 0.775 0.975
vt 0.7875 0.975
vt 0.7875 0.775
vt 0.7875 0.775
vt 0.7875 0.975
vt 0.8 0.775
vt 0.7875 0.975
vt 0.8 0.975
vt 0.8 0.775
vt 0.8 0.775
vt 0.8 0.975
vt 0.8125 0.775
vt 0.8 0.975
vt 0.8125 0.975
vt 0.8125 0.775
vt 0.1875 0.275
vt 0.1875 0.475
vt 0.2 0.475
vt 0.2 0.275
vt 0.1875 0.275
vt 0.2 0.475
vt 0.2 0.275
vt 0.2 0.475
vt 0.2125 0.475
vt 0.2125 0.275
vt 0.2 0.275
vt 0.2125 0.475
vt 0.2125 0.275
vt 0.2125 0.475
vt 0.225 0.475
vt 0.225 0.275
vt 0.2125 0.275
vt 0.225 0.475
vt 0.225 0.275
vt 0.225 0.475
vt 0.2375 0.475
vt 0.2375 0.275
vt 0.225 0.275
vt 0.2375 0.475
vt 0.1375 0.275
vt 0.1375 0.475
vt 0.15 0.475
vt 0.15 0.275
vt 0.1375 0.275
vt 0.15 0.475
vt 0.15 0.275
vt 0.15 0.475
vt 0.1625 0.475
vt 0.1625 0.275
vt 0.15 0.275
vt 0.1625 0.475
vt 0.1625 0.275
vt 0.1625 0.475
vt 0.175 0.475
vt 0.175 0.275
vt 0.1625 0.275
vt 0.175 0.475
vt 0.175 0.275
vt 0.175 0.475
vt 0.1875 0.475
vt 0.1875 0.275
vt 0.175 0.275
vt 0.1875 0.475
vt 0.1875 0.275
vt 0.1875 0.475
vt 0.2 0.275
vt 0.1875 0.475
vt 0.2 0.475
vt 0.2 0.275
vt 0.2 0.275
vt 0.2 0.475
vt 0.2125 0.275
vt 0.2 0.475
vt 0.2125 0.475
vt 0.2125 0.275
vt 0.2125 0.275
vt 0.2125 0.475
vt 0.225 0.275
vt 0.2125 0.475
vt 0.225 0.475
vt 0.225 0.275
vt 0.225 0.275
vt 0.225 0.475
vt 0.2375 0.275
vt 0.225 0.475
vt 0.2375 0.475
vt 0.2375 0.275
vt 0.1375 0.275
vt 0.1375 0.475
vt 0.15 0.275
vt 0.1375 0.475
vt 0.15 0.475
vt 0.15 0.275
vt 0.15 0.275
vt 0.15 0.475
vt 0.1625 0.275
vt 0.15 0.475
vt 0.1625 0.475
vt 0.1625 0.275
vt 0.1625 0.275
vt 0.1625 0.475
vt 0.175 0.275
vt 0.1625 0.475
vt 0.175 0.475
vt 0.175 0.275
vt 0.175 0.275
vt 0.175 0.475
vt 0.1875 0.275
vt 0.175 0.475
vt 0.1875 0.475
vt 0.1875 0.275
vt 0.5625 0.775
vt 0.5625 0.975
vt 0.575 0.975
vt 0.575 0.775
vt 0.5625 0.775
vt 0.575 0.975
vt 0.575 0.775
vt 0.575 0.975
vt 0.5875 0.975
vt 0.5875 0.775
vt 0.575 0.775
vt 0.5875 0.975
vt 0.5875 0.775
vt 0.5875 0.975
vt 0.6 0.975
vt 0.6 0.775
vt 0.5875 0.775
vt 0.6 0.975
vt 0.6 0.775
vt 0.6 0.975
vt 0.6125 0.975
vt 0.6125 0.775
vt 0.6 0.775
vt 0.6125 0.975
vt 0.5125 0.775
vt 0.5125 0.975
vt 0.525 0.975
vt 0.525 0.775
vt 0.5125 0.775
vt 0.525 0.975
vt 0.525 0.775
vt 0.525 0.975
vt 0.5375 0.975
vt 0.5375 0.775
vt 0.525 0.775
vt 0.5375 0.975
vt 0.5375 0.775
vt 0.5375 0.975
vt 0.55 0.975
vt 0.55 0.775
vt 0.5375 0.775
vt 0.55 0.975
vt 0.55 0.775
vt 0.55 0.975
vt 0.5625 0.975
vt 0.5625 0.775
vt 0.55 0.775
vt 0.5625 0.975
vt 0.5625 0.775
vt 0.5625 0.975
vt 0.575 0.775
vt 0.5625 0.975
vt 0.575 0.975
vt 0.575 0.775
vt 0.575 0.775
vt 0.575 0.975
vt 0.5875 0.775
vt 0.575 0.975
vt 0.5875 0.975
vt 0.5875 0.775
vt 0.5875 0.775
vt 0.5875 0.975
vt 0.6 0.775
vt 0.5875 0.975
vt 0.6 0.975
vt 0.6 0.775
vt 0.6 0.775
vt 0.6 0.975
vt 0.6125 0.775
vt 0.6 0.975
vt 0.6125 0.975
vt 0.6125 0.775
vt 0.5125 0.775
vt 0.5125 0.975
vt 0.525 0.775
vt 0.5125 0.975
vt 0.525 0.975
vt 0.525 0.775
vt 0.525 0.775
vt 0.525 0.975
vt 0.5375 0.775
vt 0.525 0.975
vt 0.5375 0.975
vt 0.5375 0.775
vt 0.5375 0.775
vt 0.5375 0.975
vt 0.55 0.775
vt 0.5375 0.975
vt 0.55 0.975
vt 0.55 0.775
vt 0.55 0.775
vt 0.55 0.975
vt 0.5625 0.775
vt 0.55 0.975
vt 0.5625 0.975
vt 0.5625 0.775
vt 0.5625 0.525
vt 0.5625 0.725
vt 0.575 0.725
vt 0.575 0.525
vt 0.5625 0.525
vt 0.575 0.725
vt 0.575 0.525
vt 0.575 0.725
vt 0.5875 0.725
vt 0.5875 0.525
vt 0.575 0.525
vt 0.5875 0.725
vt 0.5875 0.525
vt 0.5875 0.725
vt 0.6 0.725
vt 0.6 0.525
vt 0.5875 0.525
vt 0.6 0.725
vt 0.6 0.525
vt 0.6 0.725
vt 0.6125 0.725
vt 0.6125 0.525
vt 0.6 0.525
vt 0.6125 0.725
vt 0.5125 0.525
vt 0.5125 0.725
vt 0.525 0.725
vt 0.525 0.525
vt 0.5125 0.525
vt 0.525 0.725
vt 0.525 0.525
vt 0.525 0.725
vt 0.5375 0.725
vt 0.5375 0.525
vt 0.525 0.525
vt 0.5375 0.725
vt 0.5375 0.525
vt 0.5375 0.725
vt 0.55 0.725
vt 0.55 0.525
vt 0.5375 0.525
vt 0.55 0.725
vt 0.55 0.525
vt 0.55 0.725
vt 0.5625 0.725
vt 0.5625 0.525
vt 0.55 0.525
vt 0.5625 0.725
vt 0.5625 0.525
vt 0.5625 0.725
vt 0.575 0.525
vt 0.5625 0.725
vt 0.575 0.725
vt 0.575 0.525
vt 0.575 0.525
vt 0.575 0.725
vt 0.5875 0.525
vt 0.575 0.725
vt 0.5875 0.725
vt 0.5875 0.525
vt 0.5875 0.525
vt 0.5875 0.725
vt 0.6 0.525
vt 0.5875 0.725
vt 0.6 0.725
vt 0.6 0.525
vt 0.6 0.525
vt 0.6 0.725
vt 0.6125 0.525
vt 0.6 0.725
vt 0.6125 0.725
vt 0.6125 0.525
vt 0.5125 0.525
vt 0.5125 0.725
vt 0.525 0.525
vt 0.5125 0.725
vt 0.525 0.725
vt 0.525 0.525
vt 0.525 0.525
vt 0.525 0.725
vt 0.5375 0.525
vt 0.525 0.725
vt 0.5375 0.725
vt 0.5375 0.525
vt 0.5375 0.525
vt 0.5375 0.725
vt 0.55 0.525
vt 0.5375 0.725
vt 0.55 0.725
vt 0.55 0.525
vt 0.55 0.525
vt 0.55 0.725
vt 0.5625 0.525
vt 0.55 0.725
vt 0.5625 0.725
vt 0.5625 0.525
vt 0.87625 0.025
vt 0.87625 0.225
vt 0.87625 0.225
vt 0.87625 0.025
vt 0.87625 0.025
vt 0.87625 0.225
vt 0.87625 0.025
vt 0.87625 0.225
vt 0.87625 0.225
vt 0.87625 0.025
vt 0.87625 0.025
vt 0.87625 0.225
vt 0.87625 0.025
vt 0.87625 0.225
vt 0.87625 0.225
vt 0.87625 0.025
vt 0.87625 0.025
vt 0.87625 0.225
vt 0.87625 0.025
vt 0.87625 0.225
vt 0.87625 0.225
vt 0.87625 0.025
vt 0.87625 0.025
vt 0.87625 0.225
vt 0.87625 0.025
vt 0.87625 0.225
vt 0.87625 0.225
vt 0.87625 0.025
vt 0.87625 0.025
vt 0.87625 0.225
vt 0.87625 0.025
vt 0.87625 0.225
vt 0.87625 0.225
vt 0.87625 0.025
vt 0.87625 0.025
vt 0.87625 0.225
vt 0.87625 0.025
vt 0.87625 0.225
vt 0.87625 0.225
vt 0.87625 0.025
vt 0.87625 0.025
vt 0.87625 0.225
vt 0.87625 0.025
vt 0.87625 0.225
vt 0.87625 0.225
vt 0.87625 0.025
vt 0.87625 0.025
vt 0.87625 0.225
vt 0.87625 0.025
vt 0.87625 0.225
vt 0.87625 0.025
vt 0.87625 0.225
vt 0.87625 0.225
vt 0.87625 0.025
vt 0.87625 0.025
vt 0.87625 0.225
vt 0.87625 0.025
vt 0.87625 0.225
vt 0.87625 0.225
vt 0.87625 0.025
vt 0.87625 0.025
vt 0.87625 0.225
vt 0.87625 0.025
vt 0.87625 0.225
vt 0.87625 0.225
vt 0.87625 0.025
vt 0.87625 0.025
vt 0.87625 0.225
vt 0.87625 0.025
vt 0.87625 0.225
vt 0.87625 0.225
vt 0.87625 0.025
vt 0.87625 0.025
vt 0.87625 0.225
vt 0.87625 0.025
vt 0.87625 0.225
vt 0.87625 0.225
vt 0.87625 0.025
vt 0.87625 0.025
vt 0.87625 0.225
vt 0.87625 0.025
vt 0.87625 0.225
vt 0.87625 0.225
vt 0.87625 0.025
vt 0.87625 0.025
vt 0.87625 0.225
vt 0.87625 0.025
vt 0.87625 0.225
vt 0.87625 0.225
vt 0.87625 0.025
vt 0.87625 0.025
vt 0.87625 0.225
vt 0.87625 0.025
vt 0.87625 0.225
vt 0.87625 0.225
vt 0.87625 0.025
vt 0.3125 0.775
vt 0.3125 0.975
vt 0.325 0.975
vt 0.325 0.775
vt 0.3125 0.775
vt 0.325 0.975
vt 0.325 0.775
vt 0.325 0.975
vt 0.3375 0.975
vt 0.3375 0.775
vt 0.325 0.775
vt 0.3375 0.975
vt 0.3375 0.775
vt 0.3375 0.975
vt 0.35 0.975
vt 0.35 0.775
vt 0.3375 0.775
vt 0.35 0.975
vt 0.35 0.775
vt 0.35 0.975
vt 0.3625 0.975
vt 0.3625 0.775
vt 0.35 0.775
vt 0.3625 0.975
vt 0.2625 0.775
vt 0.2625 0.975
vt 0.275 0.975
vt 0.275 0.775
vt 0.2625 0.775
vt 0.275 0.975
vt 0.275 0.775
vt 0.275 0.975
vt 0.2875 0.975
vt 0.2875 0.775
vt 0.275 0.775
vt 0.2875 0.975
vt 0.2875 0.775
vt 0.2875 0.975
vt 0.3 0.975
vt 0.3 0.775
vt 0.2875 0.775
vt 0.3 0.975
vt 0.3 0.775
vt 0.3 0.975
vt 0.3125 0.975
vt 0.3125 0.775
vt 0.3 0.775
vt 0.3125 0.975
vt 0.3125 0.775
vt 0.3125 0.975
vt 0.325 0.775
vt 0.3125 0.975
vt 0.325 0.975
vt 0.325 0.775
vt 0.325 0.775
vt 0.325 0.975
vt 0.3375 0.775
vt 0.325 0.975
vt 0.3375 0.975
vt 0.3375 0.775
vt 0.3375 0.775
vt 0.3375 0.975
vt 0.35 0.775
vt 0.3375 0.975
vt 0.35 0.975
vt 0.35 0.775
vt 0.35 0.775
vt 0.35 0.975
vt 0.3625 0.775
vt 0.35 0.975
vt 0.3625 0.975
vt 0.3625 0.775
vt 0.2625 0.775
vt 0.2625 0.975
vt 0.275 0.775
vt 0.2625 0.975
vt 0.275 0.975
vt 0.275 0.775
vt 0.275 0.775
vt 0.275 0.975
vt 0.2875 0.775
vt 0.275 0.975
vt 0.2875 0.975
vt 0.2875 0.775
vt 0.2875 0.775
vt 0.2875 0.975
vt 0.3 0.775
vt 0.2875 0.975
vt 0.3 0.975
vt 0.3 0.775
vt 0.3 0.775
vt 0.3 0.975
vt 0.3125 0.775
vt 0.3 0.975
vt 0.3125 0.975
vt 0.3125 0.775
vt 0.3125 0.525
vt 0.3125 0.725
vt 0.325 0.725
vt 0.325 0.525
vt 0.3125 0.525
vt 0.325 0.725
vt 0.325 0.525
vt 0.325 0.725
vt 0.3375 0.725
vt 0.3375 0.525
vt 0.325 0.525
vt 0.3375 0.725
vt 0.3375 0.525
vt 0.3375 0.725
vt 0.35 0.725
vt 0.35 0.525
vt 0.3375 0.525
vt 0.35 0.725
vt 0.35 0.525
vt 0.35 0.725
vt 0.3625 0.725
vt 0.3625 0.525
vt 0.35 0.525
vt 0.3625 0.725
vt 0.2625 0.525
vt 0.2625 0.725
vt 0.275 0.725
vt 0.275 0.525
vt 0.2625 0.525
vt 0.275 0.725
vt 0.275 0.525
vt 0.275 0.725
vt 0.2875 0.725
vt 0.2875 0.525
vt 0.275 0.525
vt 0.2875 0.725
vt 0.2875 0.525
vt 0.2875 0.725
vt 0.3 0.725
vt 0.3 0.525
vt 0.2875 0.525
vt 0.3 0.725
vt 0.3 0.525
vt 0.3 0.725
vt 0.3125 0.725
vt 0.3125 0.525
vt 0.3 0.525
vt 0.3125 0.725
vt 0.3125 0.525
vt 0.3125 0.725
vt 0.325 0.525
vt 0.3125 0.725
vt 0.325 0.725
vt 0.325 0.525
vt 0.325 0.525
vt 0.325 0.725
vt 0.3375 0.525
vt 0.325 0.725
vt 0.3375 0.725
vt 0.3375 0.525
vt 0.3375 0.525
vt 0.3375 0.725
vt 0.35 0.525
vt 0.3375 0.725
vt 0.35 0.725
vt 0.35 0.525
vt 0.35 0.525
vt 0.35 0.725
vt 0.3625 0.525
vt 0.35 0.725
vt 0.3625 0.725
vt 0.3625 0.525
vt 0.2625 0.525
vt 0.2625 0.725
vt 0.275 0.525
vt 0.2625 0.725
vt 0.275 0.725
vt 0.275 0.525
vt 0.275 0.525
vt 0.275 0.725
vt 0.2875 0.525
vt 0.275 0.725
vt 0.2875 0.725
vt 0.2875 0.525
vt 0.2875 0.525
vt 0.2875 0.725
vt 0.3 0.525
vt 0.2875 0.725
vt 0.3 0.725
vt 0.3 0.525
vt 0.3 0.525
vt 0.3 0.725
vt 0.3125 0.525
vt 0.3 0.725
vt 0.3125 0.725
vt 0.3125 0.525
vt 0.87625 0.025
vt 0.87625 0.225
vt 0.87625 0.225
vt 0.87625 0.025
vt 0.87625 0.025
vt 0.87625 0.225
vt 0.87625 0.025
vt 0.87625 0.225
vt 0.87625 0.225
vt 0.87625 0.025
vt 0.87625 0.025
vt 0.87625 0.225
vt 0.87625 0.025
vt 0.87625 0.225
vt 0.87625 0.225
vt 0.87625 0.025
vt 0.87625 0.025
vt 0.87625 0.225
vt 0.87625 0.025
vt 0.87625 0.225
vt 0.87625 0.225
vt 0.87625 0.025
vt 0.87625 0.025
vt 0.87625 0.225
vt 0.87625 0.025
vt 0.87625 0.225
vt 0.87625 0.225
vt 0.87625 0.025
vt 0.87625 0.025
vt 0.87625 0.225
vt 0.87625 0.025
vt 0.87625 0.225
vt 0.87625 0.225
vt 0.87625 0.025
vt 0.87625 0.025
vt 0.87625 0.225
vt 0.87625 0.025
vt 0.87625 0.225
vt 0.87625 0.225
vt 0.87625 0.025
vt 0.87625 0.025
vt 0.87625 0.225
vt 0.87625 0.025
vt 0.87625 0.225
vt 0.87625 0.225
vt 0.87625 0.025
vt 0.87625 0.025
vt 0.87625 0.225
vt 0.87625 0.025
vt 0.87625 0.225
vt 0.87625 0.025
vt 0.87625 0.225
vt 0.87625 0.225
vt 0.87625 0.025
vt 0.87625 0.025
vt 0.87625 0.225
vt 0.87625 0.025
vt 0.87625 0.225
vt 0.87625 0.225
vt 0.87625 0.025
vt 0.87625 0.025
vt 0.87625 0.225
vt 0.87625 0.025
vt 0.87625 0.225
vt 0.87625 0.225
vt 0.87625 0.025
vt 0.87625 0.025
vt 0.87625 0.225
vt 0.87625 0.025
vt 0.87625 0.225
vt 0.87625 0.225
vt 0.87625 0.025
vt 0.87625 0.025
vt 0.87625 0.225
vt 0.87625 0.025
vt 0.87625 0.225
vt 0.87625 0.225
vt 0.87625 0.025
vt 0.87625 0.025
vt 0.87625 0.225
vt 0.87625 0.025
vt 0.87625 0.225
vt 0.87625 0.225
vt 0.87625 0.025
vt 0.87625 0.025
vt 0.87625 0.225
vt 0.87625 0.025
vt 0.87625 0.225
vt 0.87625 0.225
vt 0.87625 0.025
vt 0.87625 0.025
vt 0.87625 0.225
vt 0.87625 0.025
vt 0.87625 0.225
vt 0.87625 0.225
vt 0.87625 0.025
vt 0.3875 0.775
vt 0.3875 0.975
vt 0.4375 0.975
vt 0.4375 0.775
vt 0.3875 0.775
vt 0.4375 0.975
vt 0.4375 0.775
vt 0.4375 0.975
vt 0.4875 0.975
vt 0.4875 0.775
vt 0.4375 0.775
vt 0.4875 0.975
vt 0.3875 0.775
vt 0.3875 0.975
vt 0.4375 0.975
vt 0.4375 0.775
vt 0.3875 0.775
vt 0.4375 0.975
vt 0.4375 0.775
vt 0.4375 0.975
vt 0.4875 0.975
vt 0.4875 0.775
vt 0.4375 0.775
vt 0.4875 0.975
vt 0.3875 0.775
vt 0.3875 0.975
vt 0.4375 0.975
vt 0.4375 0.775
vt 0.3875 0.775
vt 0.4375 0.975
vt 0.4375 0.775
vt 0.4375 0.975
vt 0.4875 0.975
vt 0.4875 0.775
vt 0.4375 0.775
vt 0.4875 0.975
vt 0.3875 0.775
vt 0.3875 0.975
vt 0.4375 0.975
vt 0.4375 0.775
vt 0.3875 0.775
vt 0.4375 0.975
vt 0.4375 0.775
vt 0.4375 0.975
vt 0.4875 0.975
vt 0.4875 0.775
vt 0.4375 0.775
vt 0.4875 0.975
vt 0.3875 0.775
vt 0.3875 0.975
vt 0.4375 0.775
vt 0.3875 0.975
vt 0.4375 0.975
vt 0.4375 0.775
vt 0.4375 0.775
vt 0.4375 0.975
vt 0.4875 0.775
vt 0.4375 0.975
vt 0.4875 0.975
vt 0.4875 0.775
vt 0.3875 0.775
vt 0.3875 0.975
vt 0.4375 0.775
vt 0.3875 0.975
vt 0.4375 0.975
vt 0.4375 0.775
vt 0.4375 0.775
vt 0.4375 0.975
vt 0.4875 0.775
vt 0.4375 0.975
vt 0.4875 0.975
vt 0.4875 0.775
vt 0.3875 0.775
vt 0.3875 0.975
vt 0.4375 0.775
vt 0.3875 0.975
vt 0.4375 0.975
vt 0.4375 0.775
vt 0.4375 0.775
vt 0.4375 0.975
vt 0.4875 0.775
vt 0.4375 0.975
vt 0.4875 0.975
vt 0.4875 0.775
vt 0.3875 0.775
vt 0.3875 0.975
vt 0.4375 0.775
vt 0.3875 0.975
vt 0.4375 0.975
vt 0.4375 0.775
vt 0.4375 0.775
vt 0.4375 0.975
vt 0.4875 0.775
vt 0.4375 0.975
vt 0.4875 0.975
vt 0.4875 0.775
vt 0.5125 0.775
vt 0.5125 0.975
vt 0.5625 0.975
vt 0.5625 0.775
vt 0.5125 0.775
vt 0.5625 0.975
vt 0.5625 0.775
vt 0.5625 0.975
vt 0.6125 0.975
vt 0.6125 0.775
vt 0.5625 0.775
vt 0.6125 0.975
vt 0.5125 0.775
vt 0.5125 0.975
vt 0.5625 0.975
vt 0.5625 0.775
vt 0.5125 0.775
vt 0.5625 0.975
vt 0.5625 0.775
vt 0.5625 0.975
vt 0.6125 0.975
vt 0.6125 0.775
vt 0.5625 0.775
vt 0.6125 0.975
vt 0.5125 0.775
vt 0.5125 0.975
vt 0.5625 0.975
vt 0.5625 0.775
vt 0.5125 0.775
vt 0.5625 0.975
vt 0.5625 0.775
vt 0.5625 0.975
vt 0.6125 0.975
vt 0.6125 0.775
vt 0.5625 0.775
vt 0.6125 0.975
vt 0.5125 0.775
vt 0.5125 0.975
vt 0.5625 0.975
vt 0.5625 0.775
vt 0.5125 0.775
vt 0.5625 0.975
vt 0.5625 0.775
vt 0.5625 0.975
vt 0.6125 0.975
vt 0.6125 0.775
vt 0.5625 0.775
vt 0.6125 0.975
vt 0.5125 0.775
vt 0.5125 0.975
vt 0.5625 0.775
vt 0.5125 0.975
vt 0.5625 0.975
vt 0.5625 0.775
vt 0.5625 0.775
vt 0.5625 0.975
vt 0.6125 0.775
vt 0.5625 0.975
vt 0.6125 0.975
vt 0.6125 0.775
vt 0.5125 0.775
vt 0.5125 0.975
vt 0.5625 0.775
vt 0.5125 0.975
vt 0.5625 0.975
vt 0.5625 0.775
vt 0.5625 0.775
vt 0.5625 0.975
vt 0.6125 0.775
vt 0.5625 0.975
vt 0.6125 0.975
vt 0.6125 0.775
vt 0.5125 0.775
vt 0.5125 0.975
vt 0.5625 0.775
vt 0.5125 0.975
vt 0.5625 0.975
vt 0.5625 0.775
vt 0.5625 0.775
vt 0.5625 0.975
vt 0.6125 0.775
vt 0.5625 0.975
vt 0.6125 0.975
vt 0.6125 0.775
vt 0.5125 0.775
vt 0.5125 0.975
vt 0.5625 0.775
vt 0.5125 0.975
vt 0.5625 0.975
vt 0.5625 0.775
vt 0.5625 0.775
vt 0.5625 0.975
vt 0.6125 0.775
vt 0.5625 0.975
vt 0.6125 0.975
vt 0.6125 0.775
vt 0.4375 0.525
vt 0.4375 0.725
vt 0.45 0.725
vt 0.45 0.525
vt 0.4375 0.525
vt 0.45 0.725
vt 0.45 0.525
vt 0.45 0.725
vt 0.4625 0.725
vt 0.4625 0.525
vt 0.45 0.525
vt 0.4625 0.725
vt 0.4625 0.525
vt 0.4625 0.725
vt 0.475 0.725
vt 0.475 0.525
vt 0.4625 0.525
vt 0.475 0.725
vt 0.475 0.525
vt 0.475 0.725
vt 0.4875 0.725
vt 0.4875 0.525
vt 0.475 0.525
vt 0.4875 0.725
vt 0.3875 0.525
vt 0.3875 0.725
vt 0.4 0.725
vt 0.4 0.525
vt 0.3875 0.525
vt 0.4 0.725
vt 0.4 0.525
vt 0.4 0.725
vt 0.4125 0.725
vt 0.4125 0.525
vt 0.4 0.525
vt 0.4125 0.725
vt 0.4125 0.525
vt 0.4125 0.725
vt 0.425 0.725
vt 0.425 0.525
vt 0.4125 0.525
vt 0.425 0.725
vt 0.425 0.525
vt 0.425 0.725
vt 0.4375 0.725
vt 0.4375 0.525
vt 0.425 0.525
vt 0.4375 0.725
vt 0.4375 0.525
vt 0.4375 0.725
vt 0.45 0.525
vt 0.4375 0.725
vt 0.45 0.725
vt 0.45 0.525
vt 0.45 0.525
vt 0.45 0.725
vt 0.4625 0.525
vt 0.45 0.725
vt 0.4625 0.725
vt 0.4625 0.525
vt 0.4625 0.525
vt 0.4625 0.725
vt 0.475 0.525
vt 0.4625 0.725
vt 0.475 0.725
vt 0.475 0.525
vt 0.475 0.525
vt 0.475 0.725
vt 0.4875 0.525
vt 0.475 0.725
vt 0.4875 0.725
vt 0.4875 0.525
vt 0.3875 0.525
vt 0.3875 0.725
vt 0.4 0.525
vt 0.3875 0.725
vt 0.4 0.725
vt 0.4 0.525
vt 0.4 0.525
vt 0.4 0.725
vt 0.4125 0.525
vt 0.4 0.725
vt 0.4125 0.725
vt 0.4125 0.525
vt 0.4125 0.525
vt 0.4125 0.725
vt 0.425 0.525
vt 0.4125 0.725
vt 0.425 0.725
vt 0.425 0.525
vt 0.425 0.525
vt 0.425 0.725
vt 0.4375 0.525
vt 0.425 0.725
vt 0.4375 0.725
vt 0.4375 0.525
vt 0.5625 0.525
vt 0.5625 0.725
vt 0.575 0.725
vt 0.575 0.525
vt 0.5625 0.525
vt 0.575 0.725
vt 0.575 0.525
vt 0.575 0.725
vt 0.5875 0.725
vt 0.5875 0.525
vt 0.575 0.525
vt 0.5875 0.725
vt 0.5875 0.525
vt 0.5875 0.725
vt 0.6 0.725
vt 0.6 0.525
vt 0.5875 0.525
vt 0.6 0.725
vt 0.6 0.525
vt 0.6 0.725
vt 0.6125 0.725
vt 0.6125 0.525
vt 0.6 0.525
vt 0.6125 0.725
vt 0.5125 0.525
vt 0.5125 0.725
vt 0.525 0.725
vt 0.525 0.525
vt 0.5125 0.525
vt 0.525 0.725
vt 0.525 0.525
vt 0.525 0.725
vt 0.5375 0.725
vt 0.5375 0.525
vt 0.525 0.525
vt 0.5375 0.725
vt 0.5375 0.525
vt 0.5375 0.725
vt 0.55 0.725
vt 0.55 0.525
vt 0.5375 0.525
vt 0.55 0.725
vt 0.55 0.525
vt 0.55 0.725
vt 0.5625 0.725
vt 0.5625 0.525
vt 0.55 0.525
vt 0.5625 0.725
vt 0.5625 0.525
vt 0.5625 0.725
vt 0.575 0.525
vt 0.5625 0.725
vt 0.575 0.725
vt 0.575 0.525
vt 0.575 0.525
vt 0.575 0.725
vt 0.5875 0.525
vt 0.575 0.725
vt 0.5875 0.725
vt 0.5875 0.525
vt 0.5875 0.525
vt 0.5875 0.725
vt 0.6 0.525
vt 0.5875 0.725
vt 0.6 0.725
vt 0.6 0.525
vt 0.6 0.525
vt 0.6 0.725
vt 0.6125 0.525
vt 0.6 0.725
vt 0.6125 0.725
vt 0.6125 0.525
vt 0.5125 0.525
vt 0.5125 0.725
vt 0.525 0.525
vt 0.5125 0.725
vt 0.525 0.725
vt 0.525 0.525
vt 0.525 0.525
vt 0.525 0.725
vt 0.5375 0.525
vt 0.525 0.725
vt 0.5375 0.725
vt 0.5375 0.525
vt 0.5375 0.525
vt 0.5375 0.725
vt 0.55 0.525
vt 0.5375 0.725
vt 0.55 0.725
vt 0.55 0.525
vt 0.55 0.525
vt 0.55 0.725
vt 0.5625 0.525
vt 0.55 0.725
vt 0.5625 0.725
vt 0.5625 0.525
vt 0.1875 0.275
vt 0.1875 0.475
vt 0.2 0.475
vt 0.2 0.275
vt 0.1875 0.275
vt 0.2 0.475
vt 0.2 0.275
vt 0.2 0.475
vt 0.2125 0.475
vt 0.2125 0.275
vt 0.2 0.275
vt 0.2125 0.475
vt 0.2125 0.275
vt 0.2125 0.475
vt 0.225 0.475
vt 0.225 0.275
vt 0.2125 0.275
vt 0.225 0.475
vt 0.225 0.275
vt 0.225 0.475
vt 0.2375 0.475
vt 0.2375 0.275
vt 0.225 0.275
vt 0.2375 0.475
vt 0.1375 0.275
vt 0.1375 0.475
vt 0.15 0.475
vt 0.15 0.275
vt 0.1375 0.275
vt 0.15 0.475
vt 0.15 0.275
vt 0.15 0.475
vt 0.1625 0.475
vt 0.1625 0.275
vt 0.15 0.275
vt 0.1625 0.475
vt 0.1625 0.275
vt 0.1625 0.475
vt 0.175 0.475
vt 0.175 0.275
vt 0.1625 0.275
vt 0.175 0.475
vt 0.175 0.275
vt 0.175 0.475
vt 0.1875 0.475
vt 0.1875 0.275
vt 0.175 0.275
vt 0.1875 0.475
vt 0.1875 0.275
vt 0.1875 0.475
vt 0.2 0.275
vt 0.1875 0.475
vt 0.2 0.475
vt 0.2 0.275
vt 0.2 0.275
vt 0.2 0.475
vt 0.2125 0.275
vt 0.2 0.475
vt 0.2125 0.475
vt 0.2125 0.275
vt 0.2125 0.275
vt 0.2125 0.475
vt 0.225 0.275
vt 0.2125 0.475
vt 0.225 0.475
vt 0.225 0.275
vt 0.225 0.275
vt 0.225 0.475
vt 0.2375 0.275
vt 0.225 0.475
vt 0.2375 0.475
vt 0.2375 0.275
vt 0.1375 0.275
vt 0.1375 0.475
vt 0.15 0.275
vt 0.1375 0.475
vt 0.15 0.475
vt 0.15 0.275
vt 0.15 0.275
vt 0.15 0.475
vt 0.1625 0.275
vt 0.15 0.475
vt 0.1625 0.475
vt 0.1625 0.275
vt 0.1625 0.275
vt 0.1625 0.475
vt 0.175 0.275
vt 0.1625 0.475
vt 0.175 0.475
vt 0.175 0.275
vt 0.175 0.275
vt 0.175 0.475
vt 0.1875 0.275
vt 0.175 0.475
vt 0.1875 0.475
vt 0.1875 0.275
vt 0.8125 0.775
vt 0.8125 0.975
vt 0.825 0.975
vt 0.825 0.775
vt 0.8125 0.775
vt 0.825 0.975
vt 0.825 0.775
vt 0.825 0.975
vt 0.8375 0.975
vt 0.8375 0.775
vt 0.825 0.775
vt 0.8375 0.975
vt 0.8375 0.775
vt 0.8375 0.975
vt 0.85 0.975
vt 0.85 0.775
vt 0.8375 0.775
vt 0.85 0.975
vt 0.85 0.775
vt 0.85 0.975
vt 0.8625 0.975
vt 0.8625 0.775
vt 0.85 0.775
vt 0.8625 0.975
vt 0.7625 0.775
vt 0.7625 0.975
vt 0.775 0.975
vt 0.775 0.775
vt 0.7625 0.775
vt 0.775 0.975
vt 0.775 0.775
vt 0.775 0.975
vt 0.7875 0.975
vt 0.7875 0.775
vt 0.775 0.775
vt 0.7875 0.975
vt 0.7875 0.775
vt 0.7875 0.975
vt 0.8 0.975
vt 0.8 0.775
vt 0.7875 0.775
vt 0.8 0.975
vt 0.8 0.775
vt 0.8 0.975
vt 0.8125 0.975
vt 0.8125 0.775
vt 0.8 0.775
vt 0.8125 0.975
vt 0.8125 0.775
vt 0.8125 0.975
vt 0.825 0.775
vt 0.8125 0.975
vt 0.825 0.975
vt 0.825 0.775
vt 0.825 0.775
vt 0.825 0.975
vt 0.8375 0.775
vt 0.825 0.975
vt 0.8375 0.975
vt 0.8375 0.775
vt 0.8375 0.775
vt 0.8375 0.975
vt 0.85 0.775
vt 0.8375 0.975
vt 0.85 0.975
vt 0.85 0.775
vt 0.85 0.775
vt 0.85 0.975
vt 0.8625 0.775
vt 0.85 0.975
vt 0.8625 0.975
vt 0.8625 0.775
vt 0.7625 0.775
vt 0.7625 0.975
vt 0.775 0.775
vt 0.7625 0.975
vt 0.775 0.975
vt 0.775 0.775
vt 0.775 0.775
vt 0.775 0.975
vt 0.7875 0.775
vt 0.775 0.975
vt 0.7875 0.975
vt 0.7875 0.775
vt 0.7875 0.775
vt 0.7875 0.975
vt 0.8 0.775
vt 0.7875 0.975
vt 0.8 0.975
vt 0.8 0.775
vt 0.8 0.775
vt 0.8 0.975
vt 0.8125 0.775
vt 0.8 0.975
vt 0.8125 0.975
vt 0.8125 0.775
vt 0.1875 0.275
vt 0.1875 0.475
vt 0.2 0.475
vt 0.2 0.275
vt 0.1875 0.275
vt 0.2 0.475
vt 0.2 0.275
vt 0.2 0.475
vt 0.2125 0.475
vt 0.2125 0.275
vt 0.2 0.275
vt 0.2125 0.475
vt 0.2125 0.275
vt 0.2125 0.475
vt 0.225 0.475
vt 0.225 0.275
vt 0.2125 0.275
vt 0.225 0.475
vt 0.225 0.275
vt 0.225 0.475
vt 0.2375 0.475
vt 0.2375 0.275
vt 0.225 0.275
vt 0.2375 0.475
vt 0.1375 0.275
vt 0.1375 0.475
vt 0.15 0.475
vt 0.15 0.275
vt 0.1375 0.275
vt 0.15 0.475
vt 0.15 0.275
vt 0.15 0.475
vt 0.1625 0.475
vt 0.1625 0.275
vt 0.15 0.275
vt 0.1625 0.475
vt 0.1625 0.275
vt 0.1625 0.475
vt 0.175 0.475
vt 0.175 0.275
vt 0.1625 0.275
vt 0.175 0.475
vt 0.175 0.275
vt 0.175 0.475
vt 0.1875 0.475
vt 0.1875 0.275
vt 0.175 0.275
vt 0.1875 0.475
vt 0.1875 0.275
vt 0.1875 0.475
vt 0.2 0.275
vt 0.1875 0.475
vt 0.2 0.475
vt 0.2 0.275
vt 0.2 0.275
vt 0.2 0.475
vt 0.2125 0.275
vt 0.2 0.475
vt 0.2125 0.475
vt 0.2125 0.275
vt 0.2125 0.275
vt 0.2125 0.475
vt 0.225 0.275
vt 0.2125 0.475
vt 0.225 0.475
vt 0.225 0.275
vt 0.225 0.275
vt 0.225 0.475
vt 0.2375 0.275
vt 0.225 0.475
vt 0.2375 0.475
vt 0.2375 0.275
vt 0.1375 0.275
vt 0.1375 0.475
vt 0.15 0.275
vt 0.1375 0.475
vt 0.15 0.475
vt 0.15 0.275
vt 0.15 0.275
vt 0.15 0.475
vt 0.1625 0.275
vt 0.15 0.475
vt 0.1625 0.475
vt 0.1625 0.275
vt 0.1625 0.275
vt 0.1625 0.475
vt 0.175 0.275
vt 0.1625 0.475
vt 0.175 0.475
vt 0.175 0.275
vt 0.175 0.275
vt 0.175 0.475
vt 0.1875 0.275
vt 0.175 0.475
vt 0.1875 0.475
vt 0.1875 0.275
vt 0.5625 0.775
vt 0.5625 0.975
vt 0.575 0.975
vt 0.575 0.775
vt 0.5625 0.775
vt 0.575 0.975
vt 0.575 0.775
vt 0.575 0.975
vt 0.5875 0.975
vt 0.5875 0.775
vt 0.575 0.775
vt 0.5875 0.975
vt 0.5875 0.775
vt 0.5875 0.975
vt 0.6 0.975
vt 0.6 0.775
vt 0.5875 0.775
vt 0.6 0.975
vt 0.6 0.775
vt 0.6 0.975
vt 0.6125 0.975
vt 0.6125 0.775
vt 0.6 0.775
vt 0.6125 0.975
vt 0.5125 0.775
vt 0.5125 0.975
vt 0.525 0.975
vt 0.525 0.775
vt 0.5125 0.775
vt 0.525 0.975
vt 0.525 0.775
vt 0.525 0.975
vt 0.5375 0.975
vt 0.5375 0.775
vt 0.525 0.775
vt 0.5375 0.975
vt 0.5375 0.775
vt 0.5375 0.975
vt 0.55 0.975
vt 0.55 0.775
vt 0.5375 0.775
vt 0.55 0.975
vt 0.55 0.775
vt 0.55 0.975
vt 0.5625 0.975
vt 0.5625 0.775
vt 0.55 0.775
vt 0.5625 0.975
vt 0.5625 0.775
vt 0.5625 0.975
vt 0.575 0.775
vt 0.5625 0.975
vt 0.575 0.975
vt 0.575 0.775
vt 0.575 0.775
vt 0.575 0.975
vt 0.5875 0.775
vt 0.575 0.975
vt 0.5875 0.975
vt 0.5875 0.775
vt 0.5875 0.775
vt 0.5875 0.975
vt 0.6 0.775
vt 0.5875 0.975
vt 0.6 0.975
vt 0.6 0.775
vt 0.6 0.775
vt 0.6 0.975
vt 0.6125 0.775
vt 0.6 0.975
vt 0.6125 0.975
vt 0.6125 0.775
vt 0.5125 0.775
vt 0.5125 0.975
vt 0.525 0.775
vt 0.5125 0.975
vt 0.525 0.975
vt 0.525 0.775
vt 0.525 0.775
vt 0.525 0.975
vt 0.5375 0.775
vt 0.525 0.975
vt 0.5375 0.975
vt 0.5375 0.775
vt 0.5375 0.775
vt 0.5375 0.975
vt 0.55 0.775
vt 0.5375 0.975
vt 0.55 0.975
vt 0.55 0.775
vt 0.55 0.775
vt 0.55 0.975
vt 0.5625 0.775
vt 0.55 0.975
vt 0.5625 0.975
vt 0.5625 0.775
vt 0.5625 0.525
vt 0.5625 0.725
vt 0.575 0.725
vt 0.575 0.525
vt 0.5625 0.525
vt 0.575 0.725
vt 0.575 0.525
vt 0.575 0.725
vt 0.5875 0.725
vt 0.5875 0.525
vt 0.575 0.525
vt 0.5875 0.725
vt 0.5875 0.525
vt 0.5875 0.725
vt 0.6 0.725
vt 0.6 0.525
vt 0.5875 0.525
vt 0.6 0.725
vt 0.6 0.525
vt 0.6 0.725
vt 0.6125 0.725
vt 0.6125 0.525
vt 0.6 0.525
vt 0.6125 0.725
vt 0.5125 0.525
vt 0.5125 0.725
vt 0.525 0.725
vt 0.525 0.525
vt 0.5125 0.525
vt 0.525 0.725
vt 0.525 0.525
vt 0.525 0.725
vt 0.5375 0.725
vt 0.5375 0.525
vt 0.525 0.525
vt 0.5375 0.725
vt 0.5375 0.525
vt 0.5375 0.725
vt 0.55 0.725
vt 0.55 0.525
vt 0.5375 0.525
vt 0.55 0.725
vt 0.55 0.525
vt 0.55 0.725
vt 0.5625 0.725
vt 0.5625 0.525
vt 0.55 0.525
vt 0.5625 0.725
vt 0.5625 0.525
vt 0.5625 0.725
vt 0.575 0.525
vt 0.5625 0.725
vt 0.575 0.725
vt 0.575 0.525
vt 0.575 0.525
vt 0.575 0.725
vt 0.5875 0.525
vt 0.575 0.725
vt 0.5875 0.725
vt 0.5875 0.525
vt 0.5875 0.525
vt 0.5875 0.725
vt 0.6 0.525
vt 0.5875 0.725
vt 0.6 0.725
vt 0.6 0.525
vt 0.6 0.525
vt 0.6 0.725
vt 0.6125 0.525
vt 0.6 0.725
vt 0.6125 0.725
vt 0.6125 0.525
vt 0.5125 0.525
vt 0.5125 0.725
vt 0.525 0.525
vt 0.5125 0.725
vt 0.525 0.725
vt 0.525 0.525
vt 0.525 0.525
vt 0.525 0.725
vt 0.5375 0.525
vt 0.525 0.725
vt 0.5375 0.725
vt 0.5375 0.525
vt 0.5375 0.525
vt 0.5375 0.725
vt 0.55 0.525
vt 0.5375 0.725
vt 0.55 0.725
vt 0.55 0.525
vt 0.55 0.525
vt 0.55 0.725
vt 0.5625 0.525
vt 0.55 0.725
vt 0.5625 0.725
vt 0.5625 0.525
vt 0.87625 0.025
vt 0.87625 0.225
vt 0.87625 0.225
vt 0.87625 0.025
vt 0.87625 0.025
vt 0.87625 0.225
vt 0.87625 0.025
vt 0.87625 0.225
vt 0.87625 0.225
vt 0.87625 0.025
vt 0.87625 0.025
vt 0.87625 0.225
vt 0.87625 0.025
vt 0.87625 0.225
vt 0.87625 0.225
vt 0.87625 0.025
vt 0.87625 0.025
vt 0.87625 0.225
vt 0.87625 0.025
vt 0.87625 0.225
vt 0.87625 0.225
vt 0.87625 0.025
vt 0.87625 0.025
vt 0.87625 0.225
vt 0.87625 0.025
vt 0.87625 0.225
vt 0.87625 0.225
vt 0.87625 0.025
vt 0.87625 0.025
vt 0.87625 0.225
vt 0.87625 0.025
vt 0.87625 0.225
vt 0.87625 0.225
vt 0.87625 0.025
vt 0.87625 0.025
vt 0.87625 0.225
vt 0.87625 0.025
vt 0.87625 0.225
vt 0.87625 0.225
vt 0.87625 0.025
vt 0.87625 0.025
vt 0.87625 0.225
vt 0.87625 0.025
vt 0.87625 0.225
vt 0.87625 0.225
vt 0.87625 0.025
vt 0.87625 0.025
vt 0.87625 0.225
vt 0.87625 0.025
vt 0.87625 0.225
vt 0.87625 0.025
vt 0.87625 0.225
vt 0.87625 0.225
vt 0.87625 0.025
vt 0.87625 0.025
vt 0.87625 0.225
vt 0.87625 0.025
vt 0.87625 0.225
vt 0.87625 0.225
vt 0.87625 0.025
vt 0.87625 0.025
vt 0.87625 0.225
vt 0.87625 0.025
vt 0.87625 0.225
vt 0.87625 0.225
vt 0.87625 0.025
vt 0.87625 0.025
vt 0.87625 0.225
vt 0.87625 0.025
vt 0.87625 0.225
vt 0.87625 0.225
vt 0.87625 0.025
vt 0.87625 0.025
vt 0.87625 0.225
vt 0.87625 0.025
vt 0.87625 0.225
vt 0.87625 0.225
vt 0.87625 0.025
vt 0.87625 0.025
vt 0.87625 0.225
vt 0.87625 0.025
vt 0.87625 0.225
vt 0.87625 0.225
vt 0.87625 0.025
vt 0.87625 0.025
vt 0.87625 0.225
vt 0.87625 0.025
vt 0.87625 0.225
vt 0.87625 0.225
vt 0.87625 0.025
vt 0.87625 0.025
vt 0.87625 0.225
vt 0.87625 0.025
vt 0.87625 0.225
vt 0.87625 0.225
vt 0.87625 0.025
vt 0.3125 0.775
vt 0.3125 0.975
vt 0.325 0.975
vt 0.325 0.775
vt 0.3125 0.775
vt 0.325 0.975
vt 0.325 0.775
vt 0.325 0.975
vt 0.3375 0.975
vt 0.3375 0.775
vt 0.325 0.775
vt 0.3375 0.975
vt 0.3375 0.775
vt 0.3375 0.975
vt 0.35 0.975
vt 0.35 0.775
vt 0.3375 0.775
vt 0.35 0.975
vt 0.35 0.775
vt 0.35 0.975
vt 0.3625 0.975
vt 0.3625 0.775
vt 0.35 0.775
vt 0.3625 0.975
vt 0.2625 0.775
vt 0.2625 0.975
vt 0.275 0.975
vt 0.275 0.775
vt 0.2625 0.775
vt 0.275 0.975
vt 0.275 0.775
vt 0.275 0.975
vt 0.2875 0.975
vt 0.2875 0.775
vt 0.275 0.775
vt 0.2875 0.975
vt 0.2875 0.775
vt 0.2875 0.975
vt 0.3 0.975
vt 0.3 0.775
vt 0.2875 0.775
vt 0.3 0.975
vt 0.3 0.775
vt 0.3 0.975
vt 0.3125 0.975
vt 0.3125 0.775
vt 0.3 0.775
vt 0.3125 0.975
vt 0.3125 0.775
vt 0.3125 0.975
vt 0.325 0.775
vt 0.3125 0.975
vt 0.325 0.975
vt 0.325 0.775
vt 0.325 0.775
vt 0.325 0.975
vt 0.3375 0.775
vt 0.325 0.975
vt 0.3375 0.975
vt 0.3375 0.775
vt 0.3375 0.775
vt 0.3375 0.975
vt 0.35 0.775
vt 0.3375 0.975
vt 0.35 0.975
vt 0.35 0.775
vt 0.35 0.775
vt 0.35 0.975
vt 0.3625 0.775
vt 0.35 0.975
vt 0.3625 0.975
vt 0.3625 0.775
vt 0.2625 0.775
vt 0.2625 0.975
vt 0.275 0.775
vt 0.2625 0.975
vt 0.275 0.975
vt 0.275 0.775
vt 0.275 0.775
vt 0.275 0.975
vt 0.2875 0.775
vt 0.275 0.975
vt 0.2875 0.975
vt 0.2875 0.775
vt 0.2875 0.775
vt 0.2875 0.975
vt 0.3 0.775
vt 0.2875 0.975
vt 0.3 0.975
vt 0.3 0.775
vt 0.3 0.775
vt 0.3 0.975
vt 0.3125 0.775
vt 0.3 0.975
vt 0.3125 0.975
vt 0.3125 0.775
vt 0.3125 0.525
vt 0.3125 0.725
vt 0.325 0.725
vt 0.325 0.525
vt 0.3125 0.525
vt 0.325 0.725
vt 0.325 0.525
vt 0.325 0.725
vt 0.3375 0.725
vt 0.3375 0.525
vt 0.325 0.525
vt 0.3375 0.725
vt 0.3375 0.525
vt 0.3375 0.725
vt 0.35 0.725
vt 0.35 0.525
vt 0.3375 0.525
vt 0.35 0.725
vt 0.35 0.525
vt 0.35 0.725
vt 0.3625 0.725
vt 0.3625 0.525
vt 0.35 0.525
vt 0.3625 0.725
vt 0.2625 0.525
vt 0.2625 0.725
vt 0.275 0.725
vt 0.275 0.525
vt 0.2625 0.525
vt 0.275 0.725
vt 0.275 0.525
vt 0.275 0.725
vt 0.2875 0.725
vt 0.2875 0.525
vt 0.275 0.525
vt 0.2875 0.725
vt 0.2875 0.525
vt 0.2875 0.725
vt 0.3 0.725
vt 0.3 0.525
vt 0.2875 0.525
vt 0.3 0.725
vt 0.3 0.525
vt 0.3 0.725
vt 0.3125 0.725
vt 0.3125 0.525
vt 0.3 0.525
vt 0.3125 0.725
vt 0.3125 0.525
vt 0.3125 0.725
vt 0.325 0.525
vt 0.3125 0.725
vt 0.325 0.725
vt 0.325 0.525
vt 0.325 0.525
vt 0.325 0.725
vt 0.3375 0.525
vt 0.325 0.725
vt 0.3375 0.725
vt 0.3375 0.525
vt 0.3375 0.525
vt 0.3375 0.725
vt 0.35 0.525
vt 0.3375 0.725
vt 0.35 0.725
vt 0.35 0.525
vt 0.35 0.525
vt 0.35 0.725
vt 0.3625 0.525
vt 0.35 0.725
vt 0.3625 0.725
vt 0.3625 0.525
vt 0.2625 0.525
vt 0.2625 0.725
vt 0.275 0.525
vt 0.2625 0.725
vt 0.275 0.725
vt 0.275 0.525
vt 0.275 0.525
vt 0.275 0.725
vt 0.2875 0.525
vt 0.275 0.725
vt 0.2875 0.725
vt 0.2875 0.525
vt 0.2875 0.525
vt 0.2875 0.725
vt 0.3 0.525
vt 0.2875 0.725
vt 0.3 0.725
vt 0.3 0.525
vt 0.3 0.525
vt 0.3 0.725
vt 0.3125 0.525
vt 0.3 0.725
vt 0.3125 0.725
vt 0.3125 0.525
vt 0.87625 0.025
vt 0.87625 0.225
vt 0.87625 0.225
vt 0.87625 0.025
vt 0.87625 0.025
vt 0.87625 0.225
vt 0.87625 0.025
vt 0.87625 0.225
vt 0.87625 0.225
vt 0.87625 0.025
vt 0.87625 0.025
vt 0.87625 0.225
vt 0.87625 0.025
vt 0.87625 0.225
vt 0.87625 0.225
vt 0.87625 0.025
vt 0.87625 0.025
vt 0.87625 0.225
vt 0.87625 0.025
vt 0.87625 0.225
vt 0.87625 0.225
vt 0.87625 0.025
vt 0.87625 0.025
vt 0.87625 0.225
vt 0.87625 0.025
vt 0.87625 0.225
vt 0.87625 0.225
vt 0.87625 0.025
vt 0.87625 0.025
vt 0.87625 0.225
vt 0.87625 0.025
vt 0.87625 0.225
vt 0.87625 0.225
vt 0.87625 0.025
vt 0.87625 0.025
vt 0.87625 0.225
vt 0.87625 0.025
vt 0.87625 0.225
vt 0.87625 0.225
vt 0.87625 0.025
vt 0.87625 0.025
vt 0.87625 0.225
vt 0.87625 0.025
vt 0.87625 0.225
vt 0.87625 0.225
vt 0.87625 0.025
vt 0.87625 0.025
vt 0.87625 0.225
vt 0.87625 0.025
vt 0.87625 0.225
vt 0.87625 0.025
vt 0.87625 0.225
vt 0.87625 0.225
vt 0.87625 0.025
vt 0.87625 0.025
vt 0.87625 0.225
vt 0.87625 0.025
vt 0.87625 0.225
vt 0.87625 0.225
vt 0.87625 0.025
vt 0.87625 0.025
vt 0.87625 0.225
vt 0.87625 0.025
vt 0.87625 0.225
vt 0.87625 0.225
vt 0.87625 0.025
vt 0.87625 0.025
vt 0.87625 0.225
vt 0.87625 0.025
vt 0.87625 0.225
vt 0.87625 0.225
vt 0.87625 0.025
vt 0.87625 0.025
vt 0.87625 0.225
vt 0.87625 0.025
vt 0.87625 0.225
vt 0.87625 0.225
vt 0.87625 0.025
vt 0.87625 0.025
vt 0.87625 0.225
vt 0.87625 0.025
vt 0.87625 0.225
vt 0.87625 0.225
vt 0.87625 0.025
vt 0.87625 0.025
vt 0.87625 0.225
vt 0.87625 0.025
vt 0.87625 0.225
vt 0.87625 0.225
vt 0.87625 0.025
vt 0.87625 0.025
vt 0.87625 0.225
vt 0.87625 0.025
vt 0.87625 0.225
vt 0.87625 0.225
vt 0.87625 0.025
vt 0.4375 0.775
vt 0.4375 0.975
vt 0.45 0.975
vt 0.45 0.775
vt 0.4375 0.775
vt 0.45 0.975
vt 0.45 0.775
vt 0.45 0.975
vt 0.4625 0.975
vt 0.4625 0.775
vt 0.45 0.775
vt 0.4625 0.975
vt 0.4625 0.775
vt 0.4625 0.975
vt 0.475 0.975
vt 0.475 0.775
vt 0.4625 0.775
vt 0.475 0.975
vt 0.475 0.775
vt 0.475 0.975
vt 0.4875 0.975
vt 0.4875 0.775
vt 0.475 0.775
vt 0.4875 0.975
vt 0.3875 0.775
vt 0.3875 0.975
vt 0.4 0.975
vt 0.4 0.775
vt 0.3875 0.775
vt 0.4 0.975
vt 0.4 0.775
vt 0.4 0.975
vt 0.4125 0.975
vt 0.4125 0.775
vt 0.4 0.775
vt 0.4125 0.975
vt 0.4125 0.775
vt 0.4125 0.975
vt 0.425 0.975
vt 0.425 0.775
vt 0.4125 0.775
vt 0.425 0.975
vt 0.425 0.775
vt 0.425 0.975
vt 0.4375 0.975
vt 0.4375 0.775
vt 0.425 0.775
vt 0.4375 0.975
vt 0.4375 0.775
vt 0.4375 0.975
vt 0.45 0.775
vt 0.4375 0.975
vt 0.45 0.975
vt 0.45 0.775
vt 0.45 0.775
vt 0.45 0.975
vt 0.4625 0.775
vt 0.45 0.975
vt 0.4625 0.975
vt 0.4625 0.775
vt 0.4625 0.775
vt 0.4625 0.975
vt 0.475 0.775
vt 0.4625 0.975
vt 0.475 0.975
vt 0.475 0.775
vt 0.475 0.775
vt 0.475 0.975
vt 0.4875 0.775
vt 0.475 0.975
vt 0.4875 0.975
vt 0.4875 0.775
vt 0.3875 0.775
vt 0.3875 0.975
vt 0.4 0.775
vt 0.3875 0.975
vt 0.4 0.975
vt 0.4 0.775
vt 0.4 0.775
vt 0.4 0.975
vt 0.4125 0.775
vt 0.4 0.975
vt 0.4125 0.975
vt 0.4125 0.775
vt 0.4125 0.775
vt 0.4125 0.975
vt 0.425 0.775
vt 0.4125 0.975
vt 0.425 0.975
vt 0.425 0.775
vt 0.425 0.775
vt 0.425 0.975
vt 0.4375 0.775
vt 0.425 0.975
vt 0.4375 0.975
vt 0.4375 0.775
vt 0.5625 0.775
vt 0.5625 0.975
vt 0.575 0.975
vt 0.575 0.775
vt 0.5625 0.775
vt 0.575 0.975
vt 0.575 0.775
vt 0.575 0.975
vt 0.5875 0.975
vt 0.5875 0.775
vt 0.575 0.775
vt 0.5875 0.975
vt 0.5875 0.775
vt 0.5875 0.975
vt 0.6 0.975
vt 0.6 0.775
vt 0.5875 0.775
vt 0.6 0.975
vt 0.6 0.775
vt 0.6 0.975
vt 0.6125 0.975
vt 0.6125 0.775
vt 0.6 0.775
vt 0.6125 0.975
vt 0.5125 0.775
vt 0.5125 0.975
vt 0.525 0.975
vt 0.525 0.775
vt 0.5125 0.775
vt 0.525 0.975
vt 0.525 0.775
vt 0.525 0.975
vt 0.5375 0.975
vt 0.5375 0.775
vt 0.525 0.775
vt 0.5375 0.975
vt 0.5375 0.775
vt 0.5375 0.975
vt 0.55 0.975
vt 0.55 0.775
vt 0.5375 0.775
vt 0.55 0.975
vt 0.55 0.775
vt 0.55 0.975
vt 0.5625 0.975
vt 0.5625 0.775
vt 0.55 0.775
vt 0.5625 0.975
vt 0.5625 0.775
vt 0.5625 0.975
vt 0.575 0.775
vt 0.5625 0.975
vt 0.575 0.975
vt 0.575 0.775
vt 0.575 0.775
vt 0.575 0.975
vt 0.5875 0.775
vt 0.575 0.975
vt 0.5875 0.975
vt 0.5875 0.775
vt 0.5875 0.775
vt 0.5875 0.975
vt 0.6 0.775
vt 0.5875 0.975
vt 0.6 0.975
vt 0.6 0.775
vt 0.6 0.775
vt 0.6 0.975
vt 0.6125 0.775
vt 0.6 0.975
vt 0.6125 0.975
vt 0.6125 0.775
vt 0.5125 0.775
vt 0.5125 0.975
vt 0.525 0.775
vt 0.5125 0.975
vt 0.525 0.975
vt 0.525 0.775
vt 0.525 0.775
vt 0.525 0.975
vt 0.5375 0.775
vt 0.525 0.975
vt 0.5375 0.975
vt 0.5375 0.775
vt 0.5375 0.775
vt 0.5375 0.975
vt 0.55 0.775
vt 0.5375 0.975
vt 0.55 0.975
vt 0.55 0.775
vt 0.55 0.775
vt 0.55 0.975
vt 0.5625 0.775
vt 0.55 0.975
vt 0.5625 0.975
vt 0.5625 0.775
vt 0.3875 0.525
vt 0.3875 0.725
vt 0.4375 0.725
vt 0.4375 0.525
vt 0.3875 0.525
vt 0.4375 0.725
vt 0.4375 0.525
vt 0.4375 0.725
vt 0.4875 0.725
vt 0.4875 0.525
vt 0.4375 0.525
vt 0.4875 0.725
vt 0.3875 0.525
vt 0.3875 0.725
vt 0.4375 0.725
vt 0.4375 0.525
vt 0.3875 0.525
vt 0.4375 0.725
vt 0.4375 0.525
vt 0.4375 0.725
vt 0.4875 0.725
vt 0.4875 0.525
vt 0.4375 0.525
vt 0.4875 0.725
vt 0.3875 0.525
vt 0.3875 0.725
vt 0.4375 0.725
vt 0.4375 0.525
vt 0.3875 0.525
vt 0.4375 0.725
vt 0.4375 0.525
vt 0.4375 0.725
vt 0.4875 0.725
vt 0.4875 0.525
vt 0.4375 0.525
vt 0.4875 0.725
vt 0.3875 0.525
vt 0.3875 0.725
vt 0.4375 0.725
vt 0.4375 0.525
vt 0.3875 0.525
vt 0.4375 0.725
vt 0.4375 0.525
vt 0.4375 0.725
vt 0.4875 0.725
vt 0.4875 0.525
vt 0.4375 0.525
vt 0.4875 0.725
vt 0.3875 0.525
vt 0.3875 0.725
vt 0.4375 0.525
vt 0.3875 0.725
vt 0.4375 0.725
vt 0.4375 0.525
vt 0.4375 0.525
vt 0.4375 0.725
vt 0.4875 0.525
vt 0.4375 0.725
vt 0.4875 0.725
vt 0.4875 0.525
vt 0.3875 0.525
vt 0.3875 0.725
vt 0.4375 0.525
vt 0.3875 0.725
vt 0.4375 0.725
vt 0.4375 0.525
vt 0.4375 0.525
vt 0.4375 0.725
vt 0.4875 0.525
vt 0.4375 0.725
vt 0.4875 0.725
vt 0.4875 0.525
vt 0.3875 0.525
vt 0.3875 0.725
vt 0.4375 0.525
vt 0.3875 0.725
vt 0.4375 0.725
vt 0.4375 0.525
vt 0.4375 0.525
vt 0.4375 0.725
vt 0.4875 0.525
vt 0.4375 0.725
vt 0.4875 0.725
vt 0.4875 0.525
vt 0.3875 0.525
vt 0.3875 0.725
vt 0.4375 0.525
vt 0.3875 0.725
vt 0.4375 0.725
vt 0.4375 0.525
vt 0.4375 0.525
vt 0.4375 0.725
vt 0.4875 0.525
vt 0.4375 0.725
vt 0.4875 0.725
vt 0.4875 0.525
vt 0.5125 0.525
vt 0.5125 0.725
vt 0.5625 0.725
vt 0.5625 0.525
vt 0.5125 0.525
vt 0.5625 0.725
vt 0.5625 0.525
vt 0.5625 0.725
vt 0.6125 0.725
vt 0.6125 0.525
vt 0.5625 0.525
vt 0.6125 0.725
vt 0.5125 0.525
vt 0.5125 0.725
vt 0.5625 0.725
vt 0.5625 0.525
vt 0.5125 0.525
vt 0.5625 0.725
vt 0.5625 0.525
vt 0.5625 0.725
vt 0.6125 0.725
vt 0.6125 0.525
vt 0.5625 0.525
vt 0.6125 0.725
vt 0.5125 0.525
vt 0.5125 0.725
vt 0.5625 0.725
vt 0.5625 0.525
vt 0.5125 0.525
vt 0.5625 0.725
vt 0.5625 0.525
vt 0.5625 0.725
vt 0.6125 0.725
vt 0.6125 0.525
vt 0.5625 0.525
vt 0.6125 0.725
vt 0.5125 0.525
vt 0.5125 0.725
vt 0.5625 0.725
vt 0.5625 0.525
vt 0.5125 0.525
vt 0.5625 0.725
vt 0.5625 0.525
vt 0.5625 0.725
vt 0.6125 0.725
vt 0.6125 0.525
vt 0.5625 0.525
vt 0.6125 0.725
vt 0.5125 0.525
vt 0.5125 0.725
vt 0.5625 0.525
vt 0.5125 0.725
vt 0.5625 0.725
vt 0.5625 0.525
vt 0.5625 0.525
vt 0.5625 0.725
vt 0.6125 0.525
vt 0.5625 0.725
vt 0.6125 0.725
vt 0.6125 0.525
vt 0.5125 0.525
vt 0.5125 0.725
vt 0.5625 0.525
vt 0.5125 0.725
vt 0.5625 0.725
vt 0.5625 0.525
vt 0.5625 0.525
vt 0.5625 0.725
vt 0.6125 0.525
vt 0.5625 0.725
vt 0.6125 0.725
vt 0.6125 0.525
vt 0.5125 0.525
vt 0.5125 0.725
vt 0.5625 0.525
vt 0.5125 0.725
vt 0.5625 0.725
vt 0.5625 0.525
vt 0.5625 0.525
vt 0.5625 0.725
vt 0.6125 0.525
vt 0.5625 0.725
vt 0.6125 0.725
vt 0.6125 0.525
vt 0.5125 0.525
vt 0.5125 0.725
vt 0.5625 0.525
vt 0.5125 0.725
vt 0.5625 0.725
vt 0.5625 0.525
vt 0.5625 0.525
vt 0.5625 0.725
vt 0.6125 0.525
vt 0.5625 0.725
vt 0.6125 0.725
vt 0.6125 0.525
vt 0.1375 0.275
vt 0.1375 0.475
vt 0.1625 0.475
vt 0.1625 0.275
vt 0.1375 0.275
vt 0.1625 0.475
vt 0.1625 0.275
vt 0.1625 0.475
vt 0.1875 0.475
vt 0.1875 0.275
vt 0.1625 0.275
vt 0.1875 0.475
vt 0.1875 0.275
vt 0.1875 0.475
vt 0.2125 0.475
vt 0.2125 0.275
vt 0.1875 0.275
vt 0.2125 0.475
vt 0.2125 0.275
vt 0.2125 0.475
vt 0.2375 0.475
vt 0.2375 0.275
vt 0.2125 0.275
vt 0.2375 0.475
vt 0.1375 0.275
vt 0.1375 0.475
vt 0.1625 0.475
vt 0.1625 0.275
vt 0.1375 0.275
vt 0.1625 0.475
vt 0.1625 0.275
vt 0.1625 0.475
vt 0.1875 0.475
vt 0.1875 0.275
vt 0.1625 0.275
vt 0.1875 0.475
vt 0.1875 0.275
vt 0.1875 0.475
vt 0.2125 0.475
vt 0.2125 0.275
vt 0.1875 0.275
vt 0.2125 0.475
vt 0.2125 0.275
vt 0.2125 0.475
vt 0.2375 0.475
vt 0.2375 0.275
vt 0.2125 0.275
vt 0.2375 0.475
vt 0.1375 0.275
vt 0.1375 0.475
vt 0.1625 0.275
vt 0.1375 0.475
vt 0.1625 0.475
vt 0.1625 0.275
vt 0.1625 0.275
vt 0.1625 0.475
vt 0.1875 0.275
vt 0.1625 0.475
vt 0.1875 0.475
vt 0.1875 0.275
vt 0.1875 0.275
vt 0.1875 0.475
vt 0.2125 0.275
vt 0.1875 0.475
vt 0.2125 0.475
vt 0.2125 0.275
vt 0.2125 0.275
vt 0.2125 0.475
vt 0.2375 0.275
vt 0.2125 0.475
vt 0.2375 0.475
vt 0.2375 0.275
vt 0.1375 0.275
vt 0.1375 0.475
vt 0.1625 0.275
vt 0.1375 0.475
vt 0.1625 0.475
vt 0.1625 0.275
vt 0.1625 0.275
vt 0.1625 0.475
vt 0.1875 0.275
vt 0.1625 0.475
vt 0.1875 0.475
vt 0.1875 0.275
vt 0.1875 0.275
vt 0.1875 0.475
vt 0.2125 0.275
vt 0.1875 0.475
vt 0.2125 0.475
vt 0.2125 0.275
vt 0.2125 0.275
vt 0.2125 0.475
vt 0.2375 0.275
vt 0.2125 0.475
vt 0.2375 0.475
vt 0.2375 0.275
vt 0.3875 0.775
vt 0.3875 0.975
vt 0.4875 0.975
vt 0.4875 0.775
vt 0.3875 0.775
vt 0.4875 0.975
vt 0.3875 0.775
vt 0.3875 0.975
vt 0.4875 0.975
vt 0.4875 0.775
vt 0.3875 0.775
vt 0.4875 0.975
vt 0.3875 0.775
vt 0.3875 0.975
vt 0.4875 0.975
vt 0.4875 0.775
vt 0.3875 0.775
vt 0.4875 0.975
vt 0.3875 0.775
vt 0.3875 0.975
vt 0.4875 0.975
vt 0.4875 0.775
vt 0.3875 0.775
vt 0.4875 0.975
vt 0.3875 0.775
vt 0.3875 0.975
vt 0.4875 0.775
vt 0.3875 0.975
vt 0.4875 0.975
vt 0.4875 0.775
vt 0.3875 0.775
vt 0.3875 0.975
vt 0.4875 0.775
vt 0.3875 0.975
vt 0.4875 0.975
vt 0.4875 0.775
vt 0.3875 0.775
vt 0.3875 0.975
vt 0.4875 0.775
vt 0.3875 0.975
vt 0.4875 0.975
vt 0.4875 0.775
vt 0.3875 0.775
vt 0.3875 0.975
vt 0.4875 0.775
vt 0.3875 0.975
vt 0.4875 0.975
vt 0.4875 0.775
vt 0.6375 0.525
vt 0.6375 0.725
vt 0.7375 0.725
vt 0.7375 0.525
vt 0.6375 0.525
vt 0.7375 0.725
vt 0.6375 0.525
vt 0.6375 0.725
vt 0.7375 0.725
vt 0.7375 0.525
vt 0.6375 0.525
vt 0.7375 0.725
vt 0.6375 0.525
vt 0.6375 0.725
vt 0.7375 0.725
vt 0.7375 0.525
vt 0.6375 0.525
vt 0.7375 0.725
vt 0.6375 0.525
vt 0.6375 0.725
vt 0.7375 0.725
vt 0.7375 0.525
vt 0.6375 0.525
vt 0.7375 0.725
vt 0.6375 0.525
vt 0.6375 0.725
vt 0.7375 0.525
vt 0.6375 0.725
vt 0.7375 0.725
vt 0.7375 0.525
vt 0.6375 0.525
vt 0.6375 0.725
vt 0.7375 0.525
vt 0.6375 0.725
vt 0.7375 0.725
vt 0.7375 0.525
vt 0.6375 0.525
vt 0.6375 0.725
vt 0.7375 0.525
vt 0.6375 0.725
vt 0.7375 0.725
vt 0.7375 0.525
vt 0.6375 0.525
vt 0.6375 0.725
vt 0.7375 0.525
vt 0.6375 0.725
vt 0.7375 0.725
vt 0.7375 0.525
vt 0.5125 0.775
vt 0.5125 0.975
vt 0.6125 0.975
vt 0.6125 0.775
vt 0.5125 0.775
vt 0.6125 0.975
vt 0.5125 0.775
vt 0.5125 0.975
vt 0.6125 0.975
vt 0.6125 0.775
vt 0.5125 0.775
vt 0.6125 0.975
vt 0.5125 0.775
vt 0.5125 0.975
vt 0.6125 0.975
vt 0.6125 0.775
vt 0.5125 0.775
vt 0.6125 0.975
vt 0.5125 0.775
vt 0.5125 0.975
vt 0.6125 0.975
vt 0.6125 0.775
vt 0.5125 0.775
vt 0.6125 0.975
vt 0.5125 0.775
vt 0.5125 0.975
vt 0.6125 0.775
vt 0.5125 0.975
vt 0.6125 0.975
vt 0.6125 0.775
vt 0.5125 0.775
vt 0.5125 0.975
vt 0.6125 0.775
vt 0.5125 0.975
vt 0.6125 0.975
vt 0.6125 0.775
vt 0.5125 0.775
vt 0.5125 0.975
vt 0.6125 0.775
vt 0.5125 0.975
vt 0.6125 0.975
vt 0.6125 0.775
vt 0.5125 0.775
vt 0.5125 0.975
vt 0.6125 0.775
vt 0.5125 0.975
vt 0.6125 0.975
vt 0.6125 0.775
vt 0.2625 0.775
vt 0.2625 0.975
vt 0.3625 0.975
vt 0.3625 0.775
vt 0.2625 0.775
vt 0.3625 0.975
vt 0.2625 0.775
vt 0.2625 0.975
vt 0.3625 0.975
vt 0.3625 0.775
vt 0.2625 0.775
vt 0.3625 0.975
vt 0.2625 0.775
vt 0.2625 0.975
vt 0.3625 0.975
vt 0.3625 0.775
vt 0.2625 0.775
vt 0.3625 0.975
vt 0.2625 0.775
vt 0.2625 0.975
vt 0.3625 0.975
vt 0.3625 0.775
vt 0.2625 0.775
vt 0.3625 0.975
vt 0.2625 0.775
vt 0.2625 0.975
vt 0.3625 0.775
vt 0.2625 0.975
vt 0.3625 0.975
vt 0.3625 0.775
vt 0.2625 0.775
vt 0.2625 0.975
vt 0.3625 0.775
vt 0.2625 0.975
vt 0.3625 0.975
vt 0.3625 0.775
vt 0.2625 0.775
vt 0.2625 0.975
vt 0.3625 0.775
vt 0.2625 0.975
vt 0.3625 0.975
vt 0.3625 0.775
vt 0.2625 0.775
vt 0.2625 0.975
vt 0.3625 0.775
vt 0.2625 0.975
vt 0.3625 0.975
vt 0.3625 0.775
vt 0.87625 0.025
vt 0.87625 0.225
vt 0.87625 0.225
vt 0.87625 0.025
vt 0.87625 0.025
vt 0.87625 0.225
vt 0.87625 0.025
vt 0.87625 0.225
vt 0.87625 0.225
vt 0.87625 0.025
vt 0.87625 0.025
vt 0.87625 0.225
vt 0.87625 0.025
vt 0.87625 0.225
vt 0.87625 0.225
vt 0.87625 0.025
vt 0.87625 0.025
vt 0.87625 0.225
vt 0.87625 0.025
vt 0.87625 0.225
vt 0.87625 0.225
vt 0.87625 0.025
vt 0.87625 0.025
vt 0.87625 0.225
vt 0.87625 0.025
vt 0.87625 0.225
vt 0.87625 0.025
vt 0.87625 0.225
vt 0.87625 0.225
vt 0.87625 0.025
vt 0.87625 0.025
vt 0.87625 0.225
vt 0.87625 0.025
vt 0.87625 0.225
vt 0.87625 0.225
vt 0.87625 0.025
vt 0.87625 0.025
vt 0.87625 0.225
vt 0.87625 0.025
vt 0.87625 0.225
vt 0.87625 0.225
vt 0.87625 0.025
vt 0.87625 0.025
vt 0.87625 0.225
vt 0.87625 0.025
vt 0.87625 0.225
vt 0.87625 0.225
vt 0.87625 0.025
vt 0.4375 0.775
vt 0.4375 0.975
vt 0.4625 0.975
vt 0.4625 0.775
vt 0.4375 0.775
vt 0.4625 0.975
vt 0.4625 0.775
vt 0.4625 0.975
vt 0.4875 0.975
vt 0.4875 0.775
vt 0.4625 0.775
vt 0.4875 0.975
vt 0.3875 0.775
vt 0.3875 0.975
vt 0.4125 0.975
vt 0.4125 0.775
vt 0.3875 0.775
vt 0.4125 0.975
vt 0.4125 0.775
vt 0.4125 0.975
vt 0.4375 0.975
vt 0.4375 0.775
vt 0.4125 0.775
vt 0.4375 0.975
vt 0.4375 0.775
vt 0.4375 0.975
vt 0.4625 0.775
vt 0.4375 0.975
vt 0.4625 0.975
vt 0.4625 0.775
vt 0.4625 0.775
vt 0.4625 0.975
vt 0.4875 0.775
vt 0.4625 0.975
vt 0.4875 0.975
vt 0.4875 0.775
vt 0.3875 0.775
vt 0.3875 0.975
vt 0.4125 0.775
vt 0.3875 0.975
vt 0.4125 0.975
vt 0.4125 0.775
vt 0.4125 0.775
vt 0.4125 0.975
vt 0.4375 0.775
vt 0.4125 0.975
vt 0.4375 0.975
vt 0.4375 0.775
vt 0.3125 0.775
vt 0.3125 0.975
vt 0.3375 0.975
vt 0.3375 0.775
vt 0.3125 0.775
vt 0.3375 0.975
vt 0.3375 0.775
vt 0.3375 0.975
vt 0.3625 0.975
vt 0.3625 0.775
vt 0.3375 0.775
vt 0.3625 0.975
vt 0.2625 0.775
vt 0.2625 0.975
vt 0.2875 0.975
vt 0.2875 0.775
vt 0.2625 0.775
vt 0.2875 0.975
vt 0.2875 0.775
vt 0.2875 0.975
vt 0.3125 0.975
vt 0.3125 0.775
vt 0.2875 0.775
vt 0.3125 0.975
vt 0.3125 0.775
vt 0.3125 0.975
vt 0.3375 0.775
vt 0.3125 0.975
vt 0.3375 0.975
vt 0.3375 0.775
vt 0.3375 0.775
vt 0.3375 0.975
vt 0.3625 0.775
vt 0.3375 0.975
vt 0.3625 0.975
vt 0.3625 0.775
vt 0.2625 0.775
vt 0.2625 0.975
vt 0.2875 0.775
vt 0.2625 0.975
vt 0.2875 0.975
vt 0.2875 0.775
vt 0.2875 0.775
vt 0.2875 0.975
vt 0.3125 0.775
vt 0.2875 0.975
vt 0.3125 0.975
vt 0.3125 0.775
vt 0.6875 0.525
vt 0.6875 0.725
vt 0.7125 0.725
vt 0.7125 0.525
vt 0.6875 0.525
vt 0.7125 0.725
vt 0.7125 0.525
vt 0.7125 0.725
vt 0.7375 0.725
vt 0.7375 0.525
vt 0.7125 0.525
vt 0.7375 0.725
vt 0.6375 0.525
vt 0.6375 0.725
vt 0.6625 0.725
vt 0.6625 0.525
vt 0.6375 0.525
vt 0.6625 0.725
vt 0.6625 0.525
vt 0.6625 0.725
vt 0.6875 0.725
vt 0.6875 0.525
vt 0.6625 0.525
vt 0.6875 0.725
vt 0.6875 0.525
vt 0.6875 0.725
vt 0.7125 0.525
vt 0.6875 0.725
vt 0.7125 0.725
vt 0.7125 0.525
vt 0.7125 0.525
vt 0.7125 0.725
vt 0.7375 0.525
vt 0.7125 0.725
vt 0.7375 0.725
vt 0.7375 0.525
vt 0.6375 0.525
vt 0.6375 0.725
vt 0.6625 0.525
vt 0.6375 0.725
vt 0.6625 0.725
vt 0.6625 0.525
vt 0.6625 0.525
vt 0.6625 0.725
vt 0.6875 0.525
vt 0.6625 0.725
vt 0.6875 0.725
vt 0.6875 0.525
vt 0.1875 0.275
vt 0.1875 0.475
vt 0.2125 0.475
vt 0.2125 0.275
vt 0.1875 0.275
vt 0.2125 0.475
vt 0.2125 0.275
vt 0.2125 0.475
vt 0.2375 0.475
vt 0.2375 0.275
vt 0.2125 0.275
vt 0.2375 0.475
vt 0.1375 0.275
vt 0.1375 0.475
vt 0.1625 0.475
vt 0.1625 0.275
vt 0.1375 0.275
vt 0.1625 0.475
vt 0.1625 0.275
vt 0.1625 0.475
vt 0.1875 0.475
vt 0.1875 0.275
vt 0.1625 0.275
vt 0.1875 0.475
vt 0.1875 0.275
vt 0.1875 0.475
vt 0.2125 0.275
vt 0.1875 0.475
vt 0.2125 0.475
vt 0.2125 0.275
vt 0.2125 0.275
vt 0.2125 0.475
vt 0.2375 0.275
vt 0.2125 0.475
vt 0.2375 0.475
vt 0.2375 0.275
vt 0.1375 0.275
vt 0.1375 0.475
vt 0.1625 0.275
vt 0.1375 0.475
vt 0.1625 0.475
vt 0.1625 0.275
vt 0.1625 0.275
vt 0.1625 0.475
vt 0.1875 0.275
vt 0.1625 0.475
vt 0.1875 0.475
vt 0.1875 0.275
vt 0.1875 0.275
vt 0.1875 0.475
vt 0.2125 0.475
vt 0.2125 0.275
vt 0.1875 0.275
vt 0.2125 0.475
vt 0.2125 0.275
vt 0.2125 0.475
vt 0.2375 0.475
vt 0.2375 0.275
vt 0.2125 0.275
vt 0.2375 0.475
vt 0.1375 0.275
vt 0.1375 0.475
vt 0.1625 0.475
vt 0.1625 0.275
vt 0.1375 0.275
vt 0.1625 0.475
vt 0.1625 0.275
vt 0.1625 0.475
vt 0.1875 0.475
vt 0.1875 0.275
vt 0.1625 0.275
vt 0.1875 0.475
vt 0.1875 0.275
vt 0.1875 0.475
vt 0.2125 0.275
vt 0.1875 0.475
vt 0.2125 0.475
vt 0.2125 0.275
vt 0.2125 0.275
vt 0.2125 0.475
vt 0.2375 0.275
vt 0.2125 0.475
vt 0.2375 0.475
vt 0.2375 0.275
vt 0.1375 0.275
vt 0.1375 0.475
vt 0.1625 0.275
vt 0.1375 0.475
vt 0.1625 0.475
vt 0.1625 0.275
vt 0.1625 0.275
vt 0.1625 0.475
vt 0.1875 0.275
vt 0.1625 0.475
vt 0.1875 0.475
vt 0.1875 0.275
vt 0.6875 0.525
vt 0.6875 0.725
vt 0.7125 0.725
vt 0.7125 0.525
vt 0.6875 0.525
vt 0.7125 0.725
vt 0.7125 0.525
vt 0.7125 0.725
vt 0.7375 0.725
vt 0.7375 0.525
vt 0.7125 0.525
vt 0.7375 0.725
vt 0.6375 0.525
vt 0.6375 0.725
vt 0.6625 0.725
vt 0.6625 0.525
vt 0.6375 0.525
vt 0.6625 0.725
vt 0.6625 0.525
vt 0.6625 0.725
vt 0.6875 0.725
vt 0.6875 0.525
vt 0.6625 0.525
vt 0.6875 0.725
vt 0.6875 0.525
vt 0.6875 0.725
vt 0.7125 0.525
vt 0.6875 0.725
vt 0.7125 0.725
vt 0.7125 0.525
vt 0.7125 0.525
vt 0.7125 0.725
vt 0.7375 0.525
vt 0.7125 0.725
vt 0.7375 0.725
vt 0.7375 0.525
vt 0.6375 0.525
vt 0.6375 0.725
vt 0.6625 0.525
vt 0.6375 0.725
vt 0.6625 0.725
vt 0.6625 0.525
vt 0.6625 0.525
vt 0.6625 0.725
vt 0.6875 0.525
vt 0.6625 0.725
vt 0.6875 0.725
vt 0.6875 0.525
vt 0.5625 0.775
vt 0.5625 0.975
vt 0.5875 0.975
vt 0.5875 0.775
vt 0.5625 0.775
vt 0.5875 0.975
vt 0.5875 0.775
vt 0.5875 0.975
vt 0.6125 0.975
vt 0.6125 0.775
vt 0.5875 0.775
vt 0.6125 0.975
vt 0.5125 0.775
vt 0.5125 0.975
vt 0.5375 0.975
vt 0.5375 0.775
vt 0.5125 0.775
vt 0.5375 0.975
vt 0.5375 0.775
vt 0.5375 0.975
vt 0.5625 0.975
vt 0.5625 0.775
vt 0.5375 0.775
vt 0.5625 0.975
vt 0.5625 0.775
vt 0.5625 0.975
vt 0.5875 0.775
vt 0.5625 0.975
vt 0.5875 0.975
vt 0.5875 0.775
vt 0.5875 0.775
vt 0.5875 0.975
vt 0.6125 0.775
vt 0.5875 0.975
vt 0.6125 0.975
vt 0.6125 0.775
vt 0.5125 0.775
vt 0.5125 0.975
vt 0.5375 0.775
vt 0.5125 0.975
vt 0.5375 0.975
vt 0.5375 0.775
vt 0.5375 0.775
vt 0.5375 0.975
vt 0.5625 0.775
vt 0.5375 0.975
vt 0.5625 0.975
vt 0.5625 0.775
vt 0.3125 0.775
vt 0.3125 0.975
vt 0.3375 0.975
vt 0.3375 0.775
vt 0.3125 0.775
vt 0.3375 0.975
vt 0.3375 0.775
vt 0.3375 0.975
vt 0.3625 0.975
vt 0.3625 0.775
vt 0.3375 0.775
vt 0.3625 0.975
vt 0.2625 0.775
vt 0.2625 0.975
vt 0.2875 0.975
vt 0.2875 0.775
vt 0.2625 0.775
vt 0.2875 0.975
vt 0.2875 0.775
vt 0.2875 0.975
vt 0.3125 0.975
vt 0.3125 0.775
vt 0.2875 0.775
vt 0.3125 0.975
vt 0.3125 0.775
vt 0.3125 0.975
vt 0.3375 0.775
vt 0.3125 0.975
vt 0.3375 0.975
vt 0.3375 0.775
vt 0.3375 0.775
vt 0.3375 0.975
vt 0.3625 0.775
vt 0.3375 0.975
vt 0.3625 0.975
vt 0.3625 0.775
vt 0.2625 0.775
vt 0.2625 0.975
vt 0.2875 0.775
vt 0.2625 0.975
vt 0.2875 0.975
vt 0.2875 0.775
vt 0.2875 0.775
vt 0.2875 0.975
vt 0.3125 0.775
vt 0.2875 0.975
vt 0.3125 0.975
vt 0.3125 0.775
vt 0.87625 0.025
vt 0.87625 0.225
vt 0.87625 0.225
vt 0.87625 0.025
vt 0.87625 0.025
vt 0.87625 0.225
vt 0.87625 0.025
vt 0.87625 0.225
vt 0.87625 0.225
vt 0.87625 0.025
vt 0.87625 0.025
vt 0.87625 0.225
vt 0.87625 0.025
vt 0.87625 0.225
vt 0.87625 0.225
vt 0.87625 0.025
vt 0.87625 0.025
vt 0.87625 0.225
vt 0.87625 0.025
vt 0.87625 0.225
vt 0.87625 0.225
vt 0.87625 0.025
vt 0.87625 0.025
vt 0.87625 0.225
vt 0.87625 0.025
vt 0.87625 0.225
vt 0.87625 0.025
vt 0.87625 0.225
vt 0.87625 0.225
vt 0.87625 0.025
vt 0.87625 0.025
vt 0.87625 0.225
vt 0.87625 0.025
vt 0.87625 0.225
vt 0.87625 0.225
vt 0.87625 0.025
vt 0.87625 0.025
vt 0.87625 0.225
vt 0.87625 0.025
vt 0.87625 0.225
vt 0.87625 0.225
vt 0.87625 0.025
vt 0.87625 0.025
vt 0.87625 0.225
vt 0.87625 0.025
vt 0.87625 0.225
vt 0.87625 0.225
vt 0.87625 0.025
vt 0.3875 0.775
vt 0.3875 0.975
vt 0.4875 0.975
vt 0.4875 0.775
vt 0.3875 0.775
vt 0.4875 0.975
vt 0.3875 0.775
vt 0.3875 0.975
vt 0.4875 0.975
vt 0.4875 0.775
vt 0.3875 0.775
vt 0.4875 0.975
vt 0.3875 0.775
vt 0.3875 0.975
vt 0.4875 0.975
vt 0.4875 0.775
vt 0.3875 0.775
vt 0.4875 0.975
vt 0.3875 0.775
vt 0.3875 0.975
vt 0.4875 0.975
vt 0.4875 0.775
vt 0.3875 0.775
vt 0.4875 0.975
vt 0.3875 0.775
vt 0.3875 0.975
vt 0.4875 0.775
vt 0.3875 0.975
vt 0.4875 0.975
vt 0.4875 0.775
vt 0.3875 0.775
vt 0.3875 0.975
vt 0.4875 0.775
vt 0.3875 0.975
vt 0.4875 0.975
vt 0.4875 0.775
vt 0.3875 0.775
vt 0.3875 0.975
vt 0.4875 0.775
vt 0.3875 0.975
vt 0.4875 0.975
vt 0.4875 0.775
vt 0.3875 0.775
vt 0.3875 0.975
vt 0.4875 0.775
vt 0.3875 0.975
vt 0.4875 0.975
vt 0.4875 0.775
vt 0.3125 0.775
vt 0.3125 0.975
vt 0.3375 0.975
vt 0.3375 0.775
vt 0.3125 0.775
vt 0.3375 0.975
vt 0.3375 0.775
vt 0.3375 0.975
vt 0.3625 0.975
vt 0.3625 0.775
vt 0.3375 0.775
vt 0.3625 0.975
vt 0.2625 0.775
vt 0.2625 0.975
vt 0.2875 0.975
vt 0.2875 0.775
vt 0.2625 0.775
vt 0.2875 0.975
vt 0.2875 0.775
vt 0.2875 0.975
vt 0.3125 0.975
vt 0.3125 0.775
vt 0.2875 0.775
vt 0.3125 0.975
vt 0.3125 0.775
vt 0.3125 0.975
vt 0.3375 0.775
vt 0.3125 0.975
vt 0.3375 0.975
vt 0.3375 0.775
vt 0.3375 0.775
vt 0.3375 0.975
vt 0.3625 0.775
vt 0.3375 0.975
vt 0.3625 0.975
vt 0.3625 0.775
vt 0.2625 0.775
vt 0.2625 0.975
vt 0.2875 0.775
vt 0.2625 0.975
vt 0.2875 0.975
vt 0.2875 0.775
vt 0.2875 0.775
vt 0.2875 0.975
vt 0.3125 0.775
vt 0.2875 0.975
vt 0.3125 0.975
vt 0.3125 0.775
vt 0.6875 0.525
vt 0.6875 0.725
vt 0.7125 0.725
vt 0.7125 0.525
vt 0.6875 0.525
vt 0.7125 0.725
vt 0.7125 0.525
vt 0.7125 0.725
vt 0.7375 0.725
vt 0.7375 0.525
vt 0.7125 0.525
vt 0.7375 0.725
vt 0.6375 0.525
vt 0.6375 0.725
vt 0.6625 0.725
vt 0.6625 0.525
vt 0.6375 0.525
vt 0.6625 0.725
vt 0.6625 0.525
vt 0.6625 0.725
vt 0.6875 0.725
vt 0.6875 0.525
vt 0.6625 0.525
vt 0.6875 0.725
vt 0.6875 0.525
vt 0.6875 0.725
vt 0.7125 0.525
vt 0.6875 0.725
vt 0.7125 0.725
vt 0.7125 0.525
vt 0.7125 0.525
vt 0.7125 0.725
vt 0.7375 0.525
vt 0.7125 0.725
vt 0.7375 0.725
vt 0.7375 0.525
vt 0.6375 0.525
vt 0.6375 0.725
vt 0.6625 0.525
vt 0.6375 0.725
vt 0.6625 0.725
vt 0.6625 0.525
vt 0.6625 0.525
vt 0.6625 0.725
vt 0.6875 0.525
vt 0.6625 0.725
vt 0.6875 0.725
vt 0.6875 0.525
vt 0.1875 0.275
vt 0.1875 0.475
vt 0.2125 0.475
vt 0.2125 0.275
vt 0.1875 0.275
vt 0.2125 0.475
vt 0.2125 0.275
vt 0.2125 0.475
vt 0.2375 0.475
vt 0.2375 0.275
vt 0.2125 0.275
vt 0.2375 0.475
vt 0.1375 0.275
vt 0.1375 0.475
vt 0.1625 0.475
vt 0.1625 0.275
vt 0.1375 0.275
vt 0.1625 0.475
vt 0.1625 0.275
vt 0.1625 0.475
vt 0.1875 0.475
vt 0.1875 0.275
vt 0.1625 0.275
vt 0.1875 0.475
vt 0.1875 0.275
vt 0.1875 0.475
vt 0.2125 0.275
vt 0.1875 0.475
vt 0.2125 0.475
vt 0.2125 0.275
vt 0.2125 0.275
vt 0.2125 0.475
vt 0.2375 0.275
vt 0.2125 0.475
vt 0.2375 0.475
vt 0.2375 0.275
vt 0.1375 0.275
vt 0.1375 0.475
vt 0.1625 0.275
vt 0.1375 0.475
vt 0.1625 0.475
vt 0.1625 0.275
vt 0.1625 0.275
vt 0.1625 0.475
vt 0.1875 0.275
vt 0.1625 0.475
vt 0.1875 0.475
vt 0.1875 0.275
vt 0.6875 0.525
vt 0.6875 0.725
vt 0.7125 0.725
vt 0.7125 0.525
vt 0.6875 0.525
vt 0.7125 0.725
vt 0.7125 0.525
vt 0.7125 0.725
vt 0.7375 0.725
vt 0.7375 0.525
vt 0.7125 0.525
vt 0.7375 0.725
vt 0.6375 0.525
vt 0.6375 0.725
vt 0.6625 0.725
vt 0.6625 0.525
vt 0.6375 0.525
vt 0.6625 0.725
vt 0.6625 0.525
vt 0.6625 0.725
vt 0.6875 0.725
vt 0.6875 0.525
vt 0.6625 0.525
vt 0.6875 0.725
vt 0.6875 0.525
vt 0.6875 0.725
vt 0.7125 0.525
vt 0.6875 0.725
vt 0.7125 0.725
vt 0.7125 0.525
vt 0.7125 0.525
vt 0.7125 0.725
vt 0.7375 0.525
vt 0.7125 0.725
vt 0.7375 0.725
vt 0.7375 0.525
vt 0.6375 0.525
vt 0.6375 0.725
vt 0.6625 0.525
vt 0.6375 0.725
vt 0.6625 0.725
vt 0.6625 0.525
vt 0.6625 0.525
vt 0.6625 0.725
vt 0.6875 0.525
vt 0.6625 0.725
vt 0.6875 0.725
vt 0.6875 0.525
vt 0.5625 0.775
vt 0.5625 0.975
vt 0.5875 0.975
vt 0.5875 0.775
vt 0.5625 0.775
vt 0.5875 0.975
vt 0.5875 0.775
vt 0.5875 0.975
vt 0.6125 0.975
vt 0.6125 0.775
vt 0.5875 0.775
vt 0.6125 0.975
vt 0.5125 0.775
vt 0.5125 0.975
vt 0.5375 0.975
vt 0.5375 0.775
vt 0.5125 0.775
vt 0.5375 0.975
vt 0.5375 0.775
vt 0.5375 0.975
vt 0.5625 0.975
vt 0.5625 0.775
vt 0.5375 0.775
vt 0.5625 0.975
vt 0.5625 0.775
vt 0.5625 0.975
vt 0.5875 0.775
vt 0.5625 0.975
vt 0.5875 0.975
vt 0.5875 0.775
vt 0.5875 0.775
vt 0.5875 0.975
vt 0.6125 0.775
vt 0.5875 0.975
vt 0.6125 0.975
vt 0.6125 0.775
vt 0.5125 0.775
vt 0.5125 0.975
vt 0.5375 0.775
vt 0.5125 0.975
vt 0.5375 0.975
vt 0.5375 0.775
vt 0.5375 0.775
vt 0.5375 0.975
vt 0.5625 0.775
vt 0.5375 0.975
vt 0.5625 0.975
vt 0.5625 0.775
vt 0.3125 0.775
vt 0.3125 0.975
vt 0.3375 0.975
vt 0.3375 0.775
vt 0.3125 0.775
vt 0.3375 0.975
vt 0.3375 0.775
vt 0.3375 0.975
vt 0.3625 0.975
vt 0.3625 0.775
vt 0.3375 0.775
vt 0.3625 0.975
vt 0.2625 0.775
vt 0.2625 0.975
vt 0.2875 0.975
vt 0.2875 0.775
vt 0.2625 0.775
vt 0.2875 0.975
vt 0.2875 0.775
vt 0.2875 0.975
vt 0.3125 0.975
vt 0.3125 0.775
vt 0.2875 0.775
vt 0.3125 0.975
vt 0.3125 0.775
vt 0.3125 0.975
vt 0.3375 0.775
vt 0.3125 0.975
vt 0.3375 0.975
vt 0.3375 0.775
vt 0.3375 0.775
vt 0.3375 0.975
vt 0.3625 0.775
vt 0.3375 0.975
vt 0.3625 0.975
vt 0.3625 0.775
vt 0.2625 0.775
vt 0.2625 0.975
vt 0.2875 0.775
vt 0.2625 0.975
vt 0.2875 0.975
vt 0.2875 0.775
vt 0.2875 0.775
vt 0.2875 0.975
vt 0.3125 0.775
vt 0.2875 0.975
vt 0.3125 0.975
vt 0.3125 0.775
vt 0.87625 0.025
vt 0.87625 0.225
vt 0.87625 0.225
vt 0.87625 0.025
vt 0.87625 0.025
vt 0.87625 0.225
vt 0.87625 0.025
vt 0.87625 0.225
vt 0.87625 0.225
vt 0.87625 0.025
vt 0.87625 0.025
vt 0.87625 0.225
vt 0.87625 0.025
vt 0.87625 0.225
vt 0.87625 0.225
vt 0.87625 0.025
vt 0.87625 0.025
vt 0.87625 0.225
vt 0.87625 0.025
vt 0.87625 0.225
vt 0.87625 0.225
vt 0.87625 0.025
vt 0.87625 0.025
vt 0.87625 0.225
vt 0.87625 0.025
vt 0.87625 0.225
vt 0.87625 0.025
vt 0.87625 0.225
vt 0.87625 0.225
vt 0.87625 0.025
vt 0.87625 0.025
vt 0.87625 0.225
vt 0.87625 0.025
vt 0.87625 0.225
vt 0.87625 0.225
vt 0.87625 0.025
vt 0.87625 0.025
vt 0.87625 0.225
vt 0.87625 0.025
vt 0.87625 0.225
vt 0.87625 0.225
vt 0.87625 0.025
vt 0.87625 0.025
vt 0.87625 0.225
vt 0.87625 0.025
vt 0.87625 0.225
vt 0.87625 0.225
vt 0.87625 0.025
vt 0.4375 0.775
vt 0.4375 0.975
vt 0.4625 0.975
vt 0.4625 0.775
vt 0.4375 0.775
vt 0.4625 0.975
vt 0.4625 0.775
vt 0.4625 0.975
vt 0.4875 0.975
vt 0.4875 0.775
vt 0.4625 0.775
vt 0.4875 0.975
vt 0.3875 0.775
vt 0.3875 0.975
vt 0.4125 0.975
vt 0.4125 0.775
vt 0.3875 0.775
vt 0.4125 0.975
vt 0.4125 0.775
vt 0.4125 0.975
vt 0.4375 0.975
vt 0.4375 0.775
vt 0.4125 0.775
vt 0.4375 0.975
vt 0.4375 0.775
vt 0.4375 0.975
vt 0.4625 0.775
vt 0.4375 0.975
vt 0.4625 0.975
vt 0.4625 0.775
vt 0.4625 0.775
vt 0.4625 0.975
vt 0.4875 0.775
vt 0.4625 0.975
vt 0.4875 0.975
vt 0.4875 0.775
vt 0.3875 0.775
vt 0.3875 0.975
vt 0.4125 0.775
vt 0.3875 0.975
vt 0.4125 0.975
vt 0.4125 0.775
vt 0.4125 0.775
vt 0.4125 0.975
vt 0.4375 0.775
vt 0.4125 0.975
vt 0.4375 0.975
vt 0.4375 0.775
vt 0.2625 0.775
vt 0.2625 0.975
vt 0.3625 0.975
vt 0.3625 0.775
vt 0.2625 0.775
vt 0.3625 0.975
vt 0.2625 0.775
vt 0.2625 0.975
vt 0.3625 0.975
vt 0.3625 0.775
vt 0.2625 0.775
vt 0.3625 0.975
vt 0.2625 0.775
vt 0.2625 0.975
vt 0.3625 0.975
vt 0.3625 0.775
vt 0.2625 0.775
vt 0.3625 0.975
vt 0.2625 0.775
vt 0.2625 0.975
vt 0.3625 0.975
vt 0.3625 0.775
vt 0.2625 0.775
vt 0.3625 0.975
vt 0.2625 0.775
vt 0.2625 0.975
vt 0.3625 0.775
vt 0.2625 0.975
vt 0.3625 0.975
vt 0.3625 0.775
vt 0.2625 0.775
vt 0.2625 0.975
vt 0.3625 0.775
vt 0.2625 0.975
vt 0.3625 0.975
vt 0.3625 0.775
vt 0.2625 0.775
vt 0.2625 0.975
vt 0.3625 0.775
vt 0.2625 0.975
vt 0.3625 0.975
vt 0.3625 0.775
vt 0.2625 0.775
vt 0.2625 0.975
vt 0.3625 0.775
vt 0.2625 0.975
vt 0.3625 0.975
vt 0.3625 0.775
vt 0.6375 0.525
vt 0.6375 0.725
vt 0.7375 0.725
vt 0.7375 0.525
vt 0.6375 0.525
vt 0.7375 0.725
vt 0.6375 0.525
vt 0.6375 0.725
vt 0.7375 0.725
vt 0.7375 0.525
vt 0.6375 0.525
vt 0.7375 0.725
vt 0.6375 0.525
vt 0.6375 0.725
vt 0.7375 0.725
vt 0.7375 0.525
vt 0.6375 0.525
vt 0.7375 0.725
vt 0.6375 0.525
vt 0.6375 0.725
vt 0.7375 0.725
vt 0.7375 0.525
vt 0.6375 0.525
vt 0.7375 0.725
vt 0.6375 0.525
vt 0.6375 0.725
vt 0.7375 0.525
vt 0.6375 0.725
vt 0.7375 0.725
vt 0.7375 0.525
vt 0.6375 0.525
vt 0.6375 0.725
vt 0.7375 0.525
vt 0.6375 0.725
vt 0.7375 0.725
vt 0.7375 0.525
vt 0.6375 0.525
vt 0.6375 0.725
vt 0.7375 0.525
vt 0.6375 0.725
vt 0.7375 0.725
vt 0.7375 0.525
vt 0.6375 0.525
vt 0.6375 0.725
vt 0.7375 0.525
vt 0.6375 0.725
vt 0.7375 0.725
vt 0.7375 0.525
vt 0.1375 0.275
vt 0.1375 0.475
vt 0.2375 0.475
vt 0.2375 0.275
vt 0.1375 0.275
vt 0.2375 0.475
vt 0.1375 0.275
vt 0.1375 0.475
vt 0.2375 0.475
vt 0.2375 0.275
vt 0.1375 0.275
vt 0.2375 0.475
vt 0.1375 0.275
vt 0.1375 0.475
vt 0.2375 0.475
vt 0.2375 0.275
vt 0.1375 0.275
vt 0.2375 0.475
vt 0.1375 0.275
vt 0.1375 0.475
vt 0.2375 0.475
vt 0.2375 0.275
vt 0.1375 0.275
vt 0.2375 0.475
vt 0.1375 0.275
vt 0.1375 0.475
vt 0.2375 0.275
vt 0.1375 0.475
vt 0.2375 0.475
vt 0.2375 0.275
vt 0.1375 0.275
vt 0.1375 0.475
vt 0.2375 0.275
vt 0.1375 0.475
vt 0.2375 0.475
vt 0.2375 0.275
vt 0.1375 0.275
vt 0.1375 0.475
vt 0.2375 0.275
vt 0.1375 0.475
vt 0.2375 0.475
vt 0.2375 0.275
vt 0.1375 0.275
vt 0.1375 0.475
vt 0.2375 0.275
vt 0.1375 0.475
vt 0.2375 0.475
vt 0.2375 0.275
vt 0.0625 0.275
vt 0.0625 0.475
vt 0.075 0.475
vt 0.075 0.275
vt 0.0625 0.275
vt 0.075 0.475
vt 0.075 0.275
vt 0.075 0.475
vt 0.0875 0.475
vt 0.0875 0.275
vt 0.075 0.275
vt 0.0875 0.475
vt 0.0875 0.275
vt 0.0875 0.475
vt 0.1 0.475
vt 0.1 0.275
vt 0.0875 0.275
vt 0.1 0.475
vt 0.1 0.275
vt 0.1 0.475
vt 0.1125 0.475
vt 0.1125 0.275
vt 0.1 0.275
vt 0.1125 0.475
vt 0.0125 0.275
vt 0.0125 0.475
vt 0.025 0.475
vt 0.025 0.275
vt 0.0125 0.275
vt 0.025 0.475
vt 0.025 0.275
vt 0.025 0.475
vt 0.0375 0.475
vt 0.0375 0.275
vt 0.025 0.275
vt 0.0375 0.475
vt 0.0375 0.275
vt 0.0375 0.475
vt 0.05 0.475
vt 0.05 0.275
vt 0.0375 0.275
vt 0.05 0.475
vt 0.05 0.275
vt 0.05 0.475
vt 0.0625 0.475
vt 0.0625 0.275
vt 0.05 0.275
vt 0.0625 0.475
vt 0.0625 0.275
vt 0.0625 0.475
vt 0.075 0.275
vt 0.0625 0.475
vt 0.075 0.475
vt 0.075 0.275
vt 0.075 0.275
vt 0.075 0.475
vt 0.0875 0.275
vt 0.075 0.475
vt 0.0875 0.475
vt 0.0875 0.275
vt 0.0875 0.275
vt 0.0875 0.475
vt 0.1 0.275
vt 0.0875 0.475
vt 0.1 0.475
vt 0.1 0.275
vt 0.1 0.275
vt 0.1 0.475
vt 0.1125 0.275
vt 0.1 0.475
vt 0.1125 0.475
vt 0.1125 0.275
vt 0.0125 0.275
vt 0.0125 0.475
vt 0.025 0.275
vt 0.0125 0.475
vt 0.025 0.475
vt 0.025 0.275
vt 0.025 0.275
vt 0.025 0.475
vt 0.0375 0.275
vt 0.025 0.475
vt 0.0375 0.475
vt 0.0375 0.275
vt 0.0375 0.275
vt 0.0375 0.475
vt 0.05 0.275
vt 0.0375 0.475
vt 0.05 0.475
vt 0.05 0.275
vt 0.05 0.275
vt 0.05 0.475
vt 0.0625 0.275
vt 0.05 0.475
vt 0.0625 0.475
vt 0.0625 0.275
vt 0.3125 0.525
vt 0.3125 0.725
vt 0.325 0.725
vt 0.325 0.525
vt 0.3125 0.525
vt 0.325 0.725
vt 0.325 0.525
vt 0.325 0.725
vt 0.3375 0.725
vt 0.3375 0.525
vt 0.325 0.525
vt 0.3375 0.725
vt 0.3375 0.525
vt 0.3375 0.725
vt 0.35 0.725
vt 0.35 0.525
vt 0.3375 0.525
vt 0.35 0.725
vt 0.35 0.525
vt 0.35 0.725
vt 0.3625 0.725
vt 0.3625 0.525
vt 0.35 0.525
vt 0.3625 0.725
vt 0.2625 0.525
vt 0.2625 0.725
vt 0.275 0.725
vt 0.275 0.525
vt 0.2625 0.525
vt 0.275 0.725
vt 0.275 0.525
vt 0.275 0.725
vt 0.2875 0.725
vt 0.2875 0.525
vt 0.275 0.525
vt 0.2875 0.725
vt 0.2875 0.525
vt 0.2875 0.725
vt 0.3 0.725
vt 0.3 0.525
vt 0.2875 0.525
vt 0.3 0.725
vt 0.3 0.525
vt 0.3 0.725
vt 0.3125 0.725
vt 0.3125 0.525
vt 0.3 0.525
vt 0.3125 0.725
vt 0.3125 0.525
vt 0.3125 0.725
vt 0.325 0.525
vt 0.3125 0.725
vt 0.325 0.725
vt 0.325 0.525
vt 0.325 0.525
vt 0.325 0.725
vt 0.3375 0.525
vt 0.325 0.725
vt 0.3375 0.725
vt 0.3375 0.525
vt 0.3375 0.525
vt 0.3375 0.725
vt 0.35 0.525
vt 0.3375 0.725
vt 0.35 0.725
vt 0.35 0.525
vt 0.35 0.525
vt 0.35 0.725
vt 0.3625 0.525
vt 0.35 0.725
vt 0.3625 0.725
vt 0.3625 0.525
vt 0.2625 0.525
vt 0.2625 0.725
vt 0.275 0.525
vt 0.2625 0.725
vt 0.275 0.725
vt 0.275 0.525
vt 0.275 0.525
vt 0.275 0.725
vt 0.2875 0.525
vt 0.275 0.725
vt 0.2875 0.725
vt 0.2875 0.525
vt 0.2875 0.525
vt 0.2875 0.725
vt 0.3 0.525
vt 0.2875 0.725
vt 0.3 0.725
vt 0.3 0.525
vt 0.3 0.525
vt 0.3 0.725
vt 0.3125 0.525
vt 0.3 0.725
vt 0.3125 0.725
vt 0.3125 0.525
vt 0.3125 0.775
vt 0.3125 0.975
vt 0.325 0.975
vt 0.325 0.775
vt 0.3125 0.775
vt 0.325 0.975
vt 0.325 0.775
vt 0.325 0.975
vt 0.3375 0.975
vt 0.3375 0.775
vt 0.325 0.775
vt 0.3375 0.975
vt 0.3375 0.775
vt 0.3375 0.975
vt 0.35 0.975
vt 0.35 0.775
vt 0.3375 0.775
vt 0.35 0.975
vt 0.35 0.775
vt 0.35 0.975
vt 0.3625 0.975
vt 0.3625 0.775
vt 0.35 0.775
vt 0.3625 0.975
vt 0.2625 0.775
vt 0.2625 0.975
vt 0.275 0.975
vt 0.275 0.775
vt 0.2625 0.775
vt 0.275 0.975
vt 0.275 0.775
vt 0.275 0.975
vt 0.2875 0.975
vt 0.2875 0.775
vt 0.275 0.775
vt 0.2875 0.975
vt 0.2875 0.775
vt 0.2875 0.975
vt 0.3 0.975
vt 0.3 0.775
vt 0.2875 0.775
vt 0.3 0.975
vt 0.3 0.775
vt 0.3 0.975
vt 0.3125 0.975
vt 0.3125 0.775
vt 0.3 0.775
vt 0.3125 0.975
vt 0.3125 0.775
vt 0.3125 0.975
vt 0.325 0.775
vt 0.3125 0.975
vt 0.325 0.975
vt 0.325 0.775
vt 0.325 0.775
vt 0.325 0.975
vt 0.3375 0.775
vt 0.325 0.975
vt 0.3375 0.975
vt 0.3375 0.775
vt 0.3375 0.775
vt 0.3375 0.975
vt 0.35 0.775
vt 0.3375 0.975
vt 0.35 0.975
vt 0.35 0.775
vt 0.35 0.775
vt 0.35 0.975
vt 0.3625 0.775
vt 0.35 0.975
vt 0.3625 0.975
vt 0.3625 0.775
vt 0.2625 0.775
vt 0.2625 0.975
vt 0.275 0.775
vt 0.2625 0.975
vt 0.275 0.975
vt 0.275 0.775
vt 0.275 0.775
vt 0.275 0.975
vt 0.2875 0.775
vt 0.275 0.975
vt 0.2875 0.975
vt 0.2875 0.775
vt 0.2875 0.775
vt 0.2875 0.975
vt 0.3 0.775
vt 0.2875 0.975
vt 0.3 0.975
vt 0.3 0.775
vt 0.3 0.775
vt 0.3 0.975
vt 0.3125 0.775
vt 0.3 0.975
vt 0.3125 0.975
vt 0.3125 0.775
vt 0.87625 0.025
vt 0.87625 0.225
vt 0.87625 0.225
vt 0.87625 0.025
vt 0.87625 0.025
vt 0.87625 0.225
vt 0.87625 0.025
vt 0.87625 0.225
vt 0.87625 0.225
vt 0.87625 0.025
vt 0.87625 0.025
vt 0.87625 0.225
vt 0.87625 0.025
vt 0.87625 0.225
vt 0.87625 0.225
vt 0.87625 0.025
vt 0.87625 0.025
vt 0.87625 0.225
vt 0.87625 0.025
vt 0.87625 0.225
vt 0.87625 0.225
vt 0.87625 0.025
vt 0.87625 0.025
vt 0.87625 0.225
vt 0.87625 0.025
vt 0.87625 0.225
vt 0.87625 0.225
vt 0.87625 0.025
vt 0.87625 0.025
vt 0.87625 0.225
vt 0.87625 0.025
vt 0.87625 0.225
vt 0.87625 0.225
vt 0.87625 0.025
vt 0.87625 0.025
vt 0.87625 0.225
vt 0.87625 0.025
vt 0.87625 0.225
vt 0.87625 0.225
vt 0.87625 0.025
vt 0.87625 0.025
vt 0.87625 0.225
vt 0.87625 0.025
vt 0.87625 0.225
vt 0.87625 0.225
vt 0.87625 0.025
vt 0.87625 0.025
vt 0.87625 0.225
vt 0.87625 0.025
vt 0.87625 0.225
vt 0.87625 0.025
vt 0.87625 0.225
vt 0.87625 0.225
vt 0.87625 0.025
vt 0.87625 0.025
vt 0.87625 0.225
vt 0.87625 0.025
vt 0.87625 0.225
vt 0.87625 0.225
vt 0.87625 0.025
vt 0.87625 0.025
vt 0.87625 0.225
vt 0.87625 0.025
vt 0.87625 0.225
vt 0.87625 0.225
vt 0.87625 0.025
vt 0.87625 0.025
vt 0.87625 0.225
vt 0.87625 0.025
vt 0.87625 0.225
vt 0.87625 0.225
vt 0.87625 0.025
vt 0.87625 0.025
vt 0.87625 0.225
vt 0.87625 0.025
vt 0.87625 0.225
vt 0.87625 0.225
vt 0.87625 0.025
vt 0.87625 0.025
vt 0.87625 0.225
vt 0.87625 0.025
vt 0.87625 0.225
vt 0.87625 0.225
vt 0.87625 0.025
vt 0.87625 0.025
vt 0.87625 0.225
vt 0.87625 0.025
vt 0.87625 0.225
vt 0.87625 0.225
vt 0.87625 0.025
vt 0.87625 0.025
vt 0.87625 0.225
vt 0.87625 0.025
vt 0.87625 0.225
vt 0.87625 0.225
vt 0.87625 0.025
vt 0.0125 0.525
vt 0.0125 0.725
vt 0.0625 0.725
vt 0.0625 0.525
vt 0.0125 0.525
vt 0.0625 0.725
vt 0.0625 0.525
vt 0.0625 0.725
vt 0.1125 0.725
vt 0.1125 0.525
vt 0.0625 0.525
vt 0.1125 0.725
vt 0.0125 0.525
vt 0.0125 0.725
vt 0.0625 0.725
vt 0.0625 0.525
vt 0.0125 0.525
vt 0.0625 0.725
vt 0.0625 0.525
vt 0.0625 0.725
vt 0.1125 0.725
vt 0.1125 0.525
vt 0.0625 0.525
vt 0.1125 0.725
vt 0.0125 0.525
vt 0.0125 0.725
vt 0.0625 0.725
vt 0.0625 0.525
vt 0.0125 0.525
vt 0.0625 0.725
vt 0.0625 0.525
vt 0.0625 0.725
vt 0.1125 0.725
vt 0.1125 0.525
vt 0.0625 0.525
vt 0.1125 0.725
vt 0.0125 0.525
vt 0.0125 0.725
vt 0.0625 0.725
vt 0.0625 0.525
vt 0.0125 0.525
vt 0.0625 0.725
vt 0.0625 0.525
vt 0.0625 0.725
vt 0.1125 0.725
vt 0.1125 0.525
vt 0.0625 0.525
vt 0.1125 0.725
vt 0.0125 0.525
vt 0.0125 0.725
vt 0.0625 0.525
vt 0.0125 0.725
vt 0.0625 0.725
vt 0.0625 0.525
vt 0.0625 0.525
vt 0.0625 0.725
vt 0.1125 0.525
vt 0.0625 0.725
vt 0.1125 0.725
vt 0.1125 0.525
vt 0.0125 0.525
vt 0.0125 0.725
vt 0.0625 0.525
vt 0.0125 0.725
vt 0.0625 0.725
vt 0.0625 0.525
vt 0.0625 0.525
vt 0.0625 0.725
vt 0.1125 0.525
vt 0.0625 0.725
vt 0.1125 0.725
vt 0.1125 0.525
vt 0.0125 0.525
vt 0.0125 0.725
vt 0.0625 0.525
vt 0.0125 0.725
vt 0.0625 0.725
vt 0.0625 0.525
vt 0.0625 0.525
vt 0.0625 0.725
vt 0.1125 0.525
vt 0.0625 0.725
vt 0.1125 0.725
vt 0.1125 0.525
vt 0.0125 0.525
vt 0.0125 0.725
vt 0.0625 0.525
vt 0.0125 0.725
vt 0.0625 0.725
vt 0.0625 0.525
vt 0.0625 0.525
vt 0.0625 0.725
vt 0.1125 0.525
vt 0.0625 0.725
vt 0.1125 0.725
vt 0.1125 0.525
vt 0.5125 0.775
vt 0.5125 0.975
vt 0.5625 0.975
vt 0.5625 0.775
vt 0.5125 0.775
vt 0.5625 0.975
vt 0.5625 0.775
vt 0.5625 0.975
vt 0.6125 0.975
vt 0.6125 0.775
vt 0.5625 0.775
vt 0.6125 0.975
vt 0.5125 0.775
vt 0.5125 0.975
vt 0.5625 0.975
vt 0.5625 0.775
vt 0.5125 0.775
vt 0.5625 0.975
vt 0.5625 0.775
vt 0.5625 0.975
vt 0.6125 0.975
vt 0.6125 0.775
vt 0.5625 0.775
vt 0.6125 0.975
vt 0.5125 0.775
vt 0.5125 0.975
vt 0.5625 0.975
vt 0.5625 0.775
vt 0.5125 0.775
vt 0.5625 0.975
vt 0.5625 0.775
vt 0.5625 0.975
vt 0.6125 0.975
vt 0.6125 0.775
vt 0.5625 0.775
vt 0.6125 0.975
vt 0.5125 0.775
vt 0.5125 0.975
vt 0.5625 0.975
vt 0.5625 0.775
vt 0.5125 0.775
vt 0.5625 0.975
vt 0.5625 0.775
vt 0.5625 0.975
vt 0.6125 0.975
vt 0.6125 0.775
vt 0.5625 0.775
vt 0.6125 0.975
vt 0.5125 0.775
vt 0.5125 0.975
vt 0.5625 0.775
vt 0.5125 0.975
vt 0.5625 0.975
vt 0.5625 0.775
vt 0.5625 0.775
vt 0.5625 0.975
vt 0.6125 0.775
vt 0.5625 0.975
vt 0.6125 0.975
vt 0.6125 0.775
vt 0.5125 0.775
vt 0.5125 0.975
vt 0.5625 0.775
vt 0.5125 0.975
vt 0.5625 0.975
vt 0.5625 0.775
vt 0.5625 0.775
vt 0.5625 0.975
vt 0.6125 0.775
vt 0.5625 0.975
vt 0.6125 0.975
vt 0.6125 0.775
vt 0.5125 0.775
vt 0.5125 0.975
vt 0.5625 0.775
vt 0.5125 0.975
vt 0.5625 0.975
vt 0.5625 0.775
vt 0.5625 0.775
vt 0.5625 0.975
vt 0.6125 0.775
vt 0.5625 0.975
vt 0.6125 0.975
vt 0.6125 0.775
vt 0.5125 0.775
vt 0.5125 0.975
vt 0.5625 0.775
vt 0.5125 0.975
vt 0.5625 0.975
vt 0.5625 0.775
vt 0.5625 0.775
vt 0.5625 0.975
vt 0.6125 0.775
vt 0.5625 0.975
vt 0.6125 0.975
vt 0.6125 0.775
vt 0.1375 0.275
vt 0.1375 0.475
vt 0.1875 0.475
vt 0.1875 0.275
vt 0.1375 0.275
vt 0.1875 0.475
vt 0.1875 0.275
vt 0.1875 0.475
vt 0.2375 0.475
vt 0.2375 0.275
vt 0.1875 0.275
vt 0.2375 0.475
vt 0.1375 0.275
vt 0.1375 0.475
vt 0.1875 0.475
vt 0.1875 0.275
vt 0.1375 0.275
vt 0.1875 0.475
vt 0.1875 0.275
vt 0.1875 0.475
vt 0.2375 0.475
vt 0.2375 0.275
vt 0.1875 0.275
vt 0.2375 0.475
vt 0.1375 0.275
vt 0.1375 0.475
vt 0.1875 0.475
vt 0.1875 0.275
vt 0.1375 0.275
vt 0.1875 0.475
vt 0.1875 0.275
vt 0.1875 0.475
vt 0.2375 0.475
vt 0.2375 0.275
vt 0.1875 0.275
vt 0.2375 0.475
vt 0.1375 0.275
vt 0.1375 0.475
vt 0.1875 0.475
vt 0.1875 0.275
vt 0.1375 0.275
vt 0.1875 0.475
vt 0.1875 0.275
vt 0.1875 0.475
vt 0.2375 0.475
vt 0.2375 0.275
vt 0.1875 0.275
vt 0.2375 0.475
vt 0.1375 0.275
vt 0.1375 0.475
vt 0.1875 0.275
vt 0.1375 0.475
vt 0.1875 0.475
vt 0.1875 0.275
vt 0.1875 0.275
vt 0.1875 0.475
vt 0.2375 0.275
vt 0.1875 0.475
vt 0.2375 0.475
vt 0.2375 0.275
vt 0.1375 0.275
vt 0.1375 0.475
vt 0.1875 0.275
vt 0.1375 0.475
vt 0.1875 0.475
vt 0.1875 0.275
vt 0.1875 0.275
vt 0.1875 0.475
vt 0.2375 0.275
vt 0.1875 0.475
vt 0.2375 0.475
vt 0.2375 0.275
vt 0.1375 0.275
vt 0.1375 0.475
vt 0.1875 0.275
vt 0.1375 0.475
vt 0.1875 0.475
vt 0.1875 0.275
vt 0.1875 0.275
vt 0.1875 0.475
vt 0.2375 0.275
vt 0.1875 0.475
vt 0.2375 0.475
vt 0.2375 0.275
vt 0.1375 0.275
vt 0.1375 0.475
vt 0.1875 0.275
vt 0.1375 0.475
vt 0.1875 0.475
vt 0.1875 0.275
vt 0.1875 0.275
vt 0.1875 0.475
vt 0.2375 0.275
vt 0.1875 0.475
vt 0.2375 0.475
vt 0.2375 0.275
vt 0.0125 0.275
vt 0.0125 0.475
vt 0.0625 0.475
vt 0.0625 0.275
vt 0.0125 0.275
vt 0.0625 0.475
vt 0.0625 0.275
vt 0.0625 0.475
vt 0.1125 0.475
vt 0.1125 0.275
vt 0.0625 0.275
vt 0.1125 0.475
vt 0.0125 0.275
vt 0.0125 0.475
vt 0.0625 0.475
vt 0.0625 0.275
vt 0.0125 0.275
vt 0.0625 0.475
vt 0.0625 0.275
vt 0.0625 0.475
vt 0.1125 0.475
vt 0.1125 0.275
vt 0.0625 0.275
vt 0.1125 0.475
vt 0.0125 0.275
vt 0.0125 0.475
vt 0.0625 0.475
vt 0.0625 0.275
vt 0.0125 0.275
vt 0.0625 0.475
vt 0.0625 0.275
vt 0.0625 0.475
vt 0.1125 0.475
vt 0.1125 0.275
vt 0.0625 0.275
vt 0.1125 0.475
vt 0.0125 0.275
vt 0.0125 0.475
vt 0.0625 0.475
vt 0.0625 0.275
vt 0.0125 0.275
vt 0.0625 0.475
vt 0.0625 0.275
vt 0.0625 0.475
vt 0.1125 0.475
vt 0.1125 0.275
vt 0.0625 0.275
vt 0.1125 0.475
vt 0.0125 0.275
vt 0.0125 0.475
vt 0.0625 0.275
vt 0.0125 0.475
vt 0.0625 0.475
vt 0.0625 0.275
vt 0.0625 0.275
vt 0.0625 0.475
vt 0.1125 0.275
vt 0.0625 0.475
vt 0.1125 0.475
vt 0.1125 0.275
vt 0.0125 0.275
vt 0.0125 0.475
vt 0.0625 0.275
vt 0.0125 0.475
vt 0.0625 0.475
vt 0.0625 0.275
vt 0.0625 0.275
vt 0.0625 0.475
vt 0.1125 0.275
vt 0.0625 0.475
vt 0.1125 0.475
vt 0.1125 0.275
vt 0.0125 0.275
vt 0.0125 0.475
vt 0.0625 0.275
vt 0.0125 0.475
vt 0.0625 0.475
vt 0.0625 0.275
vt 0.0625 0.275
vt 0.0625 0.475
vt 0.1125 0.275
vt 0.0625 0.475
vt 0.1125 0.475
vt 0.1125 0.275
vt 0.0125 0.275
vt 0.0125 0.475
vt 0.0625 0.275
vt 0.0125 0.475
vt 0.0625 0.475
vt 0.0625 0.275
vt 0.0625 0.275
vt 0.0625 0.475
vt 0.1125 0.275
vt 0.0625 0.475
vt 0.1125 0.475
vt 0.1125 0.275
vt 0.2625 0.525
vt 0.2625 0.725
vt 0.2875 0.725
vt 0.2875 0.525
vt 0.2625 0.525
vt 0.2875 0.725
vt 0.2875 0.525
vt 0.2875 0.725
vt 0.3125 0.725
vt 0.3125 0.525
vt 0.2875 0.525
vt 0.3125 0.725
vt 0.3125 0.525
vt 0.3125 0.725
vt 0.3375 0.725
vt 0.3375 0.525
vt 0.3125 0.525
vt 0.3375 0.725
vt 0.3375 0.525
vt 0.3375 0.725
vt 0.3625 0.725
vt 0.3625 0.525
vt 0.3375 0.525
vt 0.3625 0.725
vt 0.2625 0.525
vt 0.2625 0.725
vt 0.2875 0.725
vt 0.2875 0.525
vt 0.2625 0.525
vt 0.2875 0.725
vt 0.2875 0.525
vt 0.2875 0.725
vt 0.3125 0.725
vt 0.3125 0.525
vt 0.2875 0.525
vt 0.3125 0.725
vt 0.3125 0.525
vt 0.3125 0.725
vt 0.3375 0.725
vt 0.3375 0.525
vt 0.3125 0.525
vt 0.3375 0.725
vt 0.3375 0.525
vt 0.3375 0.725
vt 0.3625 0.725
vt 0.3625 0.525
vt 0.3375 0.525
vt 0.3625 0.725
vt 0.2625 0.525
vt 0.2625 0.725
vt 0.2875 0.525
vt 0.2625 0.725
vt 0.2875 0.725
vt 0.2875 0.525
vt 0.2875 0.525
vt 0.2875 0.725
vt 0.3125 0.525
vt 0.2875 0.725
vt 0.3125 0.725
vt 0.3125 0.525
vt 0.3125 0.525
vt 0.3125 0.725
vt 0.3375 0.525
vt 0.3125 0.725
vt 0.3375 0.725
vt 0.3375 0.525
vt 0.3375 0.525
vt 0.3375 0.725
vt 0.3625 0.525
vt 0.3375 0.725
vt 0.3625 0.725
vt 0.3625 0.525
vt 0.2625 0.525
vt 0.2625 0.725
vt 0.2875 0.525
vt 0.2625 0.725
vt 0.2875 0.725
vt 0.2875 0.525
vt 0.2875 0.525
vt 0.2875 0.725
vt 0.3125 0.525
vt 0.2875 0.725
vt 0.3125 0.725
vt 0.3125 0.525
vt 0.3125 0.525
vt 0.3125 0.725
vt 0.3375 0.525
vt 0.3125 0.725
vt 0.3375 0.725
vt 0.3375 0.525
vt 0.3375 0.525
vt 0.3375 0.725
vt 0.3625 0.525
vt 0.3375 0.725
vt 0.3625 0.725
vt 0.3625 0.525
vt 0.2625 0.775
vt 0.2625 0.975
vt 0.3125 0.975
vt 0.3125 0.775
vt 0.2625 0.775
vt 0.3125 0.975
vt 0.3125 0.775
vt 0.3125 0.975
vt 0.3625 0.975
vt 0.3625 0.775
vt 0.3125 0.775
vt 0.3625 0.975
vt 0.2625 0.775
vt 0.2625 0.975
vt 0.3125 0.975
vt 0.3125 0.775
vt 0.2625 0.775
vt 0.3125 0.975
vt 0.3125 0.775
vt 0.3125 0.975
vt 0.3625 0.975
vt 0.3625 0.775
vt 0.3125 0.775
vt 0.3625 0.975
vt 0.2625 0.775
vt 0.2625 0.975
vt 0.3125 0.975
vt 0.3125 0.775
vt 0.2625 0.775
vt 0.3125 0.975
vt 0.3125 0.775
vt 0.3125 0.975
vt 0.3625 0.975
vt 0.3625 0.775
vt 0.3125 0.775
vt 0.3625 0.975
vt 0.2625 0.775
vt 0.2625 0.975
vt 0.3125 0.975
vt 0.3125 0.775
vt 0.2625 0.775
vt 0.3125 0.975
vt 0.3125 0.775
vt 0.3125 0.975
vt 0.3625 0.975
vt 0.3625 0.775
vt 0.3125 0.775
vt 0.3625 0.975
vt 0.2625 0.775
vt 0.2625 0.975
vt 0.3125 0.775
vt 0.2625 0.975
vt 0.3125 0.975
vt 0.3125 0.775
vt 0.3125 0.775
vt 0.3125 0.975
vt 0.3625 0.775
vt 0.3125 0.975
vt 0.3625 0.975
vt 0.3625 0.775
vt 0.2625 0.775
vt 0.2625 0.975
vt 0.3125 0.775
vt 0.2625 0.975
vt 0.3125 0.975
vt 0.3125 0.775
vt 0.3125 0.775
vt 0.3125 0.975
vt 0.3625 0.775
vt 0.3125 0.975
vt 0.3625 0.975
vt 0.3625 0.775
vt 0.2625 0.775
vt 0.2625 0.975
vt 0.3125 0.775
vt 0.2625 0.975
vt 0.3125 0.975
vt 0.3125 0.775
vt 0.3125 0.775
vt 0.3125 0.975
vt 0.3625 0.775
vt 0.3125 0.975
vt 0.3625 0.975
vt 0.3625 0.775
vt 0.2625 0.775
vt 0.2625 0.975
vt 0.3125 0.775
vt 0.2625 0.975
vt 0.3125 0.975
vt 0.3125 0.775
vt 0.3125 0.775
vt 0.3125 0.975
vt 0.3625 0.775
vt 0.3125 0.975
vt 0.3625 0.975
vt 0.3625 0.775
vt 0.87625 0.025
vt 0.87625 0.225
vt 0.87625 0.225
vt 0.87625 0.025
vt 0.87625 0.025
vt 0.87625 0.225
vt 0.87625 0.025
vt 0.87625 0.225
vt 0.87625 0.225
vt 0.87625 0.025
vt 0.87625 0.025
vt 0.87625 0.225
vt 0.87625 0.025
vt 0.87625 0.225
vt 0.87625 0.225
vt 0.87625 0.025
vt 0.87625 0.025
vt 0.87625 0.225
vt 0.87625 0.025
vt 0.87625 0.225
vt 0.87625 0.225
vt 0.87625 0.025
vt 0.87625 0.025
vt 0.87625 0.225
vt 0.87625 0.025
vt 0.87625 0.225
vt 0.87625 0.225
vt 0.87625 0.025
vt 0.87625 0.025
vt 0.87625 0.225
vt 0.87625 0.025
vt 0.87625 0.225
vt 0.87625 0.225
vt 0.87625 0.025
vt 0.87625 0.025
vt 0.87625 0.225
vt 0.87625 0.025
vt 0.87625 0.225
vt 0.87625 0.225
vt 0.87625 0.025
vt 0.87625 0.025
vt 0.87625 0.225
vt 0.87625 0.025
vt 0.87625 0.225
vt 0.87625 0.225
vt 0.87625 0.025
vt 0.87625 0.025
vt 0.87625 0.225
vt 0.87625 0.025
vt 0.87625 0.225
vt 0.87625 0.025
vt 0.87625 0.225
vt 0.87625 0.225
vt 0.87625 0.025
vt 0.87625 0.025
vt 0.87625 0.225
vt 0.87625 0.025
vt 0.87625 0.225
vt 0.87625 0.225
vt 0.87625 0.025
vt 0.87625 0.025
vt 0.87625 0.225
vt 0.87625 0.025
vt 0.87625 0.225
vt 0.87625 0.225
vt 0.87625 0.025
vt 0.87625 0.025
vt 0.87625 0.225
vt 0.87625 0.025
vt 0.87625 0.225
vt 0.87625 0.225
vt 0.87625 0.025
vt 0.87625 0.025
vt 0.87625 0.225
vt 0.87625 0.025
vt 0.87625 0.225
vt 0.87625 0.225
vt 0.87625 0.025
vt 0.87625 0.025
vt 0.87625 0.225
vt 0.87625 0.025
vt 0.87625 0.225
vt 0.87625 0.225
vt 0.87625 0.025
vt 0.87625 0.025
vt 0.87625 0.225
vt 0.87625 0.025
vt 0.87625 0.225
vt 0.87625 0.225
vt 0.87625 0.025
vt 0.87625 0.025
vt 0.87625 0.225
vt 0.87625 0.025
vt 0.87625 0.225
vt 0.87625 0.225
vt 0.87625 0.025
vt 0.0625 0.525
vt 0.0625 0.725
vt 0.075 0.725
vt 0.075 0.525
vt 0.0625 0.525
vt 0.075 0.725
vt 0.075 0.525
vt 0.075 0.725
vt 0.0875 0.725
vt 0.0875 0.525
vt 0.075 0.525
vt 0.0875 0.725
vt 0.0875 0.525
vt 0.0875 0.725
vt 0.1 0.725
vt 0.1 0.525
vt 0.0875 0.525
vt 0.1 0.725
vt 0.1 0.525
vt 0.1 0.725
vt 0.1125 0.725
vt 0.1125 0.525
vt 0.1 0.525
vt 0.1125 0.725
vt 0.0125 0.525
vt 0.0125 0.725
vt 0.025 0.725
vt 0.025 0.525
vt 0.0125 0.525
vt 0.025 0.725
vt 0.025 0.525
vt 0.025 0.725
vt 0.0375 0.725
vt 0.0375 0.525
vt 0.025 0.525
vt 0.0375 0.725
vt 0.0375 0.525
vt 0.0375 0.725
vt 0.05 0.725
vt 0.05 0.525
vt 0.0375 0.525
vt 0.05 0.725
vt 0.05 0.525
vt 0.05 0.725
vt 0.0625 0.725
vt 0.0625 0.525
vt 0.05 0.525
vt 0.0625 0.725
vt 0.0625 0.525
vt 0.0625 0.725
vt 0.075 0.525
vt 0.0625 0.725
vt 0.075 0.725
vt 0.075 0.525
vt 0.075 0.525
vt 0.075 0.725
vt 0.0875 0.525
vt 0.075 0.725
vt 0.0875 0.725
vt 0.0875 0.525
vt 0.0875 0.525
vt 0.0875 0.725
vt 0.1 0.525
vt 0.0875 0.725
vt 0.1 0.725
vt 0.1 0.525
vt 0.1 0.525
vt 0.1 0.725
vt 0.1125 0.525
vt 0.1 0.725
vt 0.1125 0.725
vt 0.1125 0.525
vt 0.0125 0.525
vt 0.0125 0.725
vt 0.025 0.525
vt 0.0125 0.725
vt 0.025 0.725
vt 0.025 0.525
vt 0.025 0.525
vt 0.025 0.725
vt 0.0375 0.525
vt 0.025 0.725
vt 0.0375 0.725
vt 0.0375 0.525
vt 0.0375 0.525
vt 0.0375 0.725
vt 0.05 0.525
vt 0.0375 0.725
vt 0.05 0.725
vt 0.05 0.525
vt 0.05 0.525
vt 0.05 0.725
vt 0.0625 0.525
vt 0.05 0.725
vt 0.0625 0.725
vt 0.0625 0.525
vt 0.5625 0.775
vt 0.5625 0.975
vt 0.575 0.975
vt 0.575 0.775
vt 0.5625 0.775
vt 0.575 0.975
vt 0.575 0.775
vt 0.575 0.975
vt 0.5875 0.975
vt 0.5875 0.775
vt 0.575 0.775
vt 0.5875 0.975
vt 0.5875 0.775
vt 0.5875 0.975
vt 0.6 0.975
vt 0.6 0.775
vt 0.5875 0.775
vt 0.6 0.975
vt 0.6 0.775
vt 0.6 0.975
vt 0.6125 0.975
vt 0.6125 0.775
vt 0.6 0.775
vt 0.6125 0.975
vt 0.5125 0.775
vt 0.5125 0.975
vt 0.525 0.975
vt 0.525 0.775
vt 0.5125 0.775
vt 0.525 0.975
vt 0.525 0.775
vt 0.525 0.975
vt 0.5375 0.975
vt 0.5375 0.775
vt 0.525 0.775
vt 0.5375 0.975
vt 0.5375 0.775
vt 0.5375 0.975
vt 0.55 0.975
vt 0.55 0.775
vt 0.5375 0.775
vt 0.55 0.975
vt 0.55 0.775
vt 0.55 0.975
vt 0.5625 0.975
vt 0.5625 0.775
vt 0.55 0.775
vt 0.5625 0.975
vt 0.5625 0.775
vt 0.5625 0.975
vt 0.575 0.775
vt 0.5625 0.975
vt 0.575 0.975
vt 0.575 0.775
vt 0.575 0.775
vt 0.575 0.975
vt 0.5875 0.775
vt 0.575 0.975
vt 0.5875 0.975
vt 0.5875 0.775
vt 0.5875 0.775
vt 0.5875 0.975
vt 0.6 0.775
vt 0.5875 0.975
vt 0.6 0.975
vt 0.6 0.775
vt 0.6 0.775
vt 0.6 0.975
vt 0.6125 0.775
vt 0.6 0.975
vt 0.6125 0.975
vt 0.6125 0.775
vt 0.5125 0.775
vt 0.5125 0.975
vt 0.525 0.775
vt 0.5125 0.975
vt 0.525 0.975
vt 0.525 0.775
vt 0.525 0.775
vt 0.525 0.975
vt 0.5375 0.775
vt 0.525 0.975
vt 0.5375 0.975
vt 0.5375 0.775
vt 0.5375 0.775
vt 0.5375 0.975
vt 0.55 0.775
vt 0.5375 0.975
vt 0.55 0.975
vt 0.55 0.775
vt 0.55 0.775
vt 0.55 0.975
vt 0.5625 0.775
vt 0.55 0.975
vt 0.5625 0.975
vt 0.5625 0.775
vt 0.1875 0.275
vt 0.1875 0.475
vt 0.2 0.475
vt 0.2 0.275
vt 0.1875 0.275
vt 0.2 0.475
vt 0.2 0.275
vt 0.2 0.475
vt 0.2125 0.475
vt 0.2125 0.275
vt 0.2 0.275
vt 0.2125 0.475
vt 0.2125 0.275
vt 0.2125 0.475
vt 0.225 0.475
vt 0.225 0.275
vt 0.2125 0.275
vt 0.225 0.475
vt 0.225 0.275
vt 0.225 0.475
vt 0.2375 0.475
vt 0.2375 0.275
vt 0.225 0.275
vt 0.2375 0.475
vt 0.1375 0.275
vt 0.1375 0.475
vt 0.15 0.475
vt 0.15 0.275
vt 0.1375 0.275
vt 0.15 0.475
vt 0.15 0.275
vt 0.15 0.475
vt 0.1625 0.475
vt 0.1625 0.275
vt 0.15 0.275
vt 0.1625 0.475
vt 0.1625 0.275
vt 0.1625 0.475
vt 0.175 0.475
vt 0.175 0.275
vt 0.1625 0.275
vt 0.175 0.475
vt 0.175 0.275
vt 0.175 0.475
vt 0.1875 0.475
vt 0.1875 0.275
vt 0.175 0.275
vt 0.1875 0.475
vt 0.1875 0.275
vt 0.1875 0.475
vt 0.2 0.275
vt 0.1875 0.475
vt 0.2 0.475
vt 0.2 0.275
vt 0.2 0.275
vt 0.2 0.475
vt 0.2125 0.275
vt 0.2 0.475
vt 0.2125 0.475
vt 0.2125 0.275
vt 0.2125 0.275
vt 0.2125 0.475
vt 0.225 0.275
vt 0.2125 0.475
vt 0.225 0.475
vt 0.225 0.275
vt 0.225 0.275
vt 0.225 0.475
vt 0.2375 0.275
vt 0.225 0.475
vt 0.2375 0.475
vt 0.2375 0.275
vt 0.1375 0.275
vt 0.1375 0.475
vt 0.15 0.275
vt 0.1375 0.475
vt 0.15 0.475
vt 0.15 0.275
vt 0.15 0.275
vt 0.15 0.475
vt 0.1625 0.275
vt 0.15 0.475
vt 0.1625 0.475
vt 0.1625 0.275
vt 0.1625 0.275
vt 0.1625 0.475
vt 0.175 0.275
vt 0.1625 0.475
vt 0.175 0.475
vt 0.175 0.275
vt 0.175 0.275
vt 0.175 0.475
vt 0.1875 0.275
vt 0.175 0.475
vt 0.1875 0.475
vt 0.1875 0.275
vt 0.8125 0.775
vt 0.8125 0.975
vt 0.82917 0.975
vt 0.82917 0.775
vt 0.8125 0.775
vt 0.82917 0.975
vt 0.82917 0.775
vt 0.82917 0.975
vt 0.84583 0.975
vt 0.84583 0.775
vt 0.82917 0.775
vt 0.84583 0.975
vt 0.84583 0.775
vt 0.84583 0.975
vt 0.8625 0.975
vt 0.8625 0.775
vt 0.84583 0.775
vt 0.8625 0.975
vt 0.7625 0.775
vt 0.7625 0.975
vt 0.77917 0.975
vt 0.77917 0.775
vt 0.7625 0.775
vt 0.77917 0.975
vt 0.77917 0.775
vt 0.77917 0.975
vt 0.79583 0.975
vt 0.79583 0.775
vt 0.77917 0.775
vt 0.79583 0.975
vt 0.79583 0.775
vt 0.79583 0.975
vt 0.8125 0.975
vt 0.8125 0.775
vt 0.79583 0.775
vt 0.8125 0.975
vt 0.8125 0.775
vt 0.8125 0.975
vt 0.82917 0.775
vt 0.8125 0.975
vt 0.82917 0.975
vt 0.82917 0.775
vt 0.82917 0.775
vt 0.82917 0.975
vt 0.84583 0.775
vt 0.82917 0.975
vt 0.84583 0.975
vt 0.84583 0.775
vt 0.84583 0.775
vt 0.84583 0.975
vt 0.8625 0.775
vt 0.84583 0.975
vt 0.8625 0.975
vt 0.8625 0.775
vt 0.7625 0.775
vt 0.7625 0.975
vt 0.77917 0.775
vt 0.7625 0.975
vt 0.77917 0.975
vt 0.77917 0.775
vt 0.77917 0.775
vt 0.77917 0.975
vt 0.79583 0.775
vt 0.77917 0.975
vt 0.79583 0.975
vt 0.79583 0.775
vt 0.79583 0.775
vt 0.79583 0.975
vt 0.8125 0.775
vt 0.79583 0.975
vt 0.8125 0.975
vt 0.8125 0.775
vt 0.8125 0.775
vt 0.8125 0.975
vt 0.82917 0.975
vt 0.82917 0.775
vt 0.8125 0.775
vt 0.82917 0.975
vt 0.82917 0.775
vt 0.82917 0.975
vt 0.84583 0.975
vt 0.84583 0.775
vt 0.82917 0.775
vt 0.84583 0.975
vt 0.84583 0.775
vt 0.84583 0.975
vt 0.8625 0.975
vt 0.8625 0.775
vt 0.84583 0.775
vt 0.8625 0.975
vt 0.7625 0.775
vt 0.7625 0.975
vt 0.77917 0.975
vt 0.77917 0.775
vt 0.7625 0.775
vt 0.77917 0.975
vt 0.77917 0.775
vt 0.77917 0.975
vt 0.79583 0.975
vt 0.79583 0.775
vt 0.77917 0.775
vt 0.79583 0.975
vt 0.79583 0.775
vt 0.79583 0.975
vt 0.8125 0.975
vt 0.8125 0.775
vt 0.79583 0.775
vt 0.8125 0.975
vt 0.8125 0.775
vt 0.8125 0.975
vt 0.82917 0.775
vt 0.8125 0.975
vt 0.82917 0.975
vt 0.82917 0.775
vt 0.82917 0.775
vt 0.82917 0.975
vt 0.84583 0.775
vt 0.82917 0.975
vt 0.84583 0.975
vt 0.84583 0.775
vt 0.84583 0.775
vt 0.84583 0.975
vt 0.8625 0.775
vt 0.84583 0.975
vt 0.8625 0.975
vt 0.8625 0.775
vt 0.7625 0.775
vt 0.7625 0.975
vt 0.77917 0.775
vt 0.7625 0.975
vt 0.77917 0.975
vt 0.77917 0.775
vt 0.77917 0.775
vt 0.77917 0.975
vt 0.79583 0.775
vt 0.77917 0.975
vt 0.79583 0.975
vt 0.79583 0.775
vt 0.79583 0.775
vt 0.79583 0.975
vt 0.8125 0.775
vt 0.79583 0.975
vt 0.8125 0.975
vt 0.8125 0.775
vt 0.1875 0.275
vt 0.1875 0.475
vt 0.20417 0.475
vt 0.20417 0.275
vt 0.1875 0.275
vt 0.20417 0.475
vt 0.20417 0.275
vt 0.20417 0.475
vt 0.22083 0.475
vt 0.22083 0.275
vt 0.20417 0.275
vt 0.22083 0.475
vt 0.22083 0.275
vt 0.22083 0.475
vt 0.2375 0.475
vt 0.2375 0.275
vt 0.22083 0.275
vt 0.2375 0.475
vt 0.1375 0.275
vt 0.1375 0.475
vt 0.15417 0.475
vt 0.15417 0.275
vt 0.1375 0.275
vt 0.15417 0.475
vt 0.15417 0.275
vt 0.15417 0.475
vt 0.17083 0.475
vt 0.17083 0.275
vt 0.15417 0.275
vt 0.17083 0.475
vt 0.17083 0.275
vt 0.17083 0.475
vt 0.1875 0.475
vt 0.1875 0.275
vt 0.17083 0.275
vt 0.1875 0.475
vt 0.1875 0.275
vt 0.1875 0.475
vt 0.20417 0.275
vt 0.1875 0.475
vt 0.20417 0.475
vt 0.20417 0.275
vt 0.20417 0.275
vt 0.20417 0.475
vt 0.22083 0.275
vt 0.20417 0.475
vt 0.22083 0.475
vt 0.22083 0.275
vt 0.22083 0.275
vt 0.22083 0.475
vt 0.2375 0.275
vt 0.22083 0.475
vt 0.2375 0.475
vt 0.2375 0.275
vt 0.1375 0.275
vt 0.1375 0.475
vt 0.15417 0.275
vt 0.1375 0.475
vt 0.15417 0.475
vt 0.15417 0.275
vt 0.15417 0.275
vt 0.15417 0.475
vt 0.17083 0.275
vt 0.15417 0.475
vt 0.17083 0.475
vt 0.17083 0.275
vt 0.17083 0.275
vt 0.17083 0.475
vt 0.1875 0.275
vt 0.17083 0.475
vt 0.1875 0.475
vt 0.1875 0.275
vt 0.6875 0.525
vt 0.6875 0.725
vt 0.70417 0.725
vt 0.70417 0.525
vt 0.6875 0.525
vt 0.70417 0.725
vt 0.70417 0.525
vt 0.70417 0.725
vt 0.72083 0.725
vt 0.72083 0.525
vt 0.70417 0.525
vt 0.72083 0.725
vt 0.72083 0.525
vt 0.72083 0.725
vt 0.7375 0.725
vt 0.7375 0.525
vt 0.72083 0.525
vt 0.7375 0.725
vt 0.6375 0.525
vt 0.6375 0.725
vt 0.65417 0.725
vt 0.65417 0.525
vt 0.6375 0.525
vt 0.65417 0.725
vt 0.65417 0.525
vt 0.65417 0.725
vt 0.67083 0.725
vt 0.67083 0.525
vt 0.65417 0.525
vt 0.67083 0.725
vt 0.67083 0.525
vt 0.67083 0.725
vt 0.6875 0.725
vt 0.6875 0.525
vt 0.67083 0.525
vt 0.6875 0.725
vt 0.6875 0.525
vt 0.6875 0.725
vt 0.70417 0.525
vt 0.6875 0.725
vt 0.70417 0.725
vt 0.70417 0.525
vt 0.70417 0.525
vt 0.70417 0.725
vt 0.72083 0.525
vt 0.70417 0.725
vt 0.72083 0.725
vt 0.72083 0.525
vt 0.72083 0.525
vt 0.72083 0.725
vt 0.7375 0.525
vt 0.72083 0.725
vt 0.7375 0.725
vt 0.7375 0.525
vt 0.6375 0.525
vt 0.6375 0.725
vt 0.65417 0.525
vt 0.6375 0.725
vt 0.65417 0.725
vt 0.65417 0.525
vt 0.65417 0.525
vt 0.65417 0.725
vt 0.67083 0.525
vt 0.65417 0.725
vt 0.67083 0.725
vt 0.67083 0.525
vt 0.67083 0.525
vt 0.67083 0.725
vt 0.6875 0.525
vt 0.67083 0.725
vt 0.6875 0.725
vt 0.6875 0.525
vt 0.0625 0.275
vt 0.0625 0.475
vt 0.07917 0.475
vt 0.07917 0.275
vt 0.0625 0.275
vt 0.07917 0.475
vt 0.07917 0.275
vt 0.07917 0.475
vt 0.09583 0.475
vt 0.09583 0.275
vt 0.07917 0.275
vt 0.09583 0.475
vt 0.09583 0.275
vt 0.09583 0.475
vt 0.1125 0.475
vt 0.1125 0.275
vt 0.09583 0.275
vt 0.1125 0.475
vt 0.0125 0.275
vt 0.0125 0.475
vt 0.02917 0.475
vt 0.02917 0.275
vt 0.0125 0.275
vt 0.02917 0.475
vt 0.02917 0.275
vt 0.02917 0.475
vt 0.04583 0.475
vt 0.04583 0.275
vt 0.02917 0.275
vt 0.04583 0.475
vt 0.04583 0.275
vt 0.04583 0.475
vt 0.0625 0.475
vt 0.0625 0.275
vt 0.04583 0.275
vt 0.0625 0.475
vt 0.0625 0.275
vt 0.0625 0.475
vt 0.07917 0.275
vt 0.0625 0.475
vt 0.07917 0.475
vt 0.07917 0.275
vt 0.07917 0.275
vt 0.07917 0.475
vt 0.09583 0.275
vt 0.07917 0.475
vt 0.09583 0.475
vt 0.09583 0.275
vt 0.09583 0.275
vt 0.09583 0.475
vt 0.1125 0.275
vt 0.09583 0.475
vt 0.1125 0.475
vt 0.1125 0.275
vt 0.0125 0.275
vt 0.0125 0.475
vt 0.02917 0.275
vt 0.0125 0.475
vt 0.02917 0.475
vt 0.02917 0.275
vt 0.02917 0.275
vt 0.02917 0.475
vt 0.04583 0.275
vt 0.02917 0.475
vt 0.04583 0.475
vt 0.04583 0.275
vt 0.04583 0.275
vt 0.04583 0.475
vt 0.0625 0.275
vt 0.04583 0.475
vt 0.0625 0.475
vt 0.0625 0.275
vt 0.6875 0.525
vt 0.6875 0.725
vt 0.70417 0.725
vt 0.70417 0.525
vt 0.6875 0.525
vt 0.70417 0.725
vt 0.70417 0.525
vt 0.70417 0.725
vt 0.72083 0.725
vt 0.72083 0.525
vt 0.70417 0.525
vt 0.72083 0.725
vt 0.72083 0.525
vt 0.72083 0.725
vt 0.7375 0.725
vt 0.7375 0.525
vt 0.72083 0.525
vt 0.7375 0.725
vt 0.6375 0.525
vt 0.6375 0.725
vt 0.65417 0.725
vt 0.65417 0.525
vt 0.6375 0.525
vt 0.65417 0.725
vt 0.65417 0.525
vt 0.65417 0.725
vt 0.67083 0.725
vt 0.67083 0.525
vt 0.65417 0.525
vt 0.67083 0.725
vt 0.67083 0.525
vt 0.67083 0.725
vt 0.6875 0.725
vt 0.6875 0.525
vt 0.67083 0.525
vt 0.6875 0.725
vt 0.6875 0.525
vt 0.6875 0.725
vt 0.70417 0.525
vt 0.6875 0.725
vt 0.70417 0.725
vt 0.70417 0.525
vt 0.70417 0.525
vt 0.70417 0.725
vt 0.72083 0.525
vt 0.70417 0.725
vt 0.72083 0.725
vt 0.72083 0.525
vt 0.72083 0.525
vt 0.72083 0.725
vt 0.7375 0.525
vt 0.72083 0.725
vt 0.7375 0.725
vt 0.7375 0.525
vt 0.6375 0.525
vt 0.6375 0.725
vt 0.65417 0.525
vt 0.6375 0.725
vt 0.65417 0.725
vt 0.65417 0.525
vt 0.65417 0.525
vt 0.65417 0.725
vt 0.67083 0.525
vt 0.65417 0.725
vt 0.67083 0.725
vt 0.67083 0.525
vt 0.67083 0.525
vt 0.67083 0.725
vt 0.6875 0.525
vt 0.67083 0.725
vt 0.6875 0.725
vt 0.6875 0.525
vt 0.3125 0.775
vt 0.3125 0.975
vt 0.32917 0.975
vt 0.32917 0.775
vt 0.3125 0.775
vt 0.32917 0.975
vt 0.32917 0.775
vt 0.32917 0.975
vt 0.34583 0.975
vt 0.34583 0.775
vt 0.32917 0.775
vt 0.34583 0.975
vt 0.34583 0.775
vt 0.34583 0.975
vt 0.3625 0.975
vt 0.3625 0.775
vt 0.34583 0.775
vt 0.3625 0.975
vt 0.2625 0.775
vt 0.2625 0.975
vt 0.27917 0.975
vt 0.27917 0.775
vt 0.2625 0.775
vt 0.27917 0.975
vt 0.27917 0.775
vt 0.27917 0.975
vt 0.29583 0.975
vt 0.29583 0.775
vt 0.27917 0.775
vt 0.29583 0.975
vt 0.29583 0.775
vt 0.29583 0.975
vt 0.3125 0.975
vt 0.3125 0.775
vt 0.29583 0.775
vt 0.3125 0.975
vt 0.3125 0.775
vt 0.3125 0.975
vt 0.32917 0.775
vt 0.3125 0.975
vt 0.32917 0.975
vt 0.32917 0.775
vt 0.32917 0.775
vt 0.32917 0.975
vt 0.34583 0.775
vt 0.32917 0.975
vt 0.34583 0.975
vt 0.34583 0.775
vt 0.34583 0.775
vt 0.34583 0.975
vt 0.3625 0.775
vt 0.34583 0.975
vt 0.3625 0.975
vt 0.3625 0.775
vt 0.2625 0.775
vt 0.2625 0.975
vt 0.27917 0.775
vt 0.2625 0.975
vt 0.27917 0.975
vt 0.27917 0.775
vt 0.27917 0.775
vt 0.27917 0.975
vt 0.29583 0.775
vt 0.27917 0.975
vt 0.29583 0.975
vt 0.29583 0.775
vt 0.29583 0.775
vt 0.29583 0.975
vt 0.3125 0.775
vt 0.29583 0.975
vt 0.3125 0.975
vt 0.3125 0.775
vt 0.3875 0.525
vt 0.3875 0.725
vt 0.42083 0.725
vt 0.42083 0.525
vt 0.3875 0.525
vt 0.42083 0.725
vt 0.42083 0.525
vt 0.42083 0.725
vt 0.45417 0.725
vt 0.45417 0.525
vt 0.42083 0.525
vt 0.45417 0.725
vt 0.45417 0.525
vt 0.45417 0.725
vt 0.4875 0.725
vt 0.4875 0.525
vt 0.45417 0.525
vt 0.4875 0.725
vt 0.3875 0.525
vt 0.3875 0.725
vt 0.42083 0.725
vt 0.42083 0.525
vt 0.3875 0.525
vt 0.42083 0.725
vt 0.42083 0.525
vt 0.42083 0.725
vt 0.45417 0.725
vt 0.45417 0.525
vt 0.42083 0.525
vt 0.45417 0.725
vt 0.45417 0.525
vt 0.45417 0.725
vt 0.4875 0.725
vt 0.4875 0.525
vt 0.45417 0.525
vt 0.4875 0.725
vt 0.3875 0.525
vt 0.3875 0.725
vt 0.42083 0.525
vt 0.3875 0.725
vt 0.42083 0.725
vt 0.42083 0.525
vt 0.42083 0.525
vt 0.42083 0.725
vt 0.45417 0.525
vt 0.42083 0.725
vt 0.45417 0.725
vt 0.45417 0.525
vt 0.45417 0.525
vt 0.45417 0.725
vt 0.4875 0.525
vt 0.45417 0.725
vt 0.4875 0.725
vt 0.4875 0.525
vt 0.3875 0.525
vt 0.3875 0.725
vt 0.42083 0.525
vt 0.3875 0.725
vt 0.42083 0.725
vt 0.42083 0.525
vt 0.42083 0.525
vt 0.42083 0.725
vt 0.45417 0.525
vt 0.42083 0.725
vt 0.45417 0.725
vt 0.45417 0.525
vt 0.45417 0.525
vt 0.45417 0.725
vt 0.4875 0.525
vt 0.45417 0.725
vt 0.4875 0.725
vt 0.4875 0.525
vt 0.87625 0.025
vt 0.87625 0.225
vt 0.87625 0.225
vt 0.87625 0.025
vt 0.87625 0.025
vt 0.87625 0.225
vt 0.87625 0.025
vt 0.87625 0.225
vt 0.87625 0.225
vt 0.87625 0.025
vt 0.87625 0.025
vt 0.87625 0.225
vt 0.87625 0.025
vt 0.87625 0.225
vt 0.87625 0.225
vt 0.87625 0.025
vt 0.87625 0.025
vt 0.87625 0.225
vt 0.87625 0.025
vt 0.87625 0.225
vt 0.87625 0.225
vt 0.87625 0.025
vt 0.87625 0.025
vt 0.87625 0.225
vt 0.87625 0.025
vt 0.87625 0.225
vt 0.87625 0.225
vt 0.87625 0.025
vt 0.87625 0.025
vt 0.87625 0.225
vt 0.87625 0.025
vt 0.87625 0.225
vt 0.87625 0.225
vt 0.87625 0.025
vt 0.87625 0.025
vt 0.87625 0.225
vt 0.87625 0.025
vt 0.87625 0.225
vt 0.87625 0.025
vt 0.87625 0.225
vt 0.87625 0.225
vt 0.87625 0.025
vt 0.87625 0.025
vt 0.87625 0.225
vt 0.87625 0.025
vt 0.87625 0.225
vt 0.87625 0.225
vt 0.87625 0.025
vt 0.87625 0.025
vt 0.87625 0.225
vt 0.87625 0.025
vt 0.87625 0.225
vt 0.87625 0.225
vt 0.87625 0.025
vt 0.87625 0.025
vt 0.87625 0.225
vt 0.87625 0.025
vt 0.87625 0.225
vt 0.87625 0.225
vt 0.87625 0.025
vt 0.87625 0.025
vt 0.87625 0.225
vt 0.87625 0.025
vt 0.87625 0.225
vt 0.87625 0.225
vt 0.87625 0.025
vt 0.87625 0.025
vt 0.87625 0.225
vt 0.87625 0.025
vt 0.87625 0.225
vt 0.87625 0.225
vt 0.87625 0.025
vt 0.3875 0.775
vt 0.3875 0.975
vt 0.42083 0.975
vt 0.42083 0.775
vt 0.3875 0.775
vt 0.42083 0.975
vt 0.42083 0.775
vt 0.42083 0.975
vt 0.45417 0.975
vt 0.45417 0.775
vt 0.42083 0.775
vt 0.45417 0.975
vt 0.45417 0.775
vt 0.45417 0.975
vt 0.4875 0.975
vt 0.4875 0.775
vt 0.45417 0.775
vt 0.4875 0.975
vt 0.3875 0.775
vt 0.3875 0.975
vt 0.42083 0.975
vt 0.42083 0.775
vt 0.3875 0.775
vt 0.42083 0.975
vt 0.42083 0.775
vt 0.42083 0.975
vt 0.45417 0.975
vt 0.45417 0.775
vt 0.42083 0.775
vt 0.45417 0.975
vt 0.45417 0.775
vt 0.45417 0.975
vt 0.4875 0.975
vt 0.4875 0.775
vt 0.45417 0.775
vt 0.4875 0.975
vt 0.3875 0.775
vt 0.3875 0.975
vt 0.42083 0.775
vt 0.3875 0.975
vt 0.42083 0.975
vt 0.42083 0.775
vt 0.42083 0.775
vt 0.42083 0.975
vt 0.45417 0.775
vt 0.42083 0.975
vt 0.45417 0.975
vt 0.45417 0.775
vt 0.45417 0.775
vt 0.45417 0.975
vt 0.4875 0.775
vt 0.45417 0.975
vt 0.4875 0.975
vt 0.4875 0.775
vt 0.3875 0.775
vt 0.3875 0.975
vt 0.42083 0.775
vt 0.3875 0.975
vt 0.42083 0.975
vt 0.42083 0.775
vt 0.42083 0.775
vt 0.42083 0.975
vt 0.45417 0.775
vt 0.42083 0.975
vt 0.45417 0.975
vt 0.45417 0.775
vt 0.45417 0.775
vt 0.45417 0.975
vt 0.4875 0.775
vt 0.45417 0.975
vt 0.4875 0.975
vt 0.4875 0.775
vt 0.4375 0.525
vt 0.4375 0.725
vt 0.45417 0.725
vt 0.45417 0.525
vt 0.4375 0.525
vt 0.45417 0.725
vt 0.45417 0.525
vt 0.45417 0.725
vt 0.47083 0.725
vt 0.47083 0.525
vt 0.45417 0.525
vt 0.47083 0.725
vt 0.47083 0.525
vt 0.47083 0.725
vt 0.4875 0.725
vt 0.4875 0.525
vt 0.47083 0.525
vt 0.4875 0.725
vt 0.3875 0.525
vt 0.3875 0.725
vt 0.40417 0.725
vt 0.40417 0.525
vt 0.3875 0.525
vt 0.40417 0.725
vt 0.40417 0.525
vt 0.40417 0.725
vt 0.42083 0.725
vt 0.42083 0.525
vt 0.40417 0.525
vt 0.42083 0.725
vt 0.42083 0.525
vt 0.42083 0.725
vt 0.4375 0.725
vt 0.4375 0.525
vt 0.42083 0.525
vt 0.4375 0.725
vt 0.4375 0.525
vt 0.4375 0.725
vt 0.45417 0.525
vt 0.4375 0.725
vt 0.45417 0.725
vt 0.45417 0.525
vt 0.45417 0.525
vt 0.45417 0.725
vt 0.47083 0.525
vt 0.45417 0.725
vt 0.47083 0.725
vt 0.47083 0.525
vt 0.47083 0.525
vt 0.47083 0.725
vt 0.4875 0.525
vt 0.47083 0.725
vt 0.4875 0.725
vt 0.4875 0.525
vt 0.3875 0.525
vt 0.3875 0.725
vt 0.40417 0.525
vt 0.3875 0.725
vt 0.40417 0.725
vt 0.40417 0.525
vt 0.40417 0.525
vt 0.40417 0.725
vt 0.42083 0.525
vt 0.40417 0.725
vt 0.42083 0.725
vt 0.42083 0.525
vt 0.42083 0.525
vt 0.42083 0.725
vt 0.4375 0.525
vt 0.42083 0.725
vt 0.4375 0.725
vt 0.4375 0.525
vt 0.4375 0.525
vt 0.4375 0.725
vt 0.45417 0.725
vt 0.45417 0.525
vt 0.4375 0.525
vt 0.45417 0.725
vt 0.45417 0.525
vt 0.45417 0.725
vt 0.47083 0.725
vt 0.47083 0.525
vt 0.45417 0.525
vt 0.47083 0.725
vt 0.47083 0.525
vt 0.47083 0.725
vt 0.4875 0.725
vt 0.4875 0.525
vt 0.47083 0.525
vt 0.4875 0.725
vt 0.3875 0.525
vt 0.3875 0.725
vt 0.40417 0.725
vt 0.40417 0.525
vt 0.3875 0.525
vt 0.40417 0.725
vt 0.40417 0.525
vt 0.40417 0.725
vt 0.42083 0.725
vt 0.42083 0.525
vt 0.40417 0.525
vt 0.42083 0.725
vt 0.42083 0.525
vt 0.42083 0.725
vt 0.4375 0.725
vt 0.4375 0.525
vt 0.42083 0.525
vt 0.4375 0.725
vt 0.4375 0.525
vt 0.4375 0.725
vt 0.45417 0.525
vt 0.4375 0.725
vt 0.45417 0.725
vt 0.45417 0.525
vt 0.45417 0.525
vt 0.45417 0.725
vt 0.47083 0.525
vt 0.45417 0.725
vt 0.47083 0.725
vt 0.47083 0.525
vt 0.47083 0.525
vt 0.47083 0.725
vt 0.4875 0.525
vt 0.47083 0.725
vt 0.4875 0.725
vt 0.4875 0.525
vt 0.3875 0.525
vt 0.3875 0.725
vt 0.40417 0.525
vt 0.3875 0.725
vt 0.40417 0.725
vt 0.40417 0.525
vt 0.40417 0.525
vt 0.40417 0.725
vt 0.42083 0.525
vt 0.40417 0.725
vt 0.42083 0.725
vt 0.42083 0.525
vt 0.42083 0.525
vt 0.42083 0.725
vt 0.4375 0.525
vt 0.42083 0.725
vt 0.4375 0.725
vt 0.4375 0.525
vt 0.7625 0.775
vt 0.7625 0.975
vt 0.79583 0.975
vt 0.79583 0.775
vt 0.7625 0.775
vt 0.79583 0.975
vt 0.79583 0.775
vt 0.79583 0.975
vt 0.82917 0.975
vt 0.82917 0.775
vt 0.79583 0.775
vt 0.82917 0.975
vt 0.82917 0.775
vt 0.82917 0.975
vt 0.8625 0.975
vt 0.8625 0.775
vt 0.82917 0.775
vt 0.8625 0.975
vt 0.7625 0.775
vt 0.7625 0.975
vt 0.79583 0.975
vt 0.79583 0.775
vt 0.7625 0.775
vt 0.79583 0.975
vt 0.79583 0.775
vt 0.79583 0.975
vt 0.82917 0.975
vt 0.82917 0.775
vt 0.79583 0.775
vt 0.82917 0.975
vt 0.82917 0.775
vt 0.82917 0.975
vt 0.8625 0.975
vt 0.8625 0.775
vt 0.82917 0.775
vt 0.8625 0.975
vt 0.7625 0.775
vt 0.7625 0.975
vt 0.79583 0.775
vt 0.7625 0.975
vt 0.79583 0.975
vt 0.79583 0.775
vt 0.79583 0.775
vt 0.79583 0.975
vt 0.82917 0.775
vt 0.79583 0.975
vt 0.82917 0.975
vt 0.82917 0.775
vt 0.82917 0.775
vt 0.82917 0.975
vt 0.8625 0.775
vt 0.82917 0.975
vt 0.8625 0.975
vt 0.8625 0.775
vt 0.7625 0.775
vt 0.7625 0.975
vt 0.79583 0.775
vt 0.7625 0.975
vt 0.79583 0.975
vt 0.79583 0.775
vt 0.79583 0.775
vt 0.79583 0.975
vt 0.82917 0.775
vt 0.79583 0.975
vt 0.82917 0.975
vt 0.82917 0.775
vt 0.82917 0.775
vt 0.82917 0.975
vt 0.8625 0.775
vt 0.82917 0.975
vt 0.8625 0.975
vt 0.8625 0.775
vt 0.7625 0.775
vt 0.7625 0.975
vt 0.79583 0.975
vt 0.79583 0.775
vt 0.7625 0.775
vt 0.79583 0.975
vt 0.79583 0.775
vt 0.79583 0.975
vt 0.82917 0.975
vt 0.82917 0.775
vt 0.79583 0.775
vt 0.82917 0.975
vt 0.82917 0.775
vt 0.82917 0.975
vt 0.8625 0.975
vt 0.8625 0.775
vt 0.82917 0.775
vt 0.8625 0.975
vt 0.7625 0.775
vt 0.7625 0.975
vt 0.79583 0.975
vt 0.79583 0.775
vt 0.7625 0.775
vt 0.79583 0.975
vt 0.79583 0.775
vt 0.79583 0.975
vt 0.82917 0.975
vt 0.82917 0.775
vt 0.79583 0.775
vt 0.82917 0.975
vt 0.82917 0.775
vt 0.82917 0.975
vt 0.8625 0.975
vt 0.8625 0.775
vt 0.82917 0.775
vt 0.8625 0.975
vt 0.7625 0.775
vt 0.7625 0.975
vt 0.79583 0.775
vt 0.7625 0.975
vt 0.79583 0.975
vt 0.79583 0.775
vt 0.79583 0.775
vt 0.79583 0.975
vt 0.82917 0.775
vt 0.79583 0.975
vt 0.82917 0.975
vt 0.82917 0.775
vt 0.82917 0.775
vt 0.82917 0.975
vt 0.8625 0.775
vt 0.82917 0.975
vt 0.8625 0.975
vt 0.8625 0.775
vt 0.7625 0.775
vt 0.7625 0.975
vt 0.79583 0.775
vt 0.7625 0.975
vt 0.79583 0.975
vt 0.79583 0.775
vt 0.79583 0.775
vt 0.79583 0.975
vt 0.82917 0.775
vt 0.79583 0.975
vt 0.82917 0.975
vt 0.82917 0.775
vt 0.82917 0.775
vt 0.82917 0.975
vt 0.8625 0.775
vt 0.82917 0.975
vt 0.8625 0.975
vt 0.8625 0.775
vt 0.1375 0.275
vt 0.1375 0.475
vt 0.17083 0.475
vt 0.17083 0.275
vt 0.1375 0.275
vt 0.17083 0.475
vt 0.17083 0.275
vt 0.17083 0.475
vt 0.20417 0.475
vt 0.20417 0.275
vt 0.17083 0.275
vt 0.20417 0.475
vt 0.20417 0.275
vt 0.20417 0.475
vt 0.2375 0.475
vt 0.2375 0.275
vt 0.20417 0.275
vt 0.2375 0.475
vt 0.1375 0.275
vt 0.1375 0.475
vt 0.17083 0.475
vt 0.17083 0.275
vt 0.1375 0.275
vt 0.17083 0.475
vt 0.17083 0.275
vt 0.17083 0.475
vt 0.20417 0.475
vt 0.20417 0.275
vt 0.17083 0.275
vt 0.20417 0.475
vt 0.20417 0.275
vt 0.20417 0.475
vt 0.2375 0.475
vt 0.2375 0.275
vt 0.20417 0.275
vt 0.2375 0.475
vt 0.1375 0.275
vt 0.1375 0.475
vt 0.17083 0.275
vt 0.1375 0.475
vt 0.17083 0.475
vt 0.17083 0.275
vt 0.17083 0.275
vt 0.17083 0.475
vt 0.20417 0.275
vt 0.17083 0.475
vt 0.20417 0.475
vt 0.20417 0.275
vt 0.20417 0.275
vt 0.20417 0.475
vt 0.2375 0.275
vt 0.20417 0.475
vt 0.2375 0.475
vt 0.2375 0.275
vt 0.1375 0.275
vt 0.1375 0.475
vt 0.17083 0.275
vt 0.1375 0.475
vt 0.17083 0.475
vt 0.17083 0.275
vt 0.17083 0.275
vt 0.17083 0.475
vt 0.20417 0.275
vt 0.17083 0.475
vt 0.20417 0.475
vt 0.20417 0.275
vt 0.20417 0.275
vt 0.20417 0.475
vt 0.2375 0.275
vt 0.20417 0.475
vt 0.2375 0.475
vt 0.2375 0.275
vt 0.6375 0.525
vt 0.6375 0.725
vt 0.67083 0.725
vt 0.67083 0.525
vt 0.6375 0.525
vt 0.67083 0.725
vt 0.67083 0.525
vt 0.67083 0.725
vt 0.70417 0.725
vt 0.70417 0.525
vt 0.67083 0.525
vt 0.70417 0.725
vt 0.70417 0.525
vt 0.70417 0.725
vt 0.7375 0.725
vt 0.7375 0.525
vt 0.70417 0.525
vt 0.7375 0.725
vt 0.6375 0.525
vt 0.6375 0.725
vt 0.67083 0.725
vt 0.67083 0.525
vt 0.6375 0.525
vt 0.67083 0.725
vt 0.67083 0.525
vt 0.67083 0.725
vt 0.70417 0.725
vt 0.70417 0.525
vt 0.67083 0.525
vt 0.70417 0.725
vt 0.70417 0.525
vt 0.70417 0.725
vt 0.7375 0.725
vt 0.7375 0.525
vt 0.70417 0.525
vt 0.7375 0.725
vt 0.6375 0.525
vt 0.6375 0.725
vt 0.67083 0.525
vt 0.6375 0.725
vt 0.67083 0.725
vt 0.67083 0.525
vt 0.67083 0.525
vt 0.67083 0.725
vt 0.70417 0.525
vt 0.67083 0.725
vt 0.70417 0.725
vt 0.70417 0.525
vt 0.70417 0.525
vt 0.70417 0.725
vt 0.7375 0.525
vt 0.70417 0.725
vt 0.7375 0.725
vt 0.7375 0.525
vt 0.6375 0.525
vt 0.6375 0.725
vt 0.67083 0.525
vt 0.6375 0.725
vt 0.67083 0.725
vt 0.67083 0.525
vt 0.67083 0.525
vt 0.67083 0.725
vt 0.70417 0.525
vt 0.67083 0.725
vt 0.70417 0.725
vt 0.70417 0.525
vt 0.70417 0.525
vt 0.70417 0.725
vt 0.7375 0.525
vt 0.70417 0.725
vt 0.7375 0.725
vt 0.7375 0.525
vt 0.5125 0.775
vt 0.5125 0.975
vt 0.54583 0.975
vt 0.54583 0.775
vt 0.5125 0.775
vt 0.54583 0.975
vt 0.54583 0.775
vt 0.54583 0.975
vt 0.57917 0.975
vt 0.57917 0.775
vt 0.54583 0.775
vt 0.57917 0.975
vt 0.57917 0.775
vt 0.57917 0.975
vt 0.6125 0.975
vt 0.6125 0.775
vt 0.57917 0.775
vt 0.6125 0.975
vt 0.5125 0.775
vt 0.5125 0.975
vt 0.54583 0.975
vt 0.54583 0.775
vt 0.5125 0.775
vt 0.54583 0.975
vt 0.54583 0.775
vt 0.54583 0.975
vt 0.57917 0.975
vt 0.57917 0.775
vt 0.54583 0.775
vt 0.57917 0.975
vt 0.57917 0.775
vt 0.57917 0.975
vt 0.6125 0.975
vt 0.6125 0.775
vt 0.57917 0.775
vt 0.6125 0.975
vt 0.5125 0.775
vt 0.5125 0.975
vt 0.54583 0.775
vt 0.5125 0.975
vt 0.54583 0.975
vt 0.54583 0.775
vt 0.54583 0.775
vt 0.54583 0.975
vt 0.57917 0.775
vt 0.54583 0.975
vt 0.57917 0.975
vt 0.57917 0.775
vt 0.57917 0.775
vt 0.57917 0.975
vt 0.6125 0.775
vt 0.57917 0.975
vt 0.6125 0.975
vt 0.6125 0.775
vt 0.5125 0.775
vt 0.5125 0.975
vt 0.54583 0.775
vt 0.5125 0.975
vt 0.54583 0.975
vt 0.54583 0.775
vt 0.54583 0.775
vt 0.54583 0.975
vt 0.57917 0.775
vt 0.54583 0.975
vt 0.57917 0.975
vt 0.57917 0.775
vt 0.57917 0.775
vt 0.57917 0.975
vt 0.6125 0.775
vt 0.57917 0.975
vt 0.6125 0.975
vt 0.6125 0.775
vt 0.6375 0.525
vt 0.6375 0.725
vt 0.67083 0.725
vt 0.67083 0.525
vt 0.6375 0.525
vt 0.67083 0.725
vt 0.67083 0.525
vt 0.67083 0.725
vt 0.70417 0.725
vt 0.70417 0.525
vt 0.67083 0.525
vt 0.70417 0.725
vt 0.70417 0.525
vt 0.70417 0.725
vt 0.7375 0.725
vt 0.7375 0.525
vt 0.70417 0.525
vt 0.7375 0.725
vt 0.6375 0.525
vt 0.6375 0.725
vt 0.67083 0.725
vt 0.67083 0.525
vt 0.6375 0.525
vt 0.67083 0.725
vt 0.67083 0.525
vt 0.67083 0.725
vt 0.70417 0.725
vt 0.70417 0.525
vt 0.67083 0.525
vt 0.70417 0.725
vt 0.70417 0.525
vt 0.70417 0.725
vt 0.7375 0.725
vt 0.7375 0.525
vt 0.70417 0.525
vt 0.7375 0.725
vt 0.6375 0.525
vt 0.6375 0.725
vt 0.67083 0.525
vt 0.6375 0.725
vt 0.67083 0.725
vt 0.67083 0.525
vt 0.67083 0.525
vt 0.67083 0.725
vt 0.70417 0.525
vt 0.67083 0.725
vt 0.70417 0.725
vt 0.70417 0.525
vt 0.70417 0.525
vt 0.70417 0.725
vt 0.7375 0.525
vt 0.70417 0.725
vt 0.7375 0.725
vt 0.7375 0.525
vt 0.6375 0.525
vt 0.6375 0.725
vt 0.67083 0.525
vt 0.6375 0.725
vt 0.67083 0.725
vt 0.67083 0.525
vt 0.67083 0.525
vt 0.67083 0.725
vt 0.70417 0.525
vt 0.67083 0.725
vt 0.70417 0.725
vt 0.70417 0.525
vt 0.70417 0.525
vt 0.70417 0.725
vt 0.7375 0.525
vt 0.70417 0.725
vt 0.7375 0.725
vt 0.7375 0.525
vt 0.2625 0.775
vt 0.2625 0.975
vt 0.29583 0.975
vt 0.29583 0.775
vt 0.2625 0.775
vt 0.29583 0.975
vt 0.29583 0.775
vt 0.29583 0.975
vt 0.32917 0.975
vt 0.32917 0.775
vt 0.29583 0.775
vt 0.32917 0.975
vt 0.32917 0.775
vt 0.32917 0.975
vt 0.3625 0.975
vt 0.3625 0.775
vt 0.32917 0.775
vt 0.3625 0.975
vt 0.2625 0.775
vt 0.2625 0.975
vt 0.29583 0.975
vt 0.29583 0.775
vt 0.2625 0.775
vt 0.29583 0.975
vt 0.29583 0.775
vt 0.29583 0.975
vt 0.32917 0.975
vt 0.32917 0.775
vt 0.29583 0.775
vt 0.32917 0.975
vt 0.32917 0.775
vt 0.32917 0.975
vt 0.3625 0.975
vt 0.3625 0.775
vt 0.32917 0.775
vt 0.3625 0.975
vt 0.2625 0.775
vt 0.2625 0.975
vt 0.29583 0.775
vt 0.2625 0.975
vt 0.29583 0.975
vt 0.29583 0.775
vt 0.29583 0.775
vt 0.29583 0.975
vt 0.32917 0.775
vt 0.29583 0.975
vt 0.32917 0.975
vt 0.32917 0.775
vt 0.32917 0.775
vt 0.32917 0.975
vt 0.3625 0.775
vt 0.32917 0.975
vt 0.3625 0.975
vt 0.3625 0.775
vt 0.2625 0.775
vt 0.2625 0.975
vt 0.29583 0.775
vt 0.2625 0.975
vt 0.29583 0.975
vt 0.29583 0.775
vt 0.29583 0.775
vt 0.29583 0.975
vt 0.32917 0.775
vt 0.29583 0.975
vt 0.32917 0.975
vt 0.32917 0.775
vt 0.32917 0.775
vt 0.32917 0.975
vt 0.3625 0.775
vt 0.32917 0.975
vt 0.3625 0.975
vt 0.3625 0.775
vt 0.4375 0.525
vt 0.4375 0.725
vt 0.45417 0.725
vt 0.45417 0.525
vt 0.4375 0.525
vt 0.45417 0.725
vt 0.45417 0.525
vt 0.45417 0.725
vt 0.47083 0.725
vt 0.47083 0.525
vt 0.45417 0.525
vt 0.47083 0.725
vt 0.47083 0.525
vt 0.47083 0.725
vt 0.4875 0.725
vt 0.4875 0.525
vt 0.47083 0.525
vt 0.4875 0.725
vt 0.3875 0.525
vt 0.3875 0.725
vt 0.40417 0.725
vt 0.40417 0.525
vt 0.3875 0.525
vt 0.40417 0.725
vt 0.40417 0.525
vt 0.40417 0.725
vt 0.42083 0.725
vt 0.42083 0.525
vt 0.40417 0.525
vt 0.42083 0.725
vt 0.42083 0.525
vt 0.42083 0.725
vt 0.4375 0.725
vt 0.4375 0.525
vt 0.42083 0.525
vt 0.4375 0.725
vt 0.4375 0.525
vt 0.4375 0.725
vt 0.45417 0.525
vt 0.4375 0.725
vt 0.45417 0.725
vt 0.45417 0.525
vt 0.45417 0.525
vt 0.45417 0.725
vt 0.47083 0.525
vt 0.45417 0.725
vt 0.47083 0.725
vt 0.47083 0.525
vt 0.47083 0.525
vt 0.47083 0.725
vt 0.4875 0.525
vt 0.47083 0.725
vt 0.4875 0.725
vt 0.4875 0.525
vt 0.3875 0.525
vt 0.3875 0.725
vt 0.40417 0.525
vt 0.3875 0.725
vt 0.40417 0.725
vt 0.40417 0.525
vt 0.40417 0.525
vt 0.40417 0.725
vt 0.42083 0.525
vt 0.40417 0.725
vt 0.42083 0.725
vt 0.42083 0.525
vt 0.42083 0.525
vt 0.42083 0.725
vt 0.4375 0.525
vt 0.42083 0.725
vt 0.4375 0.725
vt 0.4375 0.525
vt 0.87625 0.025
vt 0.87625 0.225
vt 0.87625 0.225
vt 0.87625 0.025
vt 0.87625 0.025
vt 0.87625 0.225
vt 0.87625 0.025
vt 0.87625 0.225
vt 0.87625 0.225
vt 0.87625 0.025
vt 0.87625 0.025
vt 0.87625 0.225
vt 0.87625 0.025
vt 0.87625 0.225
vt 0.87625 0.225
vt 0.87625 0.025
vt 0.87625 0.025
vt 0.87625 0.225
vt 0.87625 0.025
vt 0.87625 0.225
vt 0.87625 0.225
vt 0.87625 0.025
vt 0.87625 0.025
vt 0.87625 0.225
vt 0.87625 0.025
vt 0.87625 0.225
vt 0.87625 0.225
vt 0.87625 0.025
vt 0.87625 0.025
vt 0.87625 0.225
vt 0.87625 0.025
vt 0.87625 0.225
vt 0.87625 0.225
vt 0.87625 0.025
vt 0.87625 0.025
vt 0.87625 0.225
vt 0.87625 0.025
vt 0.87625 0.225
vt 0.87625 0.025
vt 0.87625 0.225
vt 0.87625 0.225
vt 0.87625 0.025
vt 0.87625 0.025
vt 0.87625 0.225
vt 0.87625 0.025
vt 0.87625 0.225
vt 0.87625 0.225
vt 0.87625 0.025
vt 0.87625 0.025
vt 0.87625 0.225
vt 0.87625 0.025
vt 0.87625 0.225
vt 0.87625 0.225
vt 0.87625 0.025
vt 0.87625 0.025
vt 0.87625 0.225
vt 0.87625 0.025
vt 0.87625 0.225
vt 0.87625 0.225
vt 0.87625 0.025
vt 0.87625 0.025
vt 0.87625 0.225
vt 0.87625 0.025
vt 0.87625 0.225
vt 0.87625 0.225
vt 0.87625 0.025
vt 0.87625 0.025
vt 0.87625 0.225
vt 0.87625 0.025
vt 0.87625 0.225
vt 0.87625 0.225
vt 0.87625 0.025
vt 0.4375 0.775
vt 0.4375 0.975
vt 0.45417 0.975
vt 0.45417 0.775
vt 0.4375 0.775
vt 0.45417 0.975
vt 0.45417 0.775
vt 0.45417 0.975
vt 0.47083 0.975
vt 0.47083 0.775
vt 0.45417 0.775
vt 0.47083 0.975
vt 0.47083 0.775
vt 0.47083 0.975
vt 0.4875 0.975
vt 0.4875 0.775
vt 0.47083 0.775
vt 0.4875 0.975
vt 0.3875 0.775
vt 0.3875 0.975
vt 0.40417 0.975
vt 0.40417 0.775
vt 0.3875 0.775
vt 0.40417 0.975
vt 0.40417 0.775
vt 0.40417 0.975
vt 0.42083 0.975
vt 0.42083 0.775
vt 0.40417 0.775
vt 0.42083 0.975
vt 0.42083 0.775
vt 0.42083 0.975
vt 0.4375 0.975
vt 0.4375 0.775
vt 0.42083 0.775
vt 0.4375 0.975
vt 0.4375 0.775
vt 0.4375 0.975
vt 0.45417 0.775
vt 0.4375 0.975
vt 0.45417 0.975
vt 0.45417 0.775
vt 0.45417 0.775
vt 0.45417 0.975
vt 0.47083 0.775
vt 0.45417 0.975
vt 0.47083 0.975
vt 0.47083 0.775
vt 0.47083 0.775
vt 0.47083 0.975
vt 0.4875 0.775
vt 0.47083 0.975
vt 0.4875 0.975
vt 0.4875 0.775
vt 0.3875 0.775
vt 0.3875 0.975
vt 0.40417 0.775
vt 0.3875 0.975
vt 0.40417 0.975
vt 0.40417 0.775
vt 0.40417 0.775
vt 0.40417 0.975
vt 0.42083 0.775
vt 0.40417 0.975
vt 0.42083 0.975
vt 0.42083 0.775
vt 0.42083 0.775
vt 0.42083 0.975
vt 0.4375 0.775
vt 0.42083 0.975
vt 0.4375 0.975
vt 0.4375 0.775
vt 0.0625 0.275
vt 0.0625 0.475
vt 0.07917 0.475
vt 0.07917 0.275
vt 0.0625 0.275
vt 0.07917 0.475
vt 0.07917 0.275
vt 0.07917 0.475
vt 0.09583 0.475
vt 0.09583 0.275
vt 0.07917 0.275
vt 0.09583 0.475
vt 0.09583 0.275
vt 0.09583 0.475
vt 0.1125 0.475
vt 0.1125 0.275
vt 0.09583 0.275
vt 0.1125 0.475
vt 0.0125 0.275
vt 0.0125 0.475
vt 0.02917 0.475
vt 0.02917 0.275
vt 0.0125 0.275
vt 0.02917 0.475
vt 0.02917 0.275
vt 0.02917 0.475
vt 0.04583 0.475
vt 0.04583 0.275
vt 0.02917 0.275
vt 0.04583 0.475
vt 0.04583 0.275
vt 0.04583 0.475
vt 0.0625 0.475
vt 0.0625 0.275
vt 0.04583 0.275
vt 0.0625 0.475
vt 0.0625 0.275
vt 0.0625 0.475
vt 0.07917 0.275
vt 0.0625 0.475
vt 0.07917 0.475
vt 0.07917 0.275
vt 0.07917 0.275
vt 0.07917 0.475
vt 0.09583 0.275
vt 0.07917 0.475
vt 0.09583 0.475
vt 0.09583 0.275
vt 0.09583 0.275
vt 0.09583 0.475
vt 0.1125 0.275
vt 0.09583 0.475
vt 0.1125 0.475
vt 0.1125 0.275
vt 0.0125 0.275
vt 0.0125 0.475
vt 0.02917 0.275
vt 0.0125 0.475
vt 0.02917 0.475
vt 0.02917 0.275
vt 0.02917 0.275
vt 0.02917 0.475
vt 0.04583 0.275
vt 0.02917 0.475
vt 0.04583 0.475
vt 0.04583 0.275
vt 0.04583 0.275
vt 0.04583 0.475
vt 0.0625 0.275
vt 0.04583 0.475
vt 0.0625 0.475
vt 0.0625 0.275
vt 0.0625 0.275
vt 0.0625 0.475
vt 0.07917 0.475
vt 0.07917 0.275
vt 0.0625 0.275
vt 0.07917 0.475
vt 0.07917 0.275
vt 0.07917 0.475
vt 0.09583 0.475
vt 0.09583 0.275
vt 0.07917 0.275
vt 0.09583 0.475
vt 0.09583 0.275
vt 0.09583 0.475
vt 0.1125 0.475
vt 0.1125 0.275
vt 0.09583 0.275
vt 0.1125 0.475
vt 0.0125 0.275
vt 0.0125 0.475
vt 0.02917 0.475
vt 0.02917 0.275
vt 0.0125 0.275
vt 0.02917 0.475
vt 0.02917 0.275
vt 0.02917 0.475
vt 0.04583 0.475
vt 0.04583 0.275
vt 0.02917 0.275
vt 0.04583 0.475
vt 0.04583 0.275
vt 0.04583 0.475
vt 0.0625 0.475
vt 0.0625 0.275
vt 0.04583 0.275
vt 0.0625 0.475
vt 0.0625 0.275
vt 0.0625 0.475
vt 0.07917 0.275
vt 0.0625 0.475
vt 0.07917 0.475
vt 0.07917 0.275
vt 0.07917 0.275
vt 0.07917 0.475
vt 0.09583 0.275
vt 0.07917 0.475
vt 0.09583 0.475
vt 0.09583 0.275
vt 0.09583 0.275
vt 0.09583 0.475
vt 0.1125 0.275
vt 0.09583 0.475
vt 0.1125 0.475
vt 0.1125 0.275
vt 0.0125 0.275
vt 0.0125 0.475
vt 0.02917 0.275
vt 0.0125 0.475
vt 0.02917 0.475
vt 0.02917 0.275
vt 0.02917 0.275
vt 0.02917 0.475
vt 0.04583 0.275
vt 0.02917 0.475
vt 0.04583 0.475
vt 0.04583 0.275
vt 0.04583 0.275
vt 0.04583 0.475
vt 0.0625 0.275
vt 0.04583 0.475
vt 0.0625 0.475
vt 0.0625 0.275
vt 0.2625 0.775
vt 0.2625 0.975
vt 0.29583 0.975
vt 0.29583 0.775
vt 0.2625 0.775
vt 0.29583 0.975
vt 0.29583 0.775
vt 0.29583 0.975
vt 0.32917 0.975
vt 0.32917 0.775
vt 0.29583 0.775
vt 0.32917 0.975
vt 0.32917 0.775
vt 0.32917 0.975
vt 0.3625 0.975
vt 0.3625 0.775
vt 0.32917 0.775
vt 0.3625 0.975
vt 0.2625 0.775
vt 0.2625 0.975
vt 0.29583 0.975
vt 0.29583 0.775
vt 0.2625 0.775
vt 0.29583 0.975
vt 0.29583 0.775
vt 0.29583 0.975
vt 0.32917 0.975
vt 0.32917 0.775
vt 0.29583 0.775
vt 0.32917 0.975
vt 0.32917 0.775
vt 0.32917 0.975
vt 0.3625 0.975
vt 0.3625 0.775
vt 0.32917 0.775
vt 0.3625 0.975
vt 0.2625 0.775
vt 0.2625 0.975
vt 0.29583 0.775
vt 0.2625 0.975
vt 0.29583 0.975
vt 0.29583 0.775
vt 0.29583 0.775
vt 0.29583 0.975
vt 0.32917 0.775
vt 0.29583 0.975
vt 0.32917 0.975
vt 0.32917 0.775
vt 0.32917 0.775
vt 0.32917 0.975
vt 0.3625 0.775
vt 0.32917 0.975
vt 0.3625 0.975
vt 0.3625 0.775
vt 0.2625 0.775
vt 0.2625 0.975
vt 0.29583 0.775
vt 0.2625 0.975
vt 0.29583 0.975
vt 0.29583 0.775
vt 0.29583 0.775
vt 0.29583 0.975
vt 0.32917 0.775
vt 0.29583 0.975
vt 0.32917 0.975
vt 0.32917 0.775
vt 0.32917 0.775
vt 0.32917 0.975
vt 0.3625 0.775
vt 0.32917 0.975
vt 0.3625 0.975
vt 0.3625 0.775
vt 0.3875 0.775
vt 0.3875 0.975
vt 0.42083 0.975
vt 0.42083 0.775
vt 0.3875 0.775
vt 0.42083 0.975
vt 0.42083 0.775
vt 0.42083 0.975
vt 0.45417 0.975
vt 0.45417 0.775
vt 0.42083 0.775
vt 0.45417 0.975
vt 0.45417 0.775
vt 0.45417 0.975
vt 0.4875 0.975
vt 0.4875 0.775
vt 0.45417 0.775
vt 0.4875 0.975
vt 0.3875 0.775
vt 0.3875 0.975
vt 0.42083 0.975
vt 0.42083 0.775
vt 0.3875 0.775
vt 0.42083 0.975
vt 0.42083 0.775
vt 0.42083 0.975
vt 0.45417 0.975
vt 0.45417 0.775
vt 0.42083 0.775
vt 0.45417 0.975
vt 0.45417 0.775
vt 0.45417 0.975
vt 0.4875 0.975
vt 0.4875 0.775
vt 0.45417 0.775
vt 0.4875 0.975
vt 0.3875 0.775
vt 0.3875 0.975
vt 0.42083 0.775
vt 0.3875 0.975
vt 0.42083 0.975
vt 0.42083 0.775
vt 0.42083 0.775
vt 0.42083 0.975
vt 0.45417 0.775
vt 0.42083 0.975
vt 0.45417 0.975
vt 0.45417 0.775
vt 0.45417 0.775
vt 0.45417 0.975
vt 0.4875 0.775
vt 0.45417 0.975
vt 0.4875 0.975
vt 0.4875 0.775
vt 0.3875 0.775
vt 0.3875 0.975
vt 0.42083 0.775
vt 0.3875 0.975
vt 0.42083 0.975
vt 0.42083 0.775
vt 0.42083 0.775
vt 0.42083 0.975
vt 0.45417 0.775
vt 0.42083 0.975
vt 0.45417 0.975
vt 0.45417 0.775
vt 0.45417 0.775
vt 0.45417 0.975
vt 0.4875 0.775
vt 0.45417 0.975
vt 0.4875 0.975
vt 0.4875 0.775
vt 0.87625 0.025
vt 0.87625 0.225
vt 0.87625 0.225
vt 0.87625 0.025
vt 0.87625 0.025
vt 0.87625 0.225
vt 0.87625 0.025
vt 0.87625 0.225
vt 0.87625 0.225
vt 0.87625 0.025
vt 0.87625 0.025
vt 0.87625 0.225
vt 0.87625 0.025
vt 0.87625 0.225
vt 0.87625 0.225
vt 0.87625 0.025
vt 0.87625 0.025
vt 0.87625 0.225
vt 0.87625 0.025
vt 0.87625 0.225
vt 0.87625 0.225
vt 0.87625 0.025
vt 0.87625 0.025
vt 0.87625 0.225
vt 0.87625 0.025
vt 0.87625 0.225
vt 0.87625 0.225
vt 0.87625 0.025
vt 0.87625 0.025
vt 0.87625 0.225
vt 0.87625 0.025
vt 0.87625 0.225
vt 0.87625 0.225
vt 0.87625 0.025
vt 0.87625 0.025
vt 0.87625 0.225
vt 0.87625 0.025
vt 0.87625 0.225
vt 0.87625 0.025
vt 0.87625 0.225
vt 0.87625 0.225
vt 0.87625 0.025
vt 0.87625 0.025
vt 0.87625 0.225
vt 0.87625 0.025
vt 0.87625 0.225
vt 0.87625 0.225
vt 0.87625 0.025
vt 0.87625 0.025
vt 0.87625 0.225
vt 0.87625 0.025
vt 0.87625 0.225
vt 0.87625 0.225
vt 0.87625 0.025
vt 0.87625 0.025
vt 0.87625 0.225
vt 0.87625 0.025
vt 0.87625 0.225
vt 0.87625 0.225
vt 0.87625 0.025
vt 0.87625 0.025
vt 0.87625 0.225
vt 0.87625 0.025
vt 0.87625 0.225
vt 0.87625 0.225
vt 0.87625 0.025
vt 0.87625 0.025
vt 0.87625 0.225
vt 0.87625 0.025
vt 0.87625 0.225
vt 0.87625 0.225
vt 0.87625 0.025
vt 0.6375 0.525
vt 0.6375 0.725
vt 0.67083 0.725
vt 0.67083 0.525
vt 0.6375 0.525
vt 0.67083 0.725
vt 0.67083 0.525
vt 0.67083 0.725
vt 0.70417 0.725
vt 0.70417 0.525
vt 0.67083 0.525
vt 0.70417 0.725
vt 0.70417 0.525
vt 0.70417 0.725
vt 0.7375 0.725
vt 0.7375 0.525
vt 0.70417 0.525
vt 0.7375 0.725
vt 0.6375 0.525
vt 0.6375 0.725
vt 0.67083 0.725
vt 0.67083 0.525
vt 0.6375 0.525
vt 0.67083 0.725
vt 0.67083 0.525
vt 0.67083 0.725
vt 0.70417 0.725
vt 0.70417 0.525
vt 0.67083 0.525
vt 0.70417 0.725
vt 0.70417 0.525
vt 0.70417 0.725
vt 0.7375 0.725
vt 0.7375 0.525
vt 0.70417 0.525
vt 0.7375 0.725
vt 0.6375 0.525
vt 0.6375 0.725
vt 0.67083 0.525
vt 0.6375 0.725
vt 0.67083 0.725
vt 0.67083 0.525
vt 0.67083 0.525
vt 0.67083 0.725
vt 0.70417 0.525
vt 0.67083 0.725
vt 0.70417 0.725
vt 0.70417 0.525
vt 0.70417 0.525
vt 0.70417 0.725
vt 0.7375 0.525
vt 0.70417 0.725
vt 0.7375 0.725
vt 0.7375 0.525
vt 0.6375 0.525
vt 0.6375 0.725
vt 0.67083 0.525
vt 0.6375 0.725
vt 0.67083 0.725
vt 0.67083 0.525
vt 0.67083 0.525
vt 0.67083 0.725
vt 0.70417 0.525
vt 0.67083 0.725
vt 0.70417 0.725
vt 0.70417 0.525
vt 0.70417 0.525
vt 0.70417 0.725
vt 0.7375 0.525
vt 0.70417 0.725
vt 0.7375 0.725
vt 0.7375 0.525
vt 0.1875 0.775
vt 0.1875 0.975
vt 0.2125 0.975
vt 0.2125 0.775
vt 0.1875 0.775
vt 0.2125 0.975
vt 0.2125 0.775
vt 0.2125 0.975
vt 0.2375 0.975
vt 0.2375 0.775
vt 0.2125 0.775
vt 0.2375 0.975
vt 0.1375 0.775
vt 0.1375 0.975
vt 0.1625 0.975
vt 0.1625 0.775
vt 0.1375 0.775
vt 0.1625 0.975
vt 0.1625 0.775
vt 0.1625 0.975
vt 0.1875 0.975
vt 0.1875 0.775
vt 0.1625 0.775
vt 0.1875 0.975
vt 0.1875 0.775
vt 0.1875 0.975
vt 0.2125 0.775
vt 0.1875 0.975
vt 0.2125 0.975
vt 0.2125 0.775
vt 0.2125 0.775
vt 0.2125 0.975
vt 0.2375 0.775
vt 0.2125 0.975
vt 0.2375 0.975
vt 0.2375 0.775
vt 0.1375 0.775
vt 0.1375 0.975
vt 0.1625 0.775
vt 0.1375 0.975
vt 0.1625 0.975
vt 0.1625 0.775
vt 0.1625 0.775
vt 0.1625 0.975
vt 0.1875 0.775
vt 0.1625 0.975
vt 0.1875 0.975
vt 0.1875 0.775
vt 0.5625 0.775
vt 0.5625 0.975
vt 0.5875 0.975
vt 0.5875 0.775
vt 0.5625 0.775
vt 0.5875 0.975
vt 0.5875 0.775
vt 0.5875 0.975
vt 0.6125 0.975
vt 0.6125 0.775
vt 0.5875 0.775
vt 0.6125 0.975
vt 0.5125 0.775
vt 0.5125 0.975
vt 0.5375 0.975
vt 0.5375 0.775
vt 0.5125 0.775
vt 0.5375 0.975
vt 0.5375 0.775
vt 0.5375 0.975
vt 0.5625 0.975
vt 0.5625 0.775
vt 0.5375 0.775
vt 0.5625 0.975
vt 0.5625 0.775
vt 0.5625 0.975
vt 0.5875 0.775
vt 0.5625 0.975
vt 0.5875 0.975
vt 0.5875 0.775
vt 0.5875 0.775
vt 0.5875 0.975
vt 0.6125 0.775
vt 0.5875 0.975
vt 0.6125 0.975
vt 0.6125 0.775
vt 0.5125 0.775
vt 0.5125 0.975
vt 0.5375 0.775
vt 0.5125 0.975
vt 0.5375 0.975
vt 0.5375 0.775
vt 0.5375 0.775
vt 0.5375 0.975
vt 0.5625 0.775
vt 0.5375 0.975
vt 0.5625 0.975
vt 0.5625 0.775
vt 0.4375 0.775
vt 0.4375 0.975
vt 0.4625 0.975
vt 0.4625 0.775
vt 0.4375 0.775
vt 0.4625 0.975
vt 0.4625 0.775
vt 0.4625 0.975
vt 0.4875 0.975
vt 0.4875 0.775
vt 0.4625 0.775
vt 0.4875 0.975
vt 0.3875 0.775
vt 0.3875 0.975
vt 0.4125 0.975
vt 0.4125 0.775
vt 0.3875 0.775
vt 0.4125 0.975
vt 0.4125 0.775
vt 0.4125 0.975
vt 0.4375 0.975
vt 0.4375 0.775
vt 0.4125 0.775
vt 0.4375 0.975
vt 0.4375 0.775
vt 0.4375 0.975
vt 0.4625 0.775
vt 0.4375 0.975
vt 0.4625 0.975
vt 0.4625 0.775
vt 0.4625 0.775
vt 0.4625 0.975
vt 0.4875 0.775
vt 0.4625 0.975
vt 0.4875 0.975
vt 0.4875 0.775
vt 0.3875 0.775
vt 0.3875 0.975
vt 0.4125 0.775
vt 0.3875 0.975
vt 0.4125 0.975
vt 0.4125 0.775
vt 0.4125 0.775
vt 0.4125 0.975
vt 0.4375 0.775
vt 0.4125 0.975
vt 0.4375 0.975
vt 0.4375 0.775
vt 0.87625 0.025
vt 0.87625 0.225
vt 0.87625 0.225
vt 0.87625 0.025
vt 0.87625 0.025
vt 0.87625 0.225
vt 0.87625 0.025
vt 0.87625 0.225
vt 0.87625 0.225
vt 0.87625 0.025
vt 0.87625 0.025
vt 0.87625 0.225
vt 0.87625 0.025
vt 0.87625 0.225
vt 0.87625 0.225
vt 0.87625 0.025
vt 0.87625 0.025
vt 0.87625 0.225
vt 0.87625 0.025
vt 0.87625 0.225
vt 0.87625 0.225
vt 0.87625 0.025
vt 0.87625 0.025
vt 0.87625 0.225
vt 0.87625 0.025
vt 0.87625 0.225
vt 0.87625 0.025
vt 0.87625 0.225
vt 0.87625 0.225
vt 0.87625 0.025
vt 0.87625 0.025
vt 0.87625 0.225
vt 0.87625 0.025
vt 0.87625 0.225
vt 0.87625 0.225
vt 0.87625 0.025
vt 0.87625 0.025
vt 0.87625 0.225
vt 0.87625 0.025
vt 0.87625 0.225
vt 0.87625 0.225
vt 0.87625 0.025
vt 0.87625 0.025
vt 0.87625 0.225
vt 0.87625 0.025
vt 0.87625 0.225
vt 0.87625 0.225
vt 0.87625 0.025
vt 0.0125 0.525
vt 0.0125 0.725
vt 0.1125 0.725
vt 0.1125 0.525
vt 0.0125 0.525
vt 0.1125 0.725
vt 0.0125 0.525
vt 0.0125 0.725
vt 0.1125 0.725
vt 0.1125 0.525
vt 0.0125 0.525
vt 0.1125 0.725
vt 0.0125 0.525
vt 0.0125 0.725
vt 0.1125 0.725
vt 0.1125 0.525
vt 0.0125 0.525
vt 0.1125 0.725
vt 0.0125 0.525
vt 0.0125 0.725
vt 0.1125 0.725
vt 0.1125 0.525
vt 0.0125 0.525
vt 0.1125 0.725
vt 0.0125 0.525
vt 0.0125 0.725
vt 0.1125 0.525
vt 0.0125 0.725
vt 0.1125 0.725
vt 0.1125 0.525
vt 0.0125 0.525
vt 0.0125 0.725
vt 0.1125 0.525
vt 0.0125 0.725
vt 0.1125 0.725
vt 0.1125 0.525
vt 0.0125 0.525
vt 0.0125 0.725
vt 0.1125 0.525
vt 0.0125 0.725
vt 0.1125 0.725
vt 0.1125 0.525
vt 0.0125 0.525
vt 0.0125 0.725
vt 0.1125 0.525
vt 0.0125 0.725
vt 0.1125 0.725
vt 0.1125 0.525
vt 0.2625 0.775
vt 0.2625 0.975
vt 0.3625 0.975
vt 0.3625 0.775
vt 0.2625 0.775
vt 0.3625 0.975
vt 0.2625 0.775
vt 0.2625 0.975
vt 0.3625 0.975
vt 0.3625 0.775
vt 0.2625 0.775
vt 0.3625 0.975
vt 0.2625 0.775
vt 0.2625 0.975
vt 0.3625 0.975
vt 0.3625 0.775
vt 0.2625 0.775
vt 0.3625 0.975
vt 0.2625 0.775
vt 0.2625 0.975
vt 0.3625 0.975
vt 0.3625 0.775
vt 0.2625 0.775
vt 0.3625 0.975
vt 0.2625 0.775
vt 0.2625 0.975
vt 0.3625 0.775
vt 0.2625 0.975
vt 0.3625 0.975
vt 0.3625 0.775
vt 0.2625 0.775
vt 0.2625 0.975
vt 0.3625 0.775
vt 0.2625 0.975
vt 0.3625 0.975
vt 0.3625 0.775
vt 0.2625 0.775
vt 0.2625 0.975
vt 0.3625 0.775
vt 0.2625 0.975
vt 0.3625 0.975
vt 0.3625 0.775
vt 0.2625 0.775
vt 0.2625 0.975
vt 0.3625 0.775
vt 0.2625 0.975
vt 0.3625 0.975
vt 0.3625 0.775
vt 0.1875 0.775
vt 0.1875 0.975
vt 0.2125 0.975
vt 0.2125 0.775
vt 0.1875 0.775
vt 0.2125 0.975
vt 0.2125 0.775
vt 0.2125 0.975
vt 0.2375 0.975
vt 0.2375 0.775
vt 0.2125 0.775
vt 0.2375 0.975
vt 0.1375 0.775
vt 0.1375 0.975
vt 0.1625 0.975
vt 0.1625 0.775
vt 0.1375 0.775
vt 0.1625 0.975
vt 0.1625 0.775
vt 0.1625 0.975
vt 0.1875 0.975
vt 0.1875 0.775
vt 0.1625 0.775
vt 0.1875 0.975
vt 0.1875 0.775
vt 0.1875 0.975
vt 0.2125 0.775
vt 0.1875 0.975
vt 0.2125 0.975
vt 0.2125 0.775
vt 0.2125 0.775
vt 0.2125 0.975
vt 0.2375 0.775
vt 0.2125 0.975
vt 0.2375 0.975
vt 0.2375 0.775
vt 0.1375 0.775
vt 0.1375 0.975
vt 0.1625 0.775
vt 0.1375 0.975
vt 0.1625 0.975
vt 0.1625 0.775
vt 0.1625 0.775
vt 0.1625 0.975
vt 0.1875 0.775
vt 0.1625 0.975
vt 0.1875 0.975
vt 0.1875 0.775
vt 0.5125 0.775
vt 0.5125 0.975
vt 0.6125 0.975
vt 0.6125 0.775
vt 0.5125 0.775
vt 0.6125 0.975
vt 0.5125 0.775
vt 0.5125 0.975
vt 0.6125 0.975
vt 0.6125 0.775
vt 0.5125 0.775
vt 0.6125 0.975
vt 0.5125 0.775
vt 0.5125 0.975
vt 0.6125 0.975
vt 0.6125 0.775
vt 0.5125 0.775
vt 0.6125 0.975
vt 0.5125 0.775
vt 0.5125 0.975
vt 0.6125 0.975
vt 0.6125 0.775
vt 0.5125 0.775
vt 0.6125 0.975
vt 0.5125 0.775
vt 0.5125 0.975
vt 0.6125 0.775
vt 0.5125 0.975
vt 0.6125 0.975
vt 0.6125 0.775
vt 0.5125 0.775
vt 0.5125 0.975
vt 0.6125 0.775
vt 0.5125 0.975
vt 0.6125 0.975
vt 0.6125 0.775
vt 0.5125 0.775
vt 0.5125 0.975
vt 0.6125 0.775
vt 0.5125 0.975
vt 0.6125 0.975
vt 0.6125 0.775
vt 0.5125 0.775
vt 0.5125 0.975
vt 0.6125 0.775
vt 0.5125 0.975
vt 0.6125 0.975
vt 0.6125 0.775
vt 0.3875 0.775
vt 0.3875 0.975
vt 0.4875 0.975
vt 0.4875 0.775
vt 0.3875 0.775
vt 0.4875 0.975
vt 0.3875 0.775
vt 0.3875 0.975
vt 0.4875 0.975
vt 0.4875 0.775
vt 0.3875 0.775
vt 0.4875 0.975
vt 0.3875 0.775
vt 0.3875 0.975
vt 0.4875 0.975
vt 0.4875 0.775
vt 0.3875 0.775
vt 0.4875 0.975
vt 0.3875 0.775
vt 0.3875 0.975
vt 0.4875 0.975
vt 0.4875 0.775
vt 0.3875 0.775
vt 0.4875 0.975
vt 0.3875 0.775
vt 0.3875 0.975
vt 0.4875 0.775
vt 0.3875 0.975
vt 0.4875 0.975
vt 0.4875 0.775
vt 0.3875 0.775
vt 0.3875 0.975
vt 0.4875 0.775
vt 0.3875 0.975
vt 0.4875 0.975
vt 0.4875 0.775
vt 0.3875 0.775
vt 0.3875 0.975
vt 0.4875 0.775
vt 0.3875 0.975
vt 0.4875 0.975
vt 0.4875 0.775
vt 0.3875 0.775
vt 0.3875 0.975
vt 0.4875 0.775
vt 0.3875 0.975
vt 0.4875 0.975
vt 0.4875 0.775
vt 0.87625 0.025
vt 0.87625 0.225
vt 0.87625 0.225
vt 0.87625 0.025
vt 0.87625 0.025
vt 0.87625 0.225
vt 0.87625 0.025
vt 0.87625 0.225
vt 0.87625 0.225
vt 0.87625 0.025
vt 0.87625 0.025
vt 0.87625 0.225
vt 0.87625 0.025
vt 0.87625 0.225
vt 0.87625 0.225
vt 0.87625 0.025
vt 0.87625 0.025
vt 0.87625 0.225
vt 0.87625 0.025
vt 0.87625 0.225
vt 0.87625 0.225
vt 0.87625 0.025
vt 0.87625 0.025
vt 0.87625 0.225
vt 0.87625 0.025
vt 0.87625 0.225
vt 0.87625 0.025
vt 0.87625 0.225
vt 0.87625 0.225
vt 0.87625 0.025
vt 0.87625 0.025
vt 0.87625 0.225
vt 0.87625 0.025
vt 0.87625 0.225
vt 0.87625 0.225
vt 0.87625 0.025
vt 0.87625 0.025
vt 0.87625 0.225
vt 0.87625 0.025
vt 0.87625 0.225
vt 0.87625 0.225
vt 0.87625 0.025
vt 0.87625 0.025
vt 0.87625 0.225
vt 0.87625 0.025
vt 0.87625 0.225
vt 0.87625 0.225
vt 0.87625 0.025
vt 0.0625 0.525
vt 0.0625 0.725
vt 0.0875 0.725
vt 0.0875 0.525
vt 0.0625 0.525
vt 0.0875 0.725
vt 0.0875 0.525
vt 0.0875 0.725
vt 0.1125 0.725
vt 0.1125 0.525
vt 0.0875 0.525
vt 0.1125 0.725
vt 0.0125 0.525
vt 0.0125 0.725
vt 0.0375 0.725
vt 0.0375 0.525
vt 0.0125 0.525
vt 0.0375 0.725
vt 0.0375 0.525
vt 0.0375 0.725
vt 0.0625 0.725
vt 0.0625 0.525
vt 0.0375 0.525
vt 0.0625 0.725
vt 0.0625 0.525
vt 0.0625 0.725
vt 0.0875 0.525
vt 0.0625 0.725
vt 0.0875 0.725
vt 0.0875 0.525
vt 0.0875 0.525
vt 0.0875 0.725
vt 0.1125 0.525
vt 0.0875 0.725
vt 0.1125 0.725
vt 0.1125 0.525
vt 0.0125 0.525
vt 0.0125 0.725
vt 0.0375 0.525
vt 0.0125 0.725
vt 0.0375 0.725
vt 0.0375 0.525
vt 0.0375 0.525
vt 0.0375 0.725
vt 0.0625 0.525
vt 0.0375 0.725
vt 0.0625 0.725
vt 0.0625 0.525
vt 0.3125 0.775
vt 0.3125 0.975
vt 0.3375 0.975
vt 0.3375 0.775
vt 0.3125 0.775
vt 0.3375 0.975
vt 0.3375 0.775
vt 0.3375 0.975
vt 0.3625 0.975
vt 0.3625 0.775
vt 0.3375 0.775
vt 0.3625 0.975
vt 0.2625 0.775
vt 0.2625 0.975
vt 0.2875 0.975
vt 0.2875 0.775
vt 0.2625 0.775
vt 0.2875 0.975
vt 0.2875 0.775
vt 0.2875 0.975
vt 0.3125 0.975
vt 0.3125 0.775
vt 0.2875 0.775
vt 0.3125 0.975
vt 0.3125 0.775
vt 0.3125 0.975
vt 0.3375 0.775
vt 0.3125 0.975
vt 0.3375 0.975
vt 0.3375 0.775
vt 0.3375 0.775
vt 0.3375 0.975
vt 0.3625 0.775
vt 0.3375 0.975
vt 0.3625 0.975
vt 0.3625 0.775
vt 0.2625 0.775
vt 0.2625 0.975
vt 0.2875 0.775
vt 0.2625 0.975
vt 0.2875 0.975
vt 0.2875 0.775
vt 0.2875 0.775
vt 0.2875 0.975
vt 0.3125 0.775
vt 0.2875 0.975
vt 0.3125 0.975
vt 0.3125 0.775
vt 0.4375 0.775
vt 0.4375 0.975
vt 0.45417 0.975
vt 0.45417 0.775
vt 0.4375 0.775
vt 0.45417 0.975
vt 0.45417 0.775
vt 0.45417 0.975
vt 0.47083 0.975
vt 0.47083 0.775
vt 0.45417 0.775
vt 0.47083 0.975
vt 0.47083 0.775
vt 0.47083 0.975
vt 0.4875 0.975
vt 0.4875 0.775
vt 0.47083 0.775
vt 0.4875 0.975
vt 0.3875 0.775
vt 0.3875 0.975
vt 0.40417 0.975
vt 0.40417 0.775
vt 0.3875 0.775
vt 0.40417 0.975
vt 0.40417 0.775
vt 0.40417 0.975
vt 0.42083 0.975
vt 0.42083 0.775
vt 0.40417 0.775
vt 0.42083 0.975
vt 0.42083 0.775
vt 0.42083 0.975
vt 0.4375 0.975
vt 0.4375 0.775
vt 0.42083 0.775
vt 0.4375 0.975
vt 0.4375 0.775
vt 0.4375 0.975
vt 0.45417 0.775
vt 0.4375 0.975
vt 0.45417 0.975
vt 0.45417 0.775
vt 0.45417 0.775
vt 0.45417 0.975
vt 0.47083 0.775
vt 0.45417 0.975
vt 0.47083 0.975
vt 0.47083 0.775
vt 0.47083 0.775
vt 0.47083 0.975
vt 0.4875 0.775
vt 0.47083 0.975
vt 0.4875 0.975
vt 0.4875 0.775
vt 0.3875 0.775
vt 0.3875 0.975
vt 0.40417 0.775
vt 0.3875 0.975
vt 0.40417 0.975
vt 0.40417 0.775
vt 0.40417 0.775
vt 0.40417 0.975
vt 0.42083 0.775
vt 0.40417 0.975
vt 0.42083 0.975
vt 0.42083 0.775
vt 0.42083 0.775
vt 0.42083 0.975
vt 0.4375 0.775
vt 0.42083 0.975
vt 0.4375 0.975
vt 0.4375 0.775
vt 0.4375 0.775
vt 0.4375 0.975
vt 0.45417 0.975
vt 0.45417 0.775
vt 0.4375 0.775
vt 0.45417 0.975
vt 0.45417 0.775
vt 0.45417 0.975
vt 0.47083 0.975
vt 0.47083 0.775
vt 0.45417 0.775
vt 0.47083 0.975
vt 0.47083 0.775
vt 0.47083 0.975
vt 0.4875 0.975
vt 0.4875 0.775
vt 0.47083 0.775
vt 0.4875 0.975
vt 0.3875 0.775
vt 0.3875 0.975
vt 0.40417 0.975
vt 0.40417 0.775
vt 0.3875 0.775
vt 0.40417 0.975
vt 0.40417 0.775
vt 0.40417 0.975
vt 0.42083 0.975
vt 0.42083 0.775
vt 0.40417 0.775
vt 0.42083 0.975
vt 0.42083 0.775
vt 0.42083 0.975
vt 0.4375 0.975
vt 0.4375 0.775
vt 0.42083 0.775
vt 0.4375 0.975
vt 0.4375 0.775
vt 0.4375 0.975
vt 0.45417 0.775
vt 0.4375 0.975
vt 0.45417 0.975
vt 0.45417 0.775
vt 0.45417 0.775
vt 0.45417 0.975
vt 0.47083 0.775
vt 0.45417 0.975
vt 0.47083 0.975
vt 0.47083 0.775
vt 0.47083 0.775
vt 0.47083 0.975
vt 0.4875 0.775
vt 0.47083 0.975
vt 0.4875 0.975
vt 0.4875 0.775
vt 0.3875 0.775
vt 0.3875 0.975
vt 0.40417 0.775
vt 0.3875 0.975
vt 0.40417 0.975
vt 0.40417 0.775
vt 0.40417 0.775
vt 0.40417 0.975
vt 0.42083 0.775
vt 0.40417 0.975
vt 0.42083 0.975
vt 0.42083 0.775
vt 0.42083 0.775
vt 0.42083 0.975
vt 0.4375 0.775
vt 0.42083 0.975
vt 0.4375 0.975
vt 0.4375 0.775
vt 0.87625 0.025
vt 0.87625 0.225
vt 0.87625 0.225
vt 0.87625 0.025
vt 0.87625 0.025
vt 0.87625 0.225
vt 0.87625 0.025
vt 0.87625 0.225
vt 0.87625 0.225
vt 0.87625 0.025
vt 0.87625 0.025
vt 0.87625 0.225
vt 0.87625 0.025
vt 0.87625 0.225
vt 0.87625 0.225
vt 0.87625 0.025
vt 0.87625 0.025
vt 0.87625 0.225
vt 0.87625 0.025
vt 0.87625 0.225
vt 0.87625 0.225
vt 0.87625 0.025
vt 0.87625 0.025
vt 0.87625 0.225
vt 0.87625 0.025
vt 0.87625 0.225
vt 0.87625 0.225
vt 0.87625 0.025
vt 0.87625 0.025
vt 0.87625 0.225
vt 0.87625 0.025
vt 0.87625 0.225
vt 0.87625 0.225
vt 0.87625 0.025
vt 0.87625 0.025
vt 0.87625 0.225
vt 0.87625 0.025
vt 0.87625 0.225
vt 0.87625 0.025
vt 0.87625 0.225
vt 0.87625 0.225
vt 0.87625 0.025
vt 0.87625 0.025
vt 0.87625 0.225
vt 0.87625 0.025
vt 0.87625 0.225
vt 0.87625 0.225
vt 0.87625 0.025
vt 0.87625 0.025
vt 0.87625 0.225
vt 0.87625 0.025
vt 0.87625 0.225
vt 0.87625 0.225
vt 0.87625 0.025
vt 0.87625 0.025
vt 0.87625 0.225
vt 0.87625 0.025
vt 0.87625 0.225
vt 0.87625 0.225
vt 0.87625 0.025
vt 0.87625 0.025
vt 0.87625 0.225
vt 0.87625 0.025
vt 0.87625 0.225
vt 0.87625 0.225
vt 0.87625 0.025
vt 0.87625 0.025
vt 0.87625 0.225
vt 0.87625 0.025
vt 0.87625 0.225
vt 0.87625 0.225
vt 0.87625 0.025
vt 0.2625 0.525
vt 0.2625 0.725
vt 0.29583 0.725
vt 0.29583 0.525
vt 0.2625 0.525
vt 0.29583 0.725
vt 0.29583 0.525
vt 0.29583 0.725
vt 0.32917 0.725
vt 0.32917 0.525
vt 0.29583 0.525
vt 0.32917 0.725
vt 0.32917 0.525
vt 0.32917 0.725
vt 0.3625 0.725
vt 0.3625 0.525
vt 0.32917 0.525
vt 0.3625 0.725
vt 0.2625 0.525
vt 0.2625 0.725
vt 0.29583 0.725
vt 0.29583 0.525
vt 0.2625 0.525
vt 0.29583 0.725
vt 0.29583 0.525
vt 0.29583 0.725
vt 0.32917 0.725
vt 0.32917 0.525
vt 0.29583 0.525
vt 0.32917 0.725
vt 0.32917 0.525
vt 0.32917 0.725
vt 0.3625 0.725
vt 0.3625 0.525
vt 0.32917 0.525
vt 0.3625 0.725
vt 0.2625 0.525
vt 0.2625 0.725
vt 0.29583 0.525
vt 0.2625 0.725
vt 0.29583 0.725
vt 0.29583 0.525
vt 0.29583 0.525
vt 0.29583 0.725
vt 0.32917 0.525
vt 0.29583 0.725
vt 0.32917 0.725
vt 0.32917 0.525
vt 0.32917 0.525
vt 0.32917 0.725
vt 0.3625 0.525
vt 0.32917 0.725
vt 0.3625 0.725
vt 0.3625 0.525
vt 0.2625 0.525
vt 0.2625 0.725
vt 0.29583 0.525
vt 0.2625 0.725
vt 0.29583 0.725
vt 0.29583 0.525
vt 0.29583 0.525
vt 0.29583 0.725
vt 0.32917 0.525
vt 0.29583 0.725
vt 0.32917 0.725
vt 0.32917 0.525
vt 0.32917 0.525
vt 0.32917 0.725
vt 0.3625 0.525
vt 0.32917 0.725
vt 0.3625 0.725
vt 0.3625 0.525
vt 0.3875 0.775
vt 0.3875 0.975
vt 0.42083 0.975
vt 0.42083 0.775
vt 0.3875 0.775
vt 0.42083 0.975
vt 0.42083 0.775
vt 0.42083 0.975
vt 0.45417 0.975
vt 0.45417 0.775
vt 0.42083 0.775
vt 0.45417 0.975
vt 0.45417 0.775
vt 0.45417 0.975
vt 0.4875 0.975
vt 0.4875 0.775
vt 0.45417 0.775
vt 0.4875 0.975
vt 0.3875 0.775
vt 0.3875 0.975
vt 0.42083 0.975
vt 0.42083 0.775
vt 0.3875 0.775
vt 0.42083 0.975
vt 0.42083 0.775
vt 0.42083 0.975
vt 0.45417 0.975
vt 0.45417 0.775
vt 0.42083 0.775
vt 0.45417 0.975
vt 0.45417 0.775
vt 0.45417 0.975
vt 0.4875 0.975
vt 0.4875 0.775
vt 0.45417 0.775
vt 0.4875 0.975
vt 0.3875 0.775
vt 0.3875 0.975
vt 0.42083 0.775
vt 0.3875 0.975
vt 0.42083 0.975
vt 0.42083 0.775
vt 0.42083 0.775
vt 0.42083 0.975
vt 0.45417 0.775
vt 0.42083 0.975
vt 0.45417 0.975
vt 0.45417 0.775
vt 0.45417 0.775
vt 0.45417 0.975
vt 0.4875 0.775
vt 0.45417 0.975
vt 0.4875 0.975
vt 0.4875 0.775
vt 0.3875 0.775
vt 0.3875 0.975
vt 0.42083 0.775
vt 0.3875 0.975
vt 0.42083 0.975
vt 0.42083 0.775
vt 0.42083 0.775
vt 0.42083 0.975
vt 0.45417 0.775
vt 0.42083 0.975
vt 0.45417 0.975
vt 0.45417 0.775
vt 0.45417 0.775
vt 0.45417 0.975
vt 0.4875 0.775
vt 0.45417 0.975
vt 0.4875 0.975
vt 0.4875 0.775
vt 0.3875 0.775
vt 0.3875 0.975
vt 0.42083 0.975
vt 0.42083 0.775
vt 0.3875 0.775
vt 0.42083 0.975
vt 0.42083 0.775
vt 0.42083 0.975
vt 0.45417 0.975
vt 0.45417 0.775
vt 0.42083 0.775
vt 0.45417 0.975
vt 0.45417 0.775
vt 0.45417 0.975
vt 0.4875 0.975
vt 0.4875 0.775
vt 0.45417 0.775
vt 0.4875 0.975
vt 0.3875 0.775
vt 0.3875 0.975
vt 0.42083 0.975
vt 0.42083 0.775
vt 0.3875 0.775
vt 0.42083 0.975
vt 0.42083 0.775
vt 0.42083 0.975
vt 0.45417 0.975
vt 0.45417 0.775
vt 0.42083 0.775
vt 0.45417 0.975
vt 0.45417 0.775
vt 0.45417 0.975
vt 0.4875 0.975
vt 0.4875 0.775
vt 0.45417 0.775
vt 0.4875 0.975
vt 0.3875 0.775
vt 0.3875 0.975
vt 0.42083 0.775
vt 0.3875 0.975
vt 0.42083 0.975
vt 0.42083 0.775
vt 0.42083 0.775
vt 0.42083 0.975
vt 0.45417 0.775
vt 0.42083 0.975
vt 0.45417 0.975
vt 0.45417 0.775
vt 0.45417 0.775
vt 0.45417 0.975
vt 0.4875 0.775
vt 0.45417 0.975
vt 0.4875 0.975
vt 0.4875 0.775
vt 0.3875 0.775
vt 0.3875 0.975
vt 0.42083 0.775
vt 0.3875 0.975
vt 0.42083 0.975
vt 0.42083 0.775
vt 0.42083 0.775
vt 0.42083 0.975
vt 0.45417 0.775
vt 0.42083 0.975
vt 0.45417 0.975
vt 0.45417 0.775
vt 0.45417 0.775
vt 0.45417 0.975
vt 0.4875 0.775
vt 0.45417 0.975
vt 0.4875 0.975
vt 0.4875 0.775
vt 0.87625 0.025
vt 0.87625 0.225
vt 0.87625 0.225
vt 0.87625 0.025
vt 0.87625 0.025
vt 0.87625 0.225
vt 0.87625 0.025
vt 0.87625 0.225
vt 0.87625 0.225
vt 0.87625 0.025
vt 0.87625 0.025
vt 0.87625 0.225
vt 0.87625 0.025
vt 0.87625 0.225
vt 0.87625 0.225
vt 0.87625 0.025
vt 0.87625 0.025
vt 0.87625 0.225
vt 0.87625 0.025
vt 0.87625 0.225
vt 0.87625 0.225
vt 0.87625 0.025
vt 0.87625 0.025
vt 0.87625 0.225
vt 0.87625 0.025
vt 0.87625 0.225
vt 0.87625 0.225
vt 0.87625 0.025
vt 0.87625 0.025
vt 0.87625 0.225
vt 0.87625 0.025
vt 0.87625 0.225
vt 0.87625 0.225
vt 0.87625 0.025
vt 0.87625 0.025
vt 0.87625 0.225
vt 0.87625 0.025
vt 0.87625 0.225
vt 0.87625 0.025
vt 0.87625 0.225
vt 0.87625 0.225
vt 0.87625 0.025
vt 0.87625 0.025
vt 0.87625 0.225
vt 0.87625 0.025
vt 0.87625 0.225
vt 0.87625 0.225
vt 0.87625 0.025
vt 0.87625 0.025
vt 0.87625 0.225
vt 0.87625 0.025
vt 0.87625 0.225
vt 0.87625 0.225
vt 0.87625 0.025
vt 0.87625 0.025
vt 0.87625 0.225
vt 0.87625 0.025
vt 0.87625 0.225
vt 0.87625 0.225
vt 0.87625 0.025
vt 0.87625 0.025
vt 0.87625 0.225
vt 0.87625 0.025
vt 0.87625 0.225
vt 0.87625 0.225
vt 0.87625 0.025
vt 0.87625 0.025
vt 0.87625 0.225
vt 0.87625 0.025
vt 0.87625 0.225
vt 0.87625 0.225
vt 0.87625 0.025
vt 0.3125 0.525
vt 0.3125 0.725
vt 0.32917 0.725
vt 0.32917 0.525
vt 0.3125 0.525
vt 0.32917 0.725
vt 0.32917 0.525
vt 0.32917 0.725
vt 0.34583 0.725
vt 0.34583 0.525
vt 0.32917 0.525
vt 0.34583 0.725
vt 0.34583 0.525
vt 0.34583 0.725
vt 0.3625 0.725
vt 0.3625 0.525
vt 0.34583 0.525
vt 0.3625 0.725
vt 0.2625 0.525
vt 0.2625 0.725
vt 0.27917 0.725
vt 0.27917 0.525
vt 0.2625 0.525
vt 0.27917 0.725
vt 0.27917 0.525
vt 0.27917 0.725
vt 0.29583 0.725
vt 0.29583 0.525
vt 0.27917 0.525
vt 0.29583 0.725
vt 0.29583 0.525
vt 0.29583 0.725
vt 0.3125 0.725
vt 0.3125 0.525
vt 0.29583 0.525
vt 0.3125 0.725
vt 0.3125 0.525
vt 0.3125 0.725
vt 0.32917 0.525
vt 0.3125 0.725
vt 0.32917 0.725
vt 0.32917 0.525
vt 0.32917 0.525
vt 0.32917 0.725
vt 0.34583 0.525
vt 0.32917 0.725
vt 0.34583 0.725
vt 0.34583 0.525
vt 0.34583 0.525
vt 0.34583 0.725
vt 0.3625 0.525
vt 0.34583 0.725
vt 0.3625 0.725
vt 0.3625 0.525
vt 0.2625 0.525
vt 0.2625 0.725
vt 0.27917 0.525
vt 0.2625 0.725
vt 0.27917 0.725
vt 0.27917 0.525
vt 0.27917 0.525
vt 0.27917 0.725
vt 0.29583 0.525
vt 0.27917 0.725
vt 0.29583 0.725
vt 0.29583 0.525
vt 0.29583 0.525
vt 0.29583 0.725
vt 0.3125 0.525
vt 0.29583 0.725
vt 0.3125 0.725
vt 0.3125 0.525
vt 0.1875 0.275
vt 0.1875 0.475
vt 0.2125 0.475
vt 0.2125 0.275
vt 0.1875 0.275
vt 0.2125 0.475
vt 0.2125 0.275
vt 0.2125 0.475
vt 0.2375 0.475
vt 0.2375 0.275
vt 0.2125 0.275
vt 0.2375 0.475
vt 0.1375 0.275
vt 0.1375 0.475
vt 0.1625 0.475
vt 0.1625 0.275
vt 0.1375 0.275
vt 0.1625 0.475
vt 0.1625 0.275
vt 0.1625 0.475
vt 0.1875 0.475
vt 0.1875 0.275
vt 0.1625 0.275
vt 0.1875 0.475
vt 0.1875 0.275
vt 0.1875 0.475
vt 0.2125 0.275
vt 0.1875 0.475
vt 0.2125 0.475
vt 0.2125 0.275
vt 0.2125 0.275
vt 0.2125 0.475
vt 0.2375 0.275
vt 0.2125 0.475
vt 0.2375 0.475
vt 0.2375 0.275
vt 0.1375 0.275
vt 0.1375 0.475
vt 0.1625 0.275
vt 0.1375 0.475
vt 0.1625 0.475
vt 0.1625 0.275
vt 0.1625 0.275
vt 0.1625 0.475
vt 0.1875 0.275
vt 0.1625 0.475
vt 0.1875 0.475
vt 0.1875 0.275
vt 0.6875 0.525
vt 0.6875 0.725
vt 0.7125 0.725
vt 0.7125 0.525
vt 0.6875 0.525
vt 0.7125 0.725
vt 0.7125 0.525
vt 0.7125 0.725
vt 0.7375 0.725
vt 0.7375 0.525
vt 0.7125 0.525
vt 0.7375 0.725
vt 0.6375 0.525
vt 0.6375 0.725
vt 0.6625 0.725
vt 0.6625 0.525
vt 0.6375 0.525
vt 0.6625 0.725
vt 0.6625 0.525
vt 0.6625 0.725
vt 0.6875 0.725
vt 0.6875 0.525
vt 0.6625 0.525
vt 0.6875 0.725
vt 0.6875 0.525
vt 0.6875 0.725
vt 0.7125 0.525
vt 0.6875 0.725
vt 0.7125 0.725
vt 0.7125 0.525
vt 0.7125 0.525
vt 0.7125 0.725
vt 0.7375 0.525
vt 0.7125 0.725
vt 0.7375 0.725
vt 0.7375 0.525
vt 0.6375 0.525
vt 0.6375 0.725
vt 0.6625 0.525
vt 0.6375 0.725
vt 0.6625 0.725
vt 0.6625 0.525
vt 0.6625 0.525
vt 0.6625 0.725
vt 0.6875 0.525
vt 0.6625 0.725
vt 0.6875 0.725
vt 0.6875 0.525
vt 0.87625 0.025
vt 0.87625 0.225
vt 0.87625 0.225
vt 0.87625 0.025
vt 0.87625 0.025
vt 0.87625 0.225
vt 0.87625 0.025
vt 0.87625 0.225
vt 0.87625 0.225
vt 0.87625 0.025
vt 0.87625 0.025
vt 0.87625 0.225
vt 0.87625 0.025
vt 0.87625 0.225
vt 0.87625 0.225
vt 0.87625 0.025
vt 0.87625 0.025
vt 0.87625 0.225
vt 0.87625 0.025
vt 0.87625 0.225
vt 0.87625 0.225
vt 0.87625 0.025
vt 0.87625 0.025
vt 0.87625 0.225
vt 0.87625 0.025
vt 0.87625 0.225
vt 0.87625 0.025
vt 0.87625 0.225
vt 0.87625 0.225
vt 0.87625 0.025
vt 0.87625 0.025
vt 0.87625 0.225
vt 0.87625 0.025
vt 0.87625 0.225
vt 0.87625 0.225
vt 0.87625 0.025
vt 0.87625 0.025
vt 0.87625 0.225
vt 0.87625 0.025
vt 0.87625 0.225
vt 0.87625 0.225
vt 0.87625 0.025
vt 0.87625 0.025
vt 0.87625 0.225
vt 0.87625 0.025
vt 0.87625 0.225
vt 0.87625 0.225
vt 0.87625 0.025
vt 0.87625 0.025
vt 0.87625 0.225
vt 0.87625 0.225
vt 0.87625 0.025
vt 0.87625 0.025
vt 0.87625 0.225
vt 0.87625 0.025
vt 0.87625 0.225
vt 0.87625 0.225
vt 0.87625 0.025
vt 0.87625 0.025
vt 0.87625 0.225
vt 0.87625 0.025
vt 0.87625 0.225
vt 0.87625 0.225
vt 0.87625 0.025
vt 0.87625 0.025
vt 0.87625 0.225
vt 0.87625 0.025
vt 0.87625 0.225
vt 0.87625 0.225
vt 0.87625 0.025
vt 0.87625 0.025
vt 0.87625 0.225
vt 0.87625 0.025
vt 0.87625 0.225
vt 0.87625 0.025
vt 0.87625 0.225
vt 0.87625 0.225
vt 0.87625 0.025
vt 0.87625 0.025
vt 0.87625 0.225
vt 0.87625 0.025
vt 0.87625 0.225
vt 0.87625 0.225
vt 0.87625 0.025
vt 0.87625 0.025
vt 0.87625 0.225
vt 0.87625 0.025
vt 0.87625 0.225
vt 0.87625 0.225
vt 0.87625 0.025
vt 0.87625 0.025
vt 0.87625 0.225
vt 0.87625 0.025
vt 0.87625 0.225
vt 0.87625 0.225
vt 0.87625 0.025
vt 0.1875 0.275
vt 0.1875 0.475
vt 0.2125 0.475
vt 0.2125 0.275
vt 0.1875 0.275
vt 0.2125 0.475
vt 0.2125 0.275
vt 0.2125 0.475
vt 0.2375 0.475
vt 0.2375 0.275
vt 0.2125 0.275
vt 0.2375 0.475
vt 0.1375 0.275
vt 0.1375 0.475
vt 0.1625 0.475
vt 0.1625 0.275
vt 0.1375 0.275
vt 0.1625 0.475
vt 0.1625 0.275
vt 0.1625 0.475
vt 0.1875 0.475
vt 0.1875 0.275
vt 0.1625 0.275
vt 0.1875 0.475
vt 0.1875 0.275
vt 0.1875 0.475
vt 0.2125 0.275
vt 0.1875 0.475
vt 0.2125 0.475
vt 0.2125 0.275
vt 0.2125 0.275
vt 0.2125 0.475
vt 0.2375 0.275
vt 0.2125 0.475
vt 0.2375 0.475
vt 0.2375 0.275
vt 0.1375 0.275
vt 0.1375 0.475
vt 0.1625 0.275
vt 0.1375 0.475
vt 0.1625 0.475
vt 0.1625 0.275
vt 0.1625 0.275
vt 0.1625 0.475
vt 0.1875 0.275
vt 0.1625 0.475
vt 0.1875 0.475
vt 0.1875 0.275
vt 0.1875 0.275
vt 0.1875 0.475
vt 0.2125 0.475
vt 0.2125 0.275
vt 0.1875 0.275
vt 0.2125 0.475
vt 0.2125 0.275
vt 0.2125 0.475
vt 0.2375 0.475
vt 0.2375 0.275
vt 0.2125 0.275
vt 0.2375 0.475
vt 0.1375 0.275
vt 0.1375 0.475
vt 0.1625 0.475
vt 0.1625 0.275
vt 0.1375 0.275
vt 0.1625 0.475
vt 0.1625 0.275
vt 0.1625 0.475
vt 0.1875 0.475
vt 0.1875 0.275
vt 0.1625 0.275
vt 0.1875 0.475
vt 0.1875 0.275
vt 0.1875 0.475
vt 0.2125 0.275
vt 0.1875 0.475
vt 0.2125 0.475
vt 0.2125 0.275
vt 0.2125 0.275
vt 0.2125 0.475
vt 0.2375 0.275
vt 0.2125 0.475
vt 0.2375 0.475
vt 0.2375 0.275
vt 0.1375 0.275
vt 0.1375 0.475
vt 0.1625 0.275
vt 0.1375 0.475
vt 0.1625 0.475
vt 0.1625 0.275
vt 0.1625 0.275
vt 0.1625 0.475
vt 0.1875 0.275
vt 0.1625 0.475
vt 0.1875 0.475
vt 0.1875 0.275
vt 0.1875 0.275
vt 0.1875 0.475
vt 0.2125 0.475
vt 0.2125 0.275
vt 0.1875 0.275
vt 0.2125 0.475
vt 0.2125 0.275
vt 0.2125 0.475
vt 0.2375 0.475
vt 0.2375 0.275
vt 0.2125 0.275
vt 0.2375 0.475
vt 0.1375 0.275
vt 0.1375 0.475
vt 0.1625 0.475
vt 0.1625 0.275
vt 0.1375 0.275
vt 0.1625 0.475
vt 0.1625 0.275
vt 0.1625 0.475
vt 0.1875 0.475
vt 0.1875 0.275
vt 0.1625 0.275
vt 0.1875 0.475
vt 0.1875 0.275
vt 0.1875 0.475
vt 0.2125 0.275
vt 0.1875 0.475
vt 0.2125 0.475
vt 0.2125 0.275
vt 0.2125 0.275
vt 0.2125 0.475
vt 0.2375 0.275
vt 0.2125 0.475
vt 0.2375 0.475
vt 0.2375 0.275
vt 0.1375 0.275
vt 0.1375 0.475
vt 0.1625 0.275
vt 0.1375 0.475
vt 0.1625 0.475
vt 0.1625 0.275
vt 0.1625 0.275
vt 0.1625 0.475
vt 0.1875 0.275
vt 0.1625 0.475
vt 0.1875 0.475
vt 0.1875 0.275
vt 0.6875 0.525
vt 0.6875 0.725
vt 0.7125 0.725
vt 0.7125 0.525
vt 0.6875 0.525
vt 0.7125 0.725
vt 0.7125 0.525
vt 0.7125 0.725
vt 0.7375 0.725
vt 0.7375 0.525
vt 0.7125 0.525
vt 0.7375 0.725
vt 0.6375 0.525
vt 0.6375 0.725
vt 0.6625 0.725
vt 0.6625 0.525
vt 0.6375 0.525
vt 0.6625 0.725
vt 0.6625 0.525
vt 0.6625 0.725
vt 0.6875 0.725
vt 0.6875 0.525
vt 0.6625 0.525
vt 0.6875 0.725
vt 0.6875 0.525
vt 0.6875 0.725
vt 0.7125 0.525
vt 0.6875 0.725
vt 0.7125 0.725
vt 0.7125 0.525
vt 0.7125 0.525
vt 0.7125 0.725
vt 0.7375 0.525
vt 0.7125 0.725
vt 0.7375 0.725
vt 0.7375 0.525
vt 0.6375 0.525
vt 0.6375 0.725
vt 0.6625 0.525
vt 0.6375 0.725
vt 0.6625 0.725
vt 0.6625 0.525
vt 0.6625 0.525
vt 0.6625 0.725
vt 0.6875 0.525
vt 0.6625 0.725
vt 0.6875 0.725
vt 0.6875 0.525
vt 0.87625 0.025
vt 0.87625 0.225
vt 0.87625 0.225
vt 0.87625 0.025
vt 0.87625 0.025
vt 0.87625 0.225
vt 0.87625 0.025
vt 0.87625 0.225
vt 0.87625 0.225
vt 0.87625 0.025
vt 0.87625 0.025
vt 0.87625 0.225
vt 0.87625 0.025
vt 0.87625 0.225
vt 0.87625 0.225
vt 0.87625 0.025
vt 0.87625 0.025
vt 0.87625 0.225
vt 0.87625 0.025
vt 0.87625 0.225
vt 0.87625 0.225
vt 0.87625 0.025
vt 0.87625 0.025
vt 0.87625 0.225
vt 0.87625 0.025
vt 0.87625 0.225
vt 0.87625 0.025
vt 0.87625 0.225
vt 0.87625 0.225
vt 0.87625 0.025
vt 0.87625 0.025
vt 0.87625 0.225
vt 0.87625 0.025
vt 0.87625 0.225
vt 0.87625 0.225
vt 0.87625 0.025
vt 0.87625 0.025
vt 0.87625 0.225
vt 0.87625 0.025
vt 0.87625 0.225
vt 0.87625 0.225
vt 0.87625 0.025
vt 0.87625 0.025
vt 0.87625 0.225
vt 0.87625 0.025
vt 0.87625 0.225
vt 0.87625 0.225
vt 0.87625 0.025
vt 0.87625 0.025
vt 0.87625 0.225
vt 0.87625 0.225
vt 0.87625 0.025
vt 0.87625 0.025
vt 0.87625 0.225
vt 0.87625 0.025
vt 0.87625 0.225
vt 0.87625 0.225
vt 0.87625 0.025
vt 0.87625 0.025
vt 0.87625 0.225
vt 0.87625 0.025
vt 0.87625 0.225
vt 0.87625 0.225
vt 0.87625 0.025
vt 0.87625 0.025
vt 0.87625 0.225
vt 0.87625 0.025
vt 0.87625 0.225
vt 0.87625 0.225
vt 0.87625 0.025
vt 0.87625 0.025
vt 0.87625 0.225
vt 0.87625 0.025
vt 0.87625 0.225
vt 0.87625 0.025
vt 0.87625 0.225
vt 0.87625 0.225
vt 0.87625 0.025
vt 0.87625 0.025
vt 0.87625 0.225
vt 0.87625 0.025
vt 0.87625 0.225
vt 0.87625 0.225
vt 0.87625 0.025
vt 0.87625 0.025
vt 0.87625 0.225
vt 0.87625 0.025
vt 0.87625 0.225
vt 0.87625 0.225
vt 0.87625 0.025
vt 0.87625 0.025
vt 0.87625 0.225
vt 0.87625 0.025
vt 0.87625 0.225
vt 0.87625 0.225
vt 0.87625 0.025
vt 0.5125 0.775
vt 0.5125 0.975
vt 0.6125 0.975
vt 0.6125 0.775
vt 0.5125 0.775
vt 0.6125 0.975
vt 0.5125 0.775
vt 0.5125 0.975
vt 0.6125 0.975
vt 0.6125 0.775
vt 0.5125 0.775
vt 0.6125 0.975
vt 0.5125 0.775
vt 0.5125 0.975
vt 0.6125 0.975
vt 0.6125 0.775
vt 0.5125 0.775
vt 0.6125 0.975
vt 0.5125 0.775
vt 0.5125 0.975
vt 0.6125 0.975
vt 0.6125 0.775
vt 0.5125 0.775
vt 0.6125 0.975
vt 0.5125 0.775
vt 0.5125 0.975
vt 0.6125 0.775
vt 0.5125 0.975
vt 0.6125 0.975
vt 0.6125 0.775
vt 0.5125 0.775
vt 0.5125 0.975
vt 0.6125 0.775
vt 0.5125 0.975
vt 0.6125 0.975
vt 0.6125 0.775
vt 0.5125 0.775
vt 0.5125 0.975
vt 0.6125 0.775
vt 0.5125 0.975
vt 0.6125 0.975
vt 0.6125 0.775
vt 0.5125 0.775
vt 0.5125 0.975
vt 0.6125 0.775
vt 0.5125 0.975
vt 0.6125 0.975
vt 0.6125 0.775
vt 0.5125 0.775
vt 0.5125 0.975
vt 0.6125 0.975
vt 0.6125 0.775
vt 0.5125 0.775
vt 0.6125 0.975
vt 0.5125 0.775
vt 0.5125 0.975
vt 0.6125 0.975
vt 0.6125 0.775
vt 0.5125 0.775
vt 0.6125 0.975
vt 0.5125 0.775
vt 0.5125 0.975
vt 0.6125 0.975
vt 0.6125 0.775
vt 0.5125 0.775
vt 0.6125 0.975
vt 0.5125 0.775
vt 0.5125 0.975
vt 0.6125 0.975
vt 0.6125 0.775
vt 0.5125 0.775
vt 0.6125 0.975
vt 0.5125 0.775
vt 0.5125 0.975
vt 0.6125 0.775
vt 0.5125 0.975
vt 0.6125 0.975
vt 0.6125 0.775
vt 0.5125 0.775
vt 0.5125 0.975
vt 0.6125 0.775
vt 0.5125 0.975
vt 0.6125 0.975
vt 0.6125 0.775
vt 0.5125 0.775
vt 0.5125 0.975
vt 0.6125 0.775
vt 0.5125 0.975
vt 0.6125 0.975
vt 0.6125 0.775
vt 0.5125 0.775
vt 0.5125 0.975
vt 0.6125 0.775
vt 0.5125 0.975
vt 0.6125 0.975
vt 0.6125 0.775
vt 0.9375 0.775
vt 0.9375 0.975
vt 0.95417 0.975
vt 0.95417 0.775
vt 0.9375 0.775
vt 0.95417 0.975
vt 0.95417 0.775
vt 0.95417 0.975
vt 0.97083 0.975
vt 0.97083 0.775
vt 0.95417 0.775
vt 0.97083 0.975
vt 0.97083 0.775
vt 0.97083 0.975
vt 0.9875 0.975
vt 0.9875 0.775
vt 0.97083 0.775
vt 0.9875 0.975
vt 0.8875 0.775
vt 0.8875 0.975
vt 0.90417 0.975
vt 0.90417 0.775
vt 0.8875 0.775
vt 0.90417 0.975
vt 0.90417 0.775
vt 0.90417 0.975
vt 0.92083 0.975
vt 0.92083 0.775
vt 0.90417 0.775
vt 0.92083 0.975
vt 0.92083 0.775
vt 0.92083 0.975
vt 0.9375 0.975
vt 0.9375 0.775
vt 0.92083 0.775
vt 0.9375 0.975
vt 0.9375 0.775
vt 0.9375 0.975
vt 0.95417 0.775
vt 0.9375 0.975
vt 0.95417 0.975
vt 0.95417 0.775
vt 0.95417 0.775
vt 0.95417 0.975
vt 0.97083 0.775
vt 0.95417 0.975
vt 0.97083 0.975
vt 0.97083 0.775
vt 0.97083 0.775
vt 0.97083 0.975
vt 0.9875 0.775
vt 0.97083 0.975
vt 0.9875 0.975
vt 0.9875 0.775
vt 0.8875 0.775
vt 0.8875 0.975
vt 0.90417 0.775
vt 0.8875 0.975
vt 0.90417 0.975
vt 0.90417 0.775
vt 0.90417 0.775
vt 0.90417 0.975
vt 0.92083 0.775
vt 0.90417 0.975
vt 0.92083 0.975
vt 0.92083 0.775
vt 0.92083 0.775
vt 0.92083 0.975
vt 0.9375 0.775
vt 0.92083 0.975
vt 0.9375 0.975
vt 0.9375 0.775
vt 0.1875 0.525
vt 0.1875 0.725
vt 0.20417 0.725
vt 0.20417 0.525
vt 0.1875 0.525
vt 0.20417 0.725
vt 0.20417 0.525
vt 0.20417 0.725
vt 0.22083 0.725
vt 0.22083 0.525
vt 0.20417 0.525
vt 0.22083 0.725
vt 0.22083 0.525
vt 0.22083 0.725
vt 0.2375 0.725
vt 0.2375 0.525
vt 0.22083 0.525
vt 0.2375 0.725
vt 0.1375 0.525
vt 0.1375 0.725
vt 0.15417 0.725
vt 0.15417 0.525
vt 0.1375 0.525
vt 0.15417 0.725
vt 0.15417 0.525
vt 0.15417 0.725
vt 0.17083 0.725
vt 0.17083 0.525
vt 0.15417 0.525
vt 0.17083 0.725
vt 0.17083 0.525
vt 0.17083 0.725
vt 0.1875 0.725
vt 0.1875 0.525
vt 0.17083 0.525
vt 0.1875 0.725
vt 0.1875 0.525
vt 0.1875 0.725
vt 0.20417 0.525
vt 0.1875 0.725
vt 0.20417 0.725
vt 0.20417 0.525
vt 0.20417 0.525
vt 0.20417 0.725
vt 0.22083 0.525
vt 0.20417 0.725
vt 0.22083 0.725
vt 0.22083 0.525
vt 0.22083 0.525
vt 0.22083 0.725
vt 0.2375 0.525
vt 0.22083 0.725
vt 0.2375 0.725
vt 0.2375 0.525
vt 0.1375 0.525
vt 0.1375 0.725
vt 0.15417 0.525
vt 0.1375 0.725
vt 0.15417 0.725
vt 0.15417 0.525
vt 0.15417 0.525
vt 0.15417 0.725
vt 0.17083 0.525
vt 0.15417 0.725
vt 0.17083 0.725
vt 0.17083 0.525
vt 0.17083 0.525
vt 0.17083 0.725
vt 0.1875 0.525
vt 0.17083 0.725
vt 0.1875 0.725
vt 0.1875 0.525
vt 0.8875 0.775
vt 0.8875 0.975
vt 0.92083 0.975
vt 0.92083 0.775
vt 0.8875 0.775
vt 0.92083 0.975
vt 0.92083 0.775
vt 0.92083 0.975
vt 0.95417 0.975
vt 0.95417 0.775
vt 0.92083 0.775
vt 0.95417 0.975
vt 0.95417 0.775
vt 0.95417 0.975
vt 0.9875 0.975
vt 0.9875 0.775
vt 0.95417 0.775
vt 0.9875 0.975
vt 0.8875 0.775
vt 0.8875 0.975
vt 0.92083 0.975
vt 0.92083 0.775
vt 0.8875 0.775
vt 0.92083 0.975
vt 0.92083 0.775
vt 0.92083 0.975
vt 0.95417 0.975
vt 0.95417 0.775
vt 0.92083 0.775
vt 0.95417 0.975
vt 0.95417 0.775
vt 0.95417 0.975
vt 0.9875 0.975
vt 0.9875 0.775
vt 0.95417 0.775
vt 0.9875 0.975
vt 0.8875 0.775
vt 0.8875 0.975
vt 0.92083 0.775
vt 0.8875 0.975
vt 0.92083 0.975
vt 0.92083 0.775
vt 0.92083 0.775
vt 0.92083 0.975
vt 0.95417 0.775
vt 0.92083 0.975
vt 0.95417 0.975
vt 0.95417 0.775
vt 0.95417 0.775
vt 0.95417 0.975
vt 0.9875 0.775
vt 0.95417 0.975
vt 0.9875 0.975
vt 0.9875 0.775
vt 0.8875 0.775
vt 0.8875 0.975
vt 0.92083 0.775
vt 0.8875 0.975
vt 0.92083 0.975
vt 0.92083 0.775
vt 0.92083 0.775
vt 0.92083 0.975
vt 0.95417 0.775
vt 0.92083 0.975
vt 0.95417 0.975
vt 0.95417 0.775
vt 0.95417 0.775
vt 0.95417 0.975
vt 0.9875 0.775
vt 0.95417 0.975
vt 0.9875 0.975
vt 0.9875 0.775
vt 0.3875 0.525
vt 0.3875 0.725
vt 0.42083 0.725
vt 0.42083 0.525
vt 0.3875 0.525
vt 0.42083 0.725
vt 0.42083 0.525
vt 0.42083 0.725
vt 0.45417 0.725
vt 0.45417 0.525
vt 0.42083 0.525
vt 0.45417 0.725
vt 0.45417 0.525
vt 0.45417 0.725
vt 0.4875 0.725
vt 0.4875 0.525
vt 0.45417 0.525
vt 0.4875 0.725
vt 0.3875 0.525
vt 0.3875 0.725
vt 0.42083 0.725
vt 0.42083 0.525
vt 0.3875 0.525
vt 0.42083 0.725
vt 0.42083 0.525
vt 0.42083 0.725
vt 0.45417 0.725
vt 0.45417 0.525
vt 0.42083 0.525
vt 0.45417 0.725
vt 0.45417 0.525
vt 0.45417 0.725
vt 0.4875 0.725
vt 0.4875 0.525
vt 0.45417 0.525
vt 0.4875 0.725
vt 0.3875 0.525
vt 0.3875 0.725
vt 0.42083 0.525
vt 0.3875 0.725
vt 0.42083 0.725
vt 0.42083 0.525
vt 0.42083 0.525
vt 0.42083 0.725
vt 0.45417 0.525
vt 0.42083 0.725
vt 0.45417 0.725
vt 0.45417 0.525
vt 0.45417 0.525
vt 0.45417 0.725
vt 0.4875 0.525
vt 0.45417 0.725
vt 0.4875 0.725
vt 0.4875 0.525
vt 0.3875 0.525
vt 0.3875 0.725
vt 0.42083 0.525
vt 0.3875 0.725
vt 0.42083 0.725
vt 0.42083 0.525
vt 0.42083 0.525
vt 0.42083 0.725
vt 0.45417 0.525
vt 0.42083 0.725
vt 0.45417 0.725
vt 0.45417 0.525
vt 0.45417 0.525
vt 0.45417 0.725
vt 0.4875 0.525
vt 0.45417 0.725
vt 0.4875 0.725
vt 0.4875 0.525
vt 0.9375 0.775
vt 0.9375 0.975
vt 0.95417 0.975
vt 0.95417 0.775
vt 0.9375 0.775
vt 0.95417 0.975
vt 0.95417 0.775
vt 0.95417 0.975
vt 0.97083 0.975
vt 0.97083 0.775
vt 0.95417 0.775
vt 0.97083 0.975
vt 0.97083 0.775
vt 0.97083 0.975
vt 0.9875 0.975
vt 0.9875 0.775
vt 0.97083 0.775
vt 0.9875 0.975
vt 0.8875 0.775
vt 0.8875 0.975
vt 0.90417 0.975
vt 0.90417 0.775
vt 0.8875 0.775
vt 0.90417 0.975
vt 0.90417 0.775
vt 0.90417 0.975
vt 0.92083 0.975
vt 0.92083 0.775
vt 0.90417 0.775
vt 0.92083 0.975
vt 0.92083 0.775
vt 0.92083 0.975
vt 0.9375 0.975
vt 0.9375 0.775
vt 0.92083 0.775
vt 0.9375 0.975
vt 0.9375 0.775
vt 0.9375 0.975
vt 0.95417 0.775
vt 0.9375 0.975
vt 0.95417 0.975
vt 0.95417 0.775
vt 0.95417 0.775
vt 0.95417 0.975
vt 0.97083 0.775
vt 0.95417 0.975
vt 0.97083 0.975
vt 0.97083 0.775
vt 0.97083 0.775
vt 0.97083 0.975
vt 0.9875 0.775
vt 0.97083 0.975
vt 0.9875 0.975
vt 0.9875 0.775
vt 0.8875 0.775
vt 0.8875 0.975
vt 0.90417 0.775
vt 0.8875 0.975
vt 0.90417 0.975
vt 0.90417 0.775
vt 0.90417 0.775
vt 0.90417 0.975
vt 0.92083 0.775
vt 0.90417 0.975
vt 0.92083 0.975
vt 0.92083 0.775
vt 0.92083 0.775
vt 0.92083 0.975
vt 0.9375 0.775
vt 0.92083 0.975
vt 0.9375 0.975
vt 0.9375 0.775
vt 0.9375 0.775
vt 0.9375 0.975
vt 0.95417 0.975
vt 0.95417 0.775
vt 0.9375 0.775
vt 0.95417 0.975
vt 0.95417 0.775
vt 0.95417 0.975
vt 0.97083 0.975
vt 0.97083 0.775
vt 0.95417 0.775
vt 0.97083 0.975
vt 0.97083 0.775
vt 0.97083 0.975
vt 0.9875 0.975
vt 0.9875 0.775
vt 0.97083 0.775
vt 0.9875 0.975
vt 0.8875 0.775
vt 0.8875 0.975
vt 0.90417 0.975
vt 0.90417 0.775
vt 0.8875 0.775
vt 0.90417 0.975
vt 0.90417 0.775
vt 0.90417 0.975
vt 0.92083 0.975
vt 0.92083 0.775
vt 0.90417 0.775
vt 0.92083 0.975
vt 0.92083 0.775
vt 0.92083 0.975
vt 0.9375 0.975
vt 0.9375 0.775
vt 0.92083 0.775
vt 0.9375 0.975
vt 0.9375 0.775
vt 0.9375 0.975
vt 0.95417 0.775
vt 0.9375 0.975
vt 0.95417 0.975
vt 0.95417 0.775
vt 0.95417 0.775
vt 0.95417 0.975
vt 0.97083 0.775
vt 0.95417 0.975
vt 0.97083 0.975
vt 0.97083 0.775
vt 0.97083 0.775
vt 0.97083 0.975
vt 0.9875 0.775
vt 0.97083 0.975
vt 0.9875 0.975
vt 0.9875 0.775
vt 0.8875 0.775
vt 0.8875 0.975
vt 0.90417 0.775
vt 0.8875 0.975
vt 0.90417 0.975
vt 0.90417 0.775
vt 0.90417 0.775
vt 0.90417 0.975
vt 0.92083 0.775
vt 0.90417 0.975
vt 0.92083 0.975
vt 0.92083 0.775
vt 0.92083 0.775
vt 0.92083 0.975
vt 0.9375 0.775
vt 0.92083 0.975
vt 0.9375 0.975
vt 0.9375 0.775
vt 0.8875 0.775
vt 0.8875 0.975
vt 0.92083 0.975
vt 0.92083 0.775
vt 0.8875 0.775
vt 0.92083 0.975
vt 0.92083 0.775
vt 0.92083 0.975
vt 0.95417 0.975
vt 0.95417 0.775
vt 0.92083 0.775
vt 0.95417 0.975
vt 0.95417 0.775
vt 0.95417 0.975
vt 0.9875 0.975
vt 0.9875 0.775
vt 0.95417 0.775
vt 0.9875 0.975
vt 0.8875 0.775
vt 0.8875 0.975
vt 0.92083 0.975
vt 0.92083 0.775
vt 0.8875 0.775
vt 0.92083 0.975
vt 0.92083 0.775
vt 0.92083 0.975
vt 0.95417 0.975
vt 0.95417 0.775
vt 0.92083 0.775
vt 0.95417 0.975
vt 0.95417 0.775
vt 0.95417 0.975
vt 0.9875 0.975
vt 0.9875 0.775
vt 0.95417 0.775
vt 0.9875 0.975
vt 0.8875 0.775
vt 0.8875 0.975
vt 0.92083 0.775
vt 0.8875 0.975
vt 0.92083 0.975
vt 0.92083 0.775
vt 0.92083 0.775
vt 0.92083 0.975
vt 0.95417 0.775
vt 0.92083 0.975
vt 0.95417 0.975
vt 0.95417 0.775
vt 0.95417 0.775
vt 0.95417 0.975
vt 0.9875 0.775
vt 0.95417 0.975
vt 0.9875 0.975
vt 0.9875 0.775
vt 0.8875 0.775
vt 0.8875 0.975
vt 0.92083 0.775
vt 0.8875 0.975
vt 0.92083 0.975
vt 0.92083 0.775
vt 0.92083 0.775
vt 0.92083 0.975
vt 0.95417 0.775
vt 0.92083 0.975
vt 0.95417 0.975
vt 0.95417 0.775
vt 0.95417 0.775
vt 0.95417 0.975
vt 0.9875 0.775
vt 0.95417 0.975
vt 0.9875 0.975
vt 0.9875 0.775
vt 0.1375 0.525
vt 0.1375 0.725
vt 0.17083 0.725
vt 0.17083 0.525
vt 0.1375 0.525
vt 0.17083 0.725
vt 0.17083 0.525
vt 0.17083 0.725
vt 0.20417 0.725
vt 0.20417 0.525
vt 0.17083 0.525
vt 0.20417 0.725
vt 0.20417 0.525
vt 0.20417 0.725
vt 0.2375 0.725
vt 0.2375 0.525
vt 0.20417 0.525
vt 0.2375 0.725
vt 0.1375 0.525
vt 0.1375 0.725
vt 0.17083 0.725
vt 0.17083 0.525
vt 0.1375 0.525
vt 0.17083 0.725
vt 0.17083 0.525
vt 0.17083 0.725
vt 0.20417 0.725
vt 0.20417 0.525
vt 0.17083 0.525
vt 0.20417 0.725
vt 0.20417 0.525
vt 0.20417 0.725
vt 0.2375 0.725
vt 0.2375 0.525
vt 0.20417 0.525
vt 0.2375 0.725
vt 0.1375 0.525
vt 0.1375 0.725
vt 0.17083 0.525
vt 0.1375 0.725
vt 0.17083 0.725
vt 0.17083 0.525
vt 0.17083 0.525
vt 0.17083 0.725
vt 0.20417 0.525
vt 0.17083 0.725
vt 0.20417 0.725
vt 0.20417 0.525
vt 0.20417 0.525
vt 0.20417 0.725
vt 0.2375 0.525
vt 0.20417 0.725
vt 0.2375 0.725
vt 0.2375 0.525
vt 0.1375 0.525
vt 0.1375 0.725
vt 0.17083 0.525
vt 0.1375 0.725
vt 0.17083 0.725
vt 0.17083 0.525
vt 0.17083 0.525
vt 0.17083 0.725
vt 0.20417 0.525
vt 0.17083 0.725
vt 0.20417 0.725
vt 0.20417 0.525
vt 0.20417 0.525
vt 0.20417 0.725
vt 0.2375 0.525
vt 0.20417 0.725
vt 0.2375 0.725
vt 0.2375 0.525
vt 0.4375 0.525
vt 0.4375 0.725
vt 0.45417 0.725
vt 0.45417 0.525
vt 0.4375 0.525
vt 0.45417 0.725
vt 0.45417 0.525
vt 0.45417 0.725
vt 0.47083 0.725
vt 0.47083 0.525
vt 0.45417 0.525
vt 0.47083 0.725
vt 0.47083 0.525
vt 0.47083 0.725
vt 0.4875 0.725
vt 0.4875 0.525
vt 0.47083 0.525
vt 0.4875 0.725
vt 0.3875 0.525
vt 0.3875 0.725
vt 0.40417 0.725
vt 0.40417 0.525
vt 0.3875 0.525
vt 0.40417 0.725
vt 0.40417 0.525
vt 0.40417 0.725
vt 0.42083 0.725
vt 0.42083 0.525
vt 0.40417 0.525
vt 0.42083 0.725
vt 0.42083 0.525
vt 0.42083 0.725
vt 0.4375 0.725
vt 0.4375 0.525
vt 0.42083 0.525
vt 0.4375 0.725
vt 0.4375 0.525
vt 0.4375 0.725
vt 0.45417 0.525
vt 0.4375 0.725
vt 0.45417 0.725
vt 0.45417 0.525
vt 0.45417 0.525
vt 0.45417 0.725
vt 0.47083 0.525
vt 0.45417 0.725
vt 0.47083 0.725
vt 0.47083 0.525
vt 0.47083 0.525
vt 0.47083 0.725
vt 0.4875 0.525
vt 0.47083 0.725
vt 0.4875 0.725
vt 0.4875 0.525
vt 0.3875 0.525
vt 0.3875 0.725
vt 0.40417 0.525
vt 0.3875 0.725
vt 0.40417 0.725
vt 0.40417 0.525
vt 0.40417 0.525
vt 0.40417 0.725
vt 0.42083 0.525
vt 0.40417 0.725
vt 0.42083 0.725
vt 0.42083 0.525
vt 0.42083 0.525
vt 0.42083 0.725
vt 0.4375 0.525
vt 0.42083 0.725
vt 0.4375 0.725
vt 0.4375 0.525
vt 0.5625 0.775
vt 0.5625 0.975
vt 0.57917 0.975
vt 0.57917 0.775
vt 0.5625 0.775
vt 0.57917 0.975
vt 0.57917 0.775
vt 0.57917 0.975
vt 0.59583 0.975
vt 0.59583 0.775
vt 0.57917 0.775
vt 0.59583 0.975
vt 0.59583 0.775
vt 0.59583 0.975
vt 0.6125 0.975
vt 0.6125 0.775
vt 0.59583 0.775
vt 0.6125 0.975
vt 0.5125 0.775
vt 0.5125 0.975
vt 0.52917 0.975
vt 0.52917 0.775
vt 0.5125 0.775
vt 0.52917 0.975
vt 0.52917 0.775
vt 0.52917 0.975
vt 0.54583 0.975
vt 0.54583 0.775
vt 0.52917 0.775
vt 0.54583 0.975
vt 0.54583 0.775
vt 0.54583 0.975
vt 0.5625 0.975
vt 0.5625 0.775
vt 0.54583 0.775
vt 0.5625 0.975
vt 0.5625 0.775
vt 0.5625 0.975
vt 0.57917 0.775
vt 0.5625 0.975
vt 0.57917 0.975
vt 0.57917 0.775
vt 0.57917 0.775
vt 0.57917 0.975
vt 0.59583 0.775
vt 0.57917 0.975
vt 0.59583 0.975
vt 0.59583 0.775
vt 0.59583 0.775
vt 0.59583 0.975
vt 0.6125 0.775
vt 0.59583 0.975
vt 0.6125 0.975
vt 0.6125 0.775
vt 0.5125 0.775
vt 0.5125 0.975
vt 0.52917 0.775
vt 0.5125 0.975
vt 0.52917 0.975
vt 0.52917 0.775
vt 0.52917 0.775
vt 0.52917 0.975
vt 0.54583 0.775
vt 0.52917 0.975
vt 0.54583 0.975
vt 0.54583 0.775
vt 0.54583 0.775
vt 0.54583 0.975
vt 0.5625 0.775
vt 0.54583 0.975
vt 0.5625 0.975
vt 0.5625 0.775
vt 0.4375 0.775
vt 0.4375 0.975
vt 0.45417 0.975
vt 0.45417 0.775
vt 0.4375 0.775
vt 0.45417 0.975
vt 0.45417 0.775
vt 0.45417 0.975
vt 0.47083 0.975
vt 0.47083 0.775
vt 0.45417 0.775
vt 0.47083 0.975
vt 0.47083 0.775
vt 0.47083 0.975
vt 0.4875 0.975
vt 0.4875 0.775
vt 0.47083 0.775
vt 0.4875 0.975
vt 0.3875 0.775
vt 0.3875 0.975
vt 0.40417 0.975
vt 0.40417 0.775
vt 0.3875 0.775
vt 0.40417 0.975
vt 0.40417 0.775
vt 0.40417 0.975
vt 0.42083 0.975
vt 0.42083 0.775
vt 0.40417 0.775
vt 0.42083 0.975
vt 0.42083 0.775
vt 0.42083 0.975
vt 0.4375 0.975
vt 0.4375 0.775
vt 0.42083 0.775
vt 0.4375 0.975
vt 0.4375 0.775
vt 0.4375 0.975
vt 0.45417 0.775
vt 0.4375 0.975
vt 0.45417 0.975
vt 0.45417 0.775
vt 0.45417 0.775
vt 0.45417 0.975
vt 0.47083 0.775
vt 0.45417 0.975
vt 0.47083 0.975
vt 0.47083 0.775
vt 0.47083 0.775
vt 0.47083 0.975
vt 0.4875 0.775
vt 0.47083 0.975
vt 0.4875 0.975
vt 0.4875 0.775
vt 0.3875 0.775
vt 0.3875 0.975
vt 0.40417 0.775
vt 0.3875 0.975
vt 0.40417 0.975
vt 0.40417 0.775
vt 0.40417 0.775
vt 0.40417 0.975
vt 0.42083 0.775
vt 0.40417 0.975
vt 0.42083 0.975
vt 0.42083 0.775
vt 0.42083 0.775
vt 0.42083 0.975
vt 0.4375 0.775
vt 0.42083 0.975
vt 0.4375 0.975
vt 0.4375 0.775
vt 0.9375 0.775
vt 0.9375 0.975
vt 0.95 0.975
vt 0.95 0.775
vt 0.9375 0.775
vt 0.95 0.975
vt 0.95 0.775
vt 0.95 0.975
vt 0.9625 0.975
vt 0.9625 0.775
vt 0.95 0.775
vt 0.9625 0.975
vt 0.9625 0.775
vt 0.9625 0.975
vt 0.975 0.975
vt 0.975 0.775
vt 0.9625 0.775
vt 0.975 0.975
vt 0.975 0.775
vt 0.975 0.975
vt 0.9875 0.975
vt 0.9875 0.775
vt 0.975 0.775
vt 0.9875 0.975
vt 0.8875 0.775
vt 0.8875 0.975
vt 0.9 0.975
vt 0.9 0.775
vt 0.8875 0.775
vt 0.9 0.975
vt 0.9 0.775
vt 0.9 0.975
vt 0.9125 0.975
vt 0.9125 0.775
vt 0.9 0.775
vt 0.9125 0.975
vt 0.9125 0.775
vt 0.9125 0.975
vt 0.925 0.975
vt 0.925 0.775
vt 0.9125 0.775
vt 0.925 0.975
vt 0.925 0.775
vt 0.925 0.975
vt 0.9375 0.975
vt 0.9375 0.775
vt 0.925 0.775
vt 0.9375 0.975
vt 0.9375 0.775
vt 0.9375 0.975
vt 0.95 0.775
vt 0.9375 0.975
vt 0.95 0.975
vt 0.95 0.775
vt 0.95 0.775
vt 0.95 0.975
vt 0.9625 0.775
vt 0.95 0.975
vt 0.9625 0.975
vt 0.9625 0.775
vt 0.9625 0.775
vt 0.9625 0.975
vt 0.975 0.775
vt 0.9625 0.975
vt 0.975 0.975
vt 0.975 0.775
vt 0.975 0.775
vt 0.975 0.975
vt 0.9875 0.775
vt 0.975 0.975
vt 0.9875 0.975
vt 0.9875 0.775
vt 0.8875 0.775
vt 0.8875 0.975
vt 0.9 0.775
vt 0.8875 0.975
vt 0.9 0.975
vt 0.9 0.775
vt 0.9 0.775
vt 0.9 0.975
vt 0.9125 0.775
vt 0.9 0.975
vt 0.9125 0.975
vt 0.9125 0.775
vt 0.9125 0.775
vt 0.9125 0.975
vt 0.925 0.775
vt 0.9125 0.975
vt 0.925 0.975
vt 0.925 0.775
vt 0.925 0.775
vt 0.925 0.975
vt 0.9375 0.775
vt 0.925 0.975
vt 0.9375 0.975
vt 0.9375 0.775
vt 0.1875 0.525
vt 0.1875 0.725
vt 0.2 0.725
vt 0.2 0.525
vt 0.1875 0.525
vt 0.2 0.725
vt 0.2 0.525
vt 0.2 0.725
vt 0.2125 0.725
vt 0.2125 0.525
vt 0.2 0.525
vt 0.2125 0.725
vt 0.2125 0.525
vt 0.2125 0.725
vt 0.225 0.725
vt 0.225 0.525
vt 0.2125 0.525
vt 0.225 0.725
vt 0.225 0.525
vt 0.225 0.725
vt 0.2375 0.725
vt 0.2375 0.525
vt 0.225 0.525
vt 0.2375 0.725
vt 0.1375 0.525
vt 0.1375 0.725
vt 0.15 0.725
vt 0.15 0.525
vt 0.1375 0.525
vt 0.15 0.725
vt 0.15 0.525
vt 0.15 0.725
vt 0.1625 0.725
vt 0.1625 0.525
vt 0.15 0.525
vt 0.1625 0.725
vt 0.1625 0.525
vt 0.1625 0.725
vt 0.175 0.725
vt 0.175 0.525
vt 0.1625 0.525
vt 0.175 0.725
vt 0.175 0.525
vt 0.175 0.725
vt 0.1875 0.725
vt 0.1875 0.525
vt 0.175 0.525
vt 0.1875 0.725
vt 0.1875 0.525
vt 0.1875 0.725
vt 0.2 0.525
vt 0.1875 0.725
vt 0.2 0.725
vt 0.2 0.525
vt 0.2 0.525
vt 0.2 0.725
vt 0.2125 0.525
vt 0.2 0.725
vt 0.2125 0.725
vt 0.2125 0.525
vt 0.2125 0.525
vt 0.2125 0.725
vt 0.225 0.525
vt 0.2125 0.725
vt 0.225 0.725
vt 0.225 0.525
vt 0.225 0.525
vt 0.225 0.725
vt 0.2375 0.525
vt 0.225 0.725
vt 0.2375 0.725
vt 0.2375 0.525
vt 0.1375 0.525
vt 0.1375 0.725
vt 0.15 0.525
vt 0.1375 0.725
vt 0.15 0.725
vt 0.15 0.525
vt 0.15 0.525
vt 0.15 0.725
vt 0.1625 0.525
vt 0.15 0.725
vt 0.1625 0.725
vt 0.1625 0.525
vt 0.1625 0.525
vt 0.1625 0.725
vt 0.175 0.525
vt 0.1625 0.725
vt 0.175 0.725
vt 0.175 0.525
vt 0.175 0.525
vt 0.175 0.725
vt 0.1875 0.525
vt 0.175 0.725
vt 0.1875 0.725
vt 0.1875 0.525
vt 0.4375 0.525
vt 0.4375 0.725
vt 0.45 0.725
vt 0.45 0.525
vt 0.4375 0.525
vt 0.45 0.725
vt 0.45 0.525
vt 0.45 0.725
vt 0.4625 0.725
vt 0.4625 0.525
vt 0.45 0.525
vt 0.4625 0.725
vt 0.4625 0.525
vt 0.4625 0.725
vt 0.475 0.725
vt 0.475 0.525
vt 0.4625 0.525
vt 0.475 0.725
vt 0.475 0.525
vt 0.475 0.725
vt 0.4875 0.725
vt 0.4875 0.525
vt 0.475 0.525
vt 0.4875 0.725
vt 0.3875 0.525
vt 0.3875 0.725
vt 0.4 0.725
vt 0.4 0.525
vt 0.3875 0.525
vt 0.4 0.725
vt 0.4 0.525
vt 0.4 0.725
vt 0.4125 0.725
vt 0.4125 0.525
vt 0.4 0.525
vt 0.4125 0.725
vt 0.4125 0.525
vt 0.4125 0.725
vt 0.425 0.725
vt 0.425 0.525
vt 0.4125 0.525
vt 0.425 0.725
vt 0.425 0.525
vt 0.425 0.725
vt 0.4375 0.725
vt 0.4375 0.525
vt 0.425 0.525
vt 0.4375 0.725
vt 0.4375 0.525
vt 0.4375 0.725
vt 0.45 0.525
vt 0.4375 0.725
vt 0.45 0.725
vt 0.45 0.525
vt 0.45 0.525
vt 0.45 0.725
vt 0.4625 0.525
vt 0.45 0.725
vt 0.4625 0.725
vt 0.4625 0.525
vt 0.4625 0.525
vt 0.4625 0.725
vt 0.475 0.525
vt 0.4625 0.725
vt 0.475 0.725
vt 0.475 0.525
vt 0.475 0.525
vt 0.475 0.725
vt 0.4875 0.525
vt 0.475 0.725
vt 0.4875 0.725
vt 0.4875 0.525
vt 0.3875 0.525
vt 0.3875 0.725
vt 0.4 0.525
vt 0.3875 0.725
vt 0.4 0.725
vt 0.4 0.525
vt 0.4 0.525
vt 0.4 0.725
vt 0.4125 0.525
vt 0.4 0.725
vt 0.4125 0.725
vt 0.4125 0.525
vt 0.4125 0.525
vt 0.4125 0.725
vt 0.425 0.525
vt 0.4125 0.725
vt 0.425 0.725
vt 0.425 0.525
vt 0.425 0.525
vt 0.425 0.725
vt 0.4375 0.525
vt 0.425 0.725
vt 0.4375 0.725
vt 0.4375 0.525
vt 0.5125 0.775
vt 0.5125 0.975
vt 0.5625 0.975
vt 0.5625 0.775
vt 0.5125 0.775
vt 0.5625 0.975
vt 0.5625 0.775
vt 0.5625 0.975
vt 0.6125 0.975
vt 0.6125 0.775
vt 0.5625 0.775
vt 0.6125 0.975
vt 0.5125 0.775
vt 0.5125 0.975
vt 0.5625 0.975
vt 0.5625 0.775
vt 0.5125 0.775
vt 0.5625 0.975
vt 0.5625 0.775
vt 0.5625 0.975
vt 0.6125 0.975
vt 0.6125 0.775
vt 0.5625 0.775
vt 0.6125 0.975
vt 0.5125 0.775
vt 0.5125 0.975
vt 0.5625 0.975
vt 0.5625 0.775
vt 0.5125 0.775
vt 0.5625 0.975
vt 0.5625 0.775
vt 0.5625 0.975
vt 0.6125 0.975
vt 0.6125 0.775
vt 0.5625 0.775
vt 0.6125 0.975
vt 0.5125 0.775
vt 0.5125 0.975
vt 0.5625 0.975
vt 0.5625 0.775
vt 0.5125 0.775
vt 0.5625 0.975
vt 0.5625 0.775
vt 0.5625 0.975
vt 0.6125 0.975
vt 0.6125 0.775
vt 0.5625 0.775
vt 0.6125 0.975
vt 0.5125 0.775
vt 0.5125 0.975
vt 0.5625 0.775
vt 0.5125 0.975
vt 0.5625 0.975
vt 0.5625 0.775
vt 0.5625 0.775
vt 0.5625 0.975
vt 0.6125 0.775
vt 0.5625 0.975
vt 0.6125 0.975
vt 0.6125 0.775
vt 0.5125 0.775
vt 0.5125 0.975
vt 0.5625 0.775
vt 0.5125 0.975
vt 0.5625 0.975
vt 0.5625 0.775
vt 0.5625 0.775
vt 0.5625 0.975
vt 0.6125 0.775
vt 0.5625 0.975
vt 0.6125 0.975
vt 0.6125 0.775
vt 0.5125 0.775
vt 0.5125 0.975
vt 0.5625 0.775
vt 0.5125 0.975
vt 0.5625 0.975
vt 0.5625 0.775
vt 0.5625 0.775
vt 0.5625 0.975
vt 0.6125 0.775
vt 0.5625 0.975
vt 0.6125 0.975
vt 0.6125 0.775
vt 0.5125 0.775
vt 0.5125 0.975
vt 0.5625 0.775
vt 0.5125 0.975
vt 0.5625 0.975
vt 0.5625 0.775
vt 0.5625 0.775
vt 0.5625 0.975
vt 0.6125 0.775
vt 0.5625 0.975
vt 0.6125 0.975
vt 0.6125 0.775
vt 0.3875 0.775
vt 0.3875 0.975
vt 0.4375 0.975
vt 0.4375 0.775
vt 0.3875 0.775
vt 0.4375 0.975
vt 0.4375 0.775
vt 0.4375 0.975
vt 0.4875 0.975
vt 0.4875 0.775
vt 0.4375 0.775
vt 0.4875 0.975
vt 0.3875 0.775
vt 0.3875 0.975
vt 0.4375 0.975
vt 0.4375 0.775
vt 0.3875 0.775
vt 0.4375 0.975
vt 0.4375 0.775
vt 0.4375 0.975
vt 0.4875 0.975
vt 0.4875 0.775
vt 0.4375 0.775
vt 0.4875 0.975
vt 0.3875 0.775
vt 0.3875 0.975
vt 0.4375 0.975
vt 0.4375 0.775
vt 0.3875 0.775
vt 0.4375 0.975
vt 0.4375 0.775
vt 0.4375 0.975
vt 0.4875 0.975
vt 0.4875 0.775
vt 0.4375 0.775
vt 0.4875 0.975
vt 0.3875 0.775
vt 0.3875 0.975
vt 0.4375 0.975
vt 0.4375 0.775
vt 0.3875 0.775
vt 0.4375 0.975
vt 0.4375 0.775
vt 0.4375 0.975
vt 0.4875 0.975
vt 0.4875 0.775
vt 0.4375 0.775
vt 0.4875 0.975
vt 0.3875 0.775
vt 0.3875 0.975
vt 0.4375 0.775
vt 0.3875 0.975
vt 0.4375 0.975
vt 0.4375 0.775
vt 0.4375 0.775
vt 0.4375 0.975
vt 0.4875 0.775
vt 0.4375 0.975
vt 0.4875 0.975
vt 0.4875 0.775
vt 0.3875 0.775
vt 0.3875 0.975
vt 0.4375 0.775
vt 0.3875 0.975
vt 0.4375 0.975
vt 0.4375 0.775
vt 0.4375 0.775
vt 0.4375 0.975
vt 0.4875 0.775
vt 0.4375 0.975
vt 0.4875 0.975
vt 0.4875 0.775
vt 0.3875 0.775
vt 0.3875 0.975
vt 0.4375 0.775
vt 0.3875 0.975
vt 0.4375 0.975
vt 0.4375 0.775
vt 0.4375 0.775
vt 0.4375 0.975
vt 0.4875 0.775
vt 0.4375 0.975
vt 0.4875 0.975
vt 0.4875 0.775
vt 0.3875 0.775
vt 0.3875 0.975
vt 0.4375 0.775
vt 0.3875 0.975
vt 0.4375 0.975
vt 0.4375 0.775
vt 0.4375 0.775
vt 0.4375 0.975
vt 0.4875 0.775
vt 0.4375 0.975
vt 0.4875 0.975
vt 0.4875 0.775

f 17/1 1/2 2/3
f 18/4 17/5 2/6
f 18/7 2/8 3/9
f 19/10 18/11 3/12
f 19/13 3/14 4/15
f 20/16 19/17 4/18
f 20/19 4/20 5/21
f 21/22 20/23 5/24
f 21/25 5/26 6/27
f 22/28 21/29 6/30
f 22/31 6/32 7/33
f 23/34 22/35 7/36
f 23/37 7/38 8/39
f 24/40 23/41 8/42
f 24/43 8/44 9/45
f 25/46 24/47 9/48
f 25/49 9/50 26/51
f 9/52 10/53 26/54
f 26/55 10/56 27/57
f 10/58 11/59 27/60
f 27/61 11/62 28/63
f 11/64 12/65 28/66
f 28/67 12/68 29/69
f 12/70 13/71 29/72
f 29/73 13/74 30/75
f 13/76 14/77 30/78
f 30/79 14/80 31/81
f 14/82 15/83 31/84
f 31/85 15/86 32/87
f 15/88 16/89 32/90
f 32/91 16/92 17/93
f 16/94 1/95 17/96
f 33/97 17/98 18/99
f 34/100 33/101 18/102
f 34/103 18/104 19/105
f 35/106 34/107 19/108
f 35/109 19/110 20/111
f 36/112 35/113 20/114
f 36/115 20/116 21/117
f 37/118 36/119 21/120
f 37/121 21/122 22/123
f 38/124 37/125 22/126
f 38/127 22/128 23/129
f 39/130 38/131 23/132
f 39/133 23/134 24/135
f 40/136 39/137 24/138
f 40/139 24/140 25/141
f 41/142 40/143 25/144
f 41/145 25/146 42/147
f 25/148 26/149 42/150
f 42/151 26/152 43/153
f 26/154 27/155 43/156
f 43/157 27/158 44/159
f 27/160 28/161 44/162
f 44/163 28/164 45/165
f 28/166 29/167 45/168
f 45/169 29/170 46/171
f 29/172 30/173 46/174
f 46/175 30/176 47/177
f 30/178 31/179 47/180
f 47/181 31/182 48/183
f 31/184 32/185 48/186
f 48/187 32/188 33/189
f 32/190 17/191 33/192
f 49/193 33/194 34/195
f 50/196 49/197 34/198
f 50/199 34/200 35/201
f 51/202 50/203 35/204
f 51/205 35/206 36/207
f 52/208 51/209 36/210
f 52/211 36/212 37/213
f 53/214 52/215 37/216
f 53/217 37/218 38/219
f 54/220 53/221 38/222
f 54/223 38/224 39/225
f 55/226 54/227 39/228
f 55/229 39/230 40/231
f 56/232 55/233 40/234
f 56/235 40/236 41/237
f 57/238 56/239 41/240
f 57/241 41/242 58/243
f 41/244 42/245 58/246
f 58/247 42/248 59/249
f 42/250 43/251 59/252
f 59/253 43/254 60/255
f 43/256 44/257 60/258
f 60/259 44/260 61/261
f 44/262 45/263 61/264
f 61/265 45/266 62/267
f 45/268 46/269 62/270
f 62/271 46/272 63/273
f 46/274 47/275 63/276
f 63/277 47/278 64/279
f 47/280 48/281 64/282
f 64/283 48/284 49/285
f 48/286 33/287 49/288
f 65/289 49/290 50/291
f 66/292 65/293 50/294
f 66/295 50/296 51/297
f 67/298 66/299 51/300
f 67/301 51/302 52/303
f 68/304 67/305 52/306
f 68/307 52/308 53/309
f 69/310 68/311 53/312
f 69/313 53/314 54/315
f 70/316 69/317 54/318
f 70/319 54/320 55/321
f 71/322 70/323 55/324
f 71/325 55/326 56/327
f 72/328 71/329 56/330
f 72/331 56/332 57/333
f 73/334 72/335 57/336
f 73/337 57/338 74/339
f 57/340 58/341 74/342
f 74/343 58/344 75/345
f 58/346 59/347 75/348
f 75/349 59/350 76/351
f 59/352 60/353 76/354
f 76/355 60/356 77/357
f 60/358 61/359 77/360
f 77/361 61/362 78/363
f 61/364 62/365 78/366
f 78/367 62/368 79/369
f 62/370 63/371 79/372
f 79/373 63/374 80/375
f 63/376 64/377 80/378
f 80/379 64/380 65/381
f 64/382 49/383 65/384
f 81/385 65/386 66/387
f 82/388 81/389 66/390
f 82/391 66/392 67/393
f 83/394 82/395 67/396
f 83/397 67/398 68/399
f 84/400 83/401 68/402
f 84/403 68/404 69/405
f 85/406 84/407 69/408
f 85/409 69/410 70/411
f 86/412 85/413 70/414
f 86/415 70/416 71/417
f 87/418 86/419 71/420
f 87/421 71/422 72/423
f 88/424 87/425 72/426
f 88/427 72/428 73/429
f 89/430 88/431 73/432
f 89/433 73/434 90/435
f 73/436 74/437 90/438
f 90/439 74/440 91/441
f 74/442 75/443 91/444
f 91/445 75/446 92/447
f 75/448 76/449 92/450
f 92/451 76/452 93/453
f 76/454 77/455 93/456
f 93/457 77/458 94/459
f 77/460 78/461 94/462
f 94/463 78/464 95/465
f 78/466 79/467 95/468
f 95/469 79/470 96/471
f 79/472 80/473 96/474
f 96/475 80/476 81/477
f 80/478 65/479 81/480
f 97/481 81/482 82/483
f 98/484 97/485 82/486
f 98/487 82/488 83/489
f 99/490 98/491 83/492
f 99/493 83/494 84/495
f 100/496 99/497 84/498
f 100/499 84/500 85/501
f 101/502 100/503 85/504
f 101/505 85/506 86/507
f 102/508 101/509 86/510
f 102/511 86/512 87/513
f 103/514 102/515 87/516
f 103/517 87/518 88/519
f 104/520 103/521 88/522
f 104/523 88/524 89/525
f 105/526 104/527 89/528
f 105/529 89/530 106/531
f 89/532 90/533 106/534
f 106/535 90/536 107/537
f 90/538 91/539 107/540
f 107/541 91/542 108/543
f 91/544 92/545 108/546
f 108/547 92/548 109/549
f 92/550 93/551 109/552
f 109/553 93/554 110/555
f 93/556 94/557 110/558
f 110/559 94/560 111/561
f 94/562 95/563 111/564
f 111/565 95/566 112/567
f 95/568 96/569 112/570
f 112/571 96/572 97/573
f 96/574 81/575 97/576
f 113/577 97/578 98/579
f 114/580 113/581 98/582
f 114/583 98/584 99/585
f 115/586 114/587 99/588
f 115/589 99/590 100/591
f 116/592 115/593 100/594
f 116/595 100/596 101/597
f 117/598 116/599 101/600
f 117/601 101/602 102/603
f 118/604 117/605 102/606
f 118/607 102/608 103/609
f 119/610 118/611 103/612
f 119/613 103/614 104/615
f 120/616 119/617 104/618
f 120/619 104/620 105/621
f 121/622 120/623 105/624
f 121/625 105/626 122/627
f 105/628 106/629 122/630
f 122/631 106/632 123/633
f 106/634 107/635 123/636
f 123/637 107/638 124/639
f 107/640 108/641 124/642
f 124/643 108/644 125/645
f 108/646 109/647 125/648
f 125/649 109/650 126/651
f 109/652 110/653 126/654
f 126/655 110/656 127/657
f 110/658 111/659 127/660
f 127/661 111/662 128/663
f 111/664 112/665 128/666
f 128/667 112/668 113/669
f 112/670 97/671 113/672
f 129/673 113/674 114/675
f 130/676 129/677 114/678
f 130/679 114/680 115/681
f 131/682 130/683 115/684
f 131/685 115/686 116/687
f 132/688 131/689 116/690
f 132/691 116/692 117/693
f 133/694 132/695 117/696
f 133/697 117/698 118/699
f 134/700 133/701 118/702
f 134/703 118/704 119/705
f 135/706 134/707 119/708
f 135/709 119/710 120/711
f 136/712 135/713 120/714
f 136/715 120/716 121/717
f 137/718 136/719 121/720
f 137/721 121/722 138/723
f 121/724 122/725 138/726
f 138/727 122/728 139/729
f 122/730 123/731 139/732
f 139/733 123/734 140/735
f 123/736 124/737 140/738
f 140/739 124/740 141/741
f 124/742 125/743 141/744
f 141/745 125/746 142/747
f 125/748 126/749 142/750
f 142/751 126/752 143/753
f 126/754 127/755 143/756
f 143/757 127/758 144/759
f 127/760 128/761 144/762
f 144/763 128/764 129/765
f 128/766 113/767 129/768
f 145/769 129/770 130/771
f 146/772 145/773 130/774
f 146/775 130/776 131/777
f 147/778 146/779 131/780
f 147/781 131/782 132/783
f 148/784 147/785 132/786
f 148/787 132/788 133/789
f 149/790 148/791 133/792
f 149/793 133/794 134/795
f 150/796 149/797 134/798
f 150/799 134/800 135/801
f 151/802 150/803 135/804
f 151/805 135/806 136/807
f 152/808 151/809 136/810
f 152/811 136/812 137/813
f 153/814 152/815 137/816
f 153/817 137/818 154/819
f 137/820 138/821 154/822
f 154/823 138/824 155/825
f 138/826 139/827 155/828
f 155/829 139/830 156/831
f 139/832 140/833 156/834
f 156/835 140/836 157/837
f 140/838 141/839 157/840
f 157/841 141/842 158/843
f 141/844 142/845 158/846
f 158/847 142/848 159/849
f 142/850 143/851 159/852
f 159/853 143/854 160/855
f 143/856 144/857 160/858
f 160/859 144/860 145/861
f 144/862 129/863 145/864
f 161/865 145/866 146/867
f 162/868 161/869 146/870
f 162/871 146/872 147/873
f 163/874 162/875 147/876
f 163/877 147/878 148/879
f 164/880 163/881 148/882
f 164/883 148/884 149/885
f 165/886 164/887 149/888
f 165/889 149/890 150/891
f 166/892 165/893 150/894
f 166/895 150/896 151/897
f 167/898 166/899 151/900
f 167/901 151/902 152/903
f 168/904 167/905 152/906
f 168/907 152/908 153/909
f 169/910 168/911 153/912
f 169/913 153/914 170/915
f 153/916 154/917 170/918
f 170/919 154/920 171/921
f 154/922 155/923 171/924
f 171/925 155/926 172/927
f 155/928 156/929 172/930
f 172/931 156/932 173/933
f 156/934 157/935 173/936
f 173/937 157/938 174/939
f 157/940 158/941 174/942
f 174/943 158/944 175/945
f 158/946 159/947 175/948
f 175/949 159/950 176/951
f 159/952 160/953 176/954
f 176/955 160/956 161/957
f 160/958 145/959 161/960
f 177/961 161/962 162/963
f 178/964 177/965 162/966
f 178/967 162/968 163/969
f 179/970 178/971 163/972
f 179/973 163/974 164/975
f 180/976 179/977 164/978
f 180/979 164/980 165/981
f 181/982 180/983 165/984
f 181/985 165/986 166/987
f 182/988 181/989 166/990
f 182/991 166/992 167/993
f 183/994 182/995 167/996
f 183/997 167/998 168/999
f 184/1000 183/1001 168/1002
f 184/1003 168/1004 169/1005
f 185/1006 184/1007 169/1008
f 185/1009 169/1010 186/1011
f 169/1012 170/1013 186/1014
f 186/1015 170/1016 187/1017
f 170/1018 171/1019 187/1020
f 187/1021 171/1022 188/1023
f 171/1024 172/1025 188/1026
f 188/1027 172/1028 189/1029
f 172/1030 173/1031 189/1032
f 189/1033 173/1034 190/1035
f 173/1036 174/1037 190/1038
f 190/1039 174/1040 191/1041
f 174/1042 175/1043 191/1044
f 191/1045 175/1046 192/1047
f 175/1048 176/1049 192/1050
f 192/1051 176/1052 177/1053
f 176/1054 161/1055 177/1056
f 193/1057 177/1058 178/1059
f 194/1060 193/1061 178/1062
f 194/1063 178/1064 179/1065
f 195/1066 194/1067 179/1068
f 195/1069 179/1070 180/1071
f 196/1072 195/1073 180/1074
f 196/1075 180/1076 181/1077
f 197/1078 196/1079 181/1080
f 197/1081 181/1082 182/1083
f 198/1084 197/1085 182/1086
f 198/1087 182/1088 183/1089
f 199/1090 198/1091 183/1092
f 199/1093 183/1094 184/1095
f 200/1096 199/1097 184/1098
f 200/1099 184/1100 185/1101
f 201/1102 200/1103 185/1104
f 201/1105 185/1106 202/1107
f 185/1108 186/1109 202/1110
f 202/1111 186/1112 203/1113
f 186/1114 187/1115 203/1116
f 203/1117 187/1118 204/1119
f 187/1120 188/1121 204/1122
f 204/1123 188/1124 205/1125
f 188/1126 189/1127 205/1128
f 205/1129 189/1130 206/1131
f 189/1132 190/1133 206/1134
f 206/1135 190/1136 207/1137
f 190/1138 191/1139 207/1140
f 207/1141 191/1142 208/1143
f 191/1144 192/1145 208/1146
f 208/1147 192/1148 193/1149
f 192/1150 177/1151 193/1152
f 209/1153 193/1154 194/1155
f 210/1156 209/1157 194/1158
f 210/1159 194/1160 195/1161
f 211/1162 210/1163 195/1164
f 211/1165 195/1166 196/1167
f 212/1168 211/1169 196/1170
f 212/1171 196/1172 197/1173
f 213/1174 212/1175 197/1176
f 213/1177 197/1178 198/1179
f 214/1180 213/1181 198/1182
f 214/1183 198/1184 199/1185
f 215/1186 214/1187 199/1188
f 215/1189 199/1190 200/1191
f 216/1192 215/1193 200/1194
f 216/1195 200/1196 201/1197
f 217/1198 216/1199 201/1200
f 217/1201 201/1202 218/1203
f 201/1204 202/1205 218/1206
f 218/1207 202/1208 219/1209
f 202/1210 203/1211 219/1212
f 219/1213 203/1214 220/1215
f 203/1216 204/1217 220/1218
f 220/1219 204/1220 221/1221
f 204/1222 205/1223 221/1224
f 221/1225 205/1226 222/1227
f 205/1228 206/1229 222/1230
f 222/1231 206/1232 223/1233
f 206/1234 207/1235 223/1236
f 223/1237 207/1238 224/1239
f 207/1240 208/1241 224/1242
f 224/1243 208/1244 209/1245
f 208/1246 193/1247 209/1248
f 241/1249 225/1250 226/1251
f 242/1252 241/1253 226/1254
f 242/1255 226/1256 227/1257
f 243/1258 242/1259 227/1260
f 243/1261 227/1262 228/1263
f 244/1264 243/1265 228/1266
f 244/1267 228/1268 229/1269
f 245/1270 244/1271 229/1272
f 245/1273 229/1274 230/1275
f 246/1276 245/1277 230/1278
f 246/1279 230/1280 231/1281
f 247/1282 246/1283 231/1284
f 247/1285 231/1286 232/1287
f 248/1288 247/1289 232/1290
f 248/1291 232/1292 233/1293
f 249/1294 248/1295 233/1296
f 249/1297 233/1298 250/1299
f 233/1300 234/1301 250/1302
f 250/1303 234/1304 251/1305
f 234/1306 235/1307 251/1308
f 251/1309 235/1310 252/1311
f 235/1312 236/1313 252/1314
f 252/1315 236/1316 253/1317
f 236/1318 237/1319 253/1320
f 253/1321 237/1322 254/1323
f 237/1324 238/1325 254/1326
f 254/1327 238/1328 255/1329
f 238/1330 239/1331 255/1332
f 255/1333 239/1334 256/1335
f 239/1336 240/1337 256/1338
f 256/1339 240/1340 241/1341
f 240/1342 225/1343 241/1344
f 257/1345 241/1346 242/1347
f 258/1348 257/1349 242/1350
f 258/1351 242/1352 243/1353
f 259/1354 258/1355 243/1356
f 259/1357 243/1358 244/1359
f 260/1360 259/1361 244/1362
f 260/1363 244/1364 245/1365
f 261/1366 260/1367 245/1368
f 261/1369 245/1370 246/1371
f 262/1372 261/1373 246/1374
f 262/1375 246/1376 247/1377
f 263/1378 262/1379 247/1380
f 263/1381 247/1382 248/1383
f 264/1384 263/1385 248/1386
f 264/1387 248/1388 249/1389
f 265/1390 264/1391 249/1392
f 265/1393 249/1394 266/1395
f 249/1396 250/1397 266/1398
f 266/1399 250/1400 267/1401
f 250/1402 251/1403 267/1404
f 267/1405 251/1406 268/1407
f 251/1408 252/1409 268/1410
f 268/1411 252/1412 269/1413
f 252/1414 253/1415 269/1416
f 269/1417 253/1418 270/1419
f 253/1420 254/1421 270/1422
f 270/1423 254/1424 271/1425
f 254/1426 255/1427 271/1428
f 271/1429 255/1430 272/1431
f 255/1432 256/1433 272/1434
f 272/1435 256/1436 257/1437
f 256/1438 241/1439 257/1440
f 273/1441 257/1442 258/1443
f 274/1444 273/1445 258/1446
f 274/1447 258/1448 259/1449
f 275/1450 274/1451 259/1452
f 275/1453 259/1454 260/1455
f 276/1456 275/1457 260/1458
f 276/1459 260/1460 261/1461
f 277/1462 276/1463 261/1464
f 277/1465 261/1466 262/1467
f 278/1468 277/1469 262/1470
f 278/1471 262/1472 263/1473
f 279/1474 278/1475 263/1476
f 279/1477 263/1478 264/1479
f 280/1480 279/1481 264/1482
f 280/1483 264/1484 265/1485
f 281/1486 280/1487 265/1488
f 281/1489 265/1490 282/1491
f 265/1492 266/1493 282/1494
f 282/1495 266/1496 283/1497
f 266/1498 267/1499 283/1500
f 283/1501 267/1502 284/1503
f 267/1504 268/1505 284/1506
f 284/1507 268/1508 285/1509
f 268/1510 269/1511 285/1512
f 285/1513 269/1514 286/1515
f 269/1516 270/1517 286/1518
f 286/1519 270/1520 287/1521
f 270/1522 271/1523 287/1524
f 287/1525 271/1526 288/1527
f 271/1528 272/1529 288/1530
f 288/1531 272/1532 273/1533
f 272/1534 257/1535 273/1536
f 289/1537 273/1538 274/1539
f 290/1540 289/1541 274/1542
f 290/1543 274/1544 275/1545
f 291/1546 290/1547 275/1548
f 291/1549 275/1550 276/1551
f 292/1552 291/1553 276/1554
f 292/1555 276/1556 277/1557
f 293/1558 292/1559 277/1560
f 293/1561 277/1562 278/1563
f 294/1564 293/1565 278/1566
f 294/1567 278/1568 279/1569
f 295/1570 294/1571 279/1572
f 295/1573 279/1574 280/1575
f 296/1576 295/1577 280/1578
f 296/1579 280/1580 281/1581
f 297/1582 296/1583 281/1584
f 297/1585 281/1586 298/1587
f 281/1588 282/1589 298/1590
f 298/1591 282/1592 299/1593
f 282/1594 283/1595 299/1596
f 299/1597 283/1598 300/1599
f 283/1600 284/1601 300/1602
f 300/1603 284/1604 301/1605
f 284/1606 285/1607 301/1608
f 301/1609 285/1610 302/1611
f 285/1612 286/1613 302/1614
f 302/1615 286/1616 303/1617
f 286/1618 287/1619 303/1620
f 303/1621 287/1622 304/1623
f 287/1624 288/1625 304/1626
f 304/1627 288/1628 289/1629
f 288/1630 273/1631 289/1632
f 305/1633 289/1634 290/1635
f 306/1636 305/1637 290/1638
f 306/1639 290/1640 291/1641
f 307/1642 306/1643 291/1644
f 307/1645 291/1646 292/1647
f 308/1648 307/1649 292/1650
f 308/1651 292/1652 293/1653
f 309/1654 308/1655 293/1656
f 309/1657 293/1658 294/1659
f 310/1660 309/1661 294/1662
f 310/1663 294/1664 295/1665
f 311/1666 310/1667 295/1668
f 311/1669 295/1670 296/1671
f 312/1672 311/1673 296/1674
f 312/1675 296/1676 297/1677
f 313/1678 312/1679 297/1680
f 313/1681 297/1682 314/1683
f 297/1684 298/1685 314/1686
f 314/1687 298/1688 315/1689
f 298/1690 299/1691 315/1692
f 315/1693 299/1694 316/1695
f 299/1696 300/1697 316/1698
f 316/1699 300/1700 317/1701
f 300/1702 301/1703 317/1704
f 317/1705 301/1706 318/1707
f 301/1708 302/1709 318/1710
f 318/1711 302/1712 319/1713
f 302/1714 303/1715 319/1716
f 319/1717 303/1718 320/1719
f 303/1720 304/1721 320/1722
f 320/1723 304/1724 305/1725
f 304/1726 289/1727 305/1728
f 321/1729 305/1730 306/1731
f 322/1732 321/1733 306/1734
f 322/1735 306/1736 307/1737
f 323/1738 322/1739 307/1740
f 323/1741 307/1742 308/1743
f 324/1744 323/1745 308/1746
f 324/1747 308/1748 309/1749
f 325/1750 324/1751 309/1752
f 325/1753 309/1754 310/1755
f 326/1756 325/1757 310/1758
f 326/1759 310/1760 311/1761
f 327/1762 326/1763 311/1764
f 327/1765 311/1766 312/1767
f 328/1768 327/1769 312/1770
f 328/1771 312/1772 313/1773
f 329/1774 328/1775 313/1776
f 329/1777 313/1778 330/1779
f 313/1780 314/1781 330/1782
f 330/1783 314/1784 331/1785
f 314/1786 315/1787 331/1788
f 331/1789 315/1790 332/1791
f 315/1792 316/1793 332/1794
f 332/1795 316/1796 333/1797
f 316/1798 317/1799 333/1800
f 333/1801 317/1802 334/1803
f 317/1804 318/1805 334/1806
f 334/1807 318/1808 335/1809
f 318/1810 319/1811 335/1812
f 335/1813 319/1814 336/1815
f 319/1816 320/1817 336/1818
f 336/1819 320/1820 321/1821
f 320/1822 305/1823 321/1824
f 337/1825 321/1826 322/1827
f 338/1828 337/1829 322/1830
f 338/1831 322/1832 323/1833
f 339/1834 338/1835 323/1836
f 339/1837 323/1838 324/1839
f 340/1840 339/1841 324/1842
f 340/1843 324/1844 325/1845
f 341/1846 340/1847 325/1848
f 341/1849 325/1850 326/1851
f 342/1852 341/1853 326/1854
f 342/1855 326/1856 327/1857
f 343/1858 342/1859 327/1860
f 343/1861 327/1862 328/1863
f 344/1864 343/1865 328/1866
f 344/1867 328/1868 329/1869
f 345/1870 344/1871 329/1872
f 345/1873 329/1874 346/1875
f 329/1876 330/1877 346/1878
f 346/1879 330/1880 347/1881
f 330/1882 331/1883 347/1884
f 347/1885 331/1886 348/1887
f 331/1888 332/1889 348/1890
f 348/1891 332/1892 349/1893
f 332/1894 333/1895 349/1896
f 349/1897 333/1898 350/1899
f 333/1900 334/1901 350/1902
f 350/1903 334/1904 351/1905
f 334/1906 335/1907 351/1908
f 351/1909 335/1910 352/1911
f 335/1912 336/1913 352/1914
f 352/1915 336/1916 337/1917
f 336/1918 321/1919 337/1920
f 353/1921 337/1922 338/1923
f 354/1924 353/1925 338/1926
f 354/1927 338/1928 339/1929
f 355/1930 354/1931 339/1932
f 355/1933 339/1934 340/1935
f 356/1936 355/1937 340/1938
f 356/1939 340/1940 341/1941
f 357/1942 356/1943 341/1944
f 357/1945 341/1946 342/1947
f 358/1948 357/1949 342/1950
f 358/1951 342/1952 343/1953
f 359/1954 358/1955 343/1956
f 359/1957 343/1958 344/1959
f 360/1960 359/1961 344/1962
f 360/1963 344/1964 345/1965
f 361/1966 360/1967 345/1968
f 361/1969 345/1970 362/1971
f 345/1972 346/1973 362/1974
f 362/1975 346/1976 363/1977
f 346/1978 347/1979 363/1980
f 363/1981 347/1982 364/1983
f 347/1984 348/1985 364/1986
f 364/1987 348/1988 365/1989
f 348/1990 349/1991 365/1992
f 365/1993 349/1994 366/1995
f 349/1996 350/1997 366/1998
f 366/1999 350/2000 367/2001
f 350/2002 351/2003 367/2004
f 367/2005 351/2006 368/2007
f 351/2008 352/2009 368/2010
f 368/2011 352/2012 353/2013
f 352/2014 337/2015 353/2016
f 369/2017 353/2018 354/2019
f 370/2020 369/2021 354/2022
f 370/2023 354/2024 355/2025
f 371/2026 370/2027 355/2028
f 371/2029 355/2030 356/2031
f 372/2032 371/2033 356/2034
f 372/2035 356/2036 357/2037
f 373/2038 372/2039 357/2040
f 373/2041 357/2042 358/2043
f 374/2044 373/2045 358/2046
f 374/2047 358/2048 359/2049
f 375/2050 374/2051 359/2052
f 375/2053 359/2054 360/2055
f 376/2056 375/2057 360/2058
f 376/2059 360/2060 361/2061
f 377/2062 376/2063 361/2064
f 377/2065 361/2066 378/2067
f 361/2068 362/2069 378/2070
f 378/2071 362/2072 379/2073
f 362/2074 363/2075 379/2076
f 379/2077 363/2078 380/2079
f 363/2080 364/2081 380/2082
f 380/2083 364/2084 381/2085
f 364/2086 365/2087 381/2088
f 381/2089 365/2090 382/2091
f 365/2092 366/2093 382/2094
f 382/2095 366/2096 383/2097
f 366/2098 367/2099 383/2100
f 383/2101 367/2102 384/2103
f 367/2104 368/2105 384/2106
f 384/2107 368/2108 369/2109
f 368/2110 353/2111 369/2112
f 385/2113 369/2114 370/2115
f 386/2116 385/2117 370/2118
f 386/2119 370/2120 371/2121
f 387/2122 386/2123 371/2124
f 387/2125 371/2126 372/2127
f 388/2128 387/2129 372/2130
f 388/2131 372/2132 373/2133
f 389/2134 388/2135 373/2136
f 389/2137 373/2138 374/2139
f 390/2140 389/2141 374/2142
f 390/2143 374/2144 375/2145
f 391/2146 390/2147 375/2148
f 391/2149 375/2150 376/2151
f 392/2152 391/2153 376/2154
f 392/2155 376/2156 377/2157
f 393/2158 392/2159 377/2160
f 393/2161 377/2162 394/2163
f 377/2164 378/2165 394/2166
f 394/2167 378/2168 395/2169
f 378/2170 379/2171 395/2172
f 395/2173 379/2174 396/2175
f 379/2176 380/2177 396/2178
f 396/2179 380/2180 397/2181
f 380/2182 381/2183 397/2184
f 397/2185 381/2186 398/2187
f 381/2188 382/2189 398/2190
f 398/2191 382/2192 399/2193
f 382/2194 383/2195 399/2196
f 399/2197 383/2198 400/2199
f 383/2200 384/2201 400/2202
f 400/2203 384/2204 385/2205
f 384/2206 369/2207 385/2208
f 401/2209 385/2210 386/2211
f 402/2212 401/2213 386/2214
f 402/2215 386/2216 387/2217
f 403/2218 402/2219 387/2220
f 403/2221 387/2222 388/2223
f 404/2224 403/2225 388/2226
f 404/2227 388/2228 389/2229
f 405/2230 404/2231 389/2232
f 405/2233 389/2234 390/2235
f 406/2236 405/2237 390/2238
f 406/2239 390/2240 391/2241
f 407/2242 406/2243 391/2244
f 407/2245 391/2246 392/2247
f 408/2248 407/2249 392/2250
f 408/2251 392/2252 393/2253
f 409/2254 408/2255 393/2256
f 409/2257 393/2258 410/2259
f 393/2260 394/2261 410/2262
f 410/2263 394/2264 411/2265
f 394/2266 395/2267 411/2268
f 411/2269 395/2270 412/2271
f 395/2272 396/2273 412/2274
f 412/2275 396/2276 413/2277
f 396/2278 397/2279 413/2280
f 413/2281 397/2282 414/2283
f 397/2284 398/2285 414/2286
f 414/2287 398/2288 415/2289
f 398/2290 399/2291 415/2292
f 415/2293 399/2294 416/2295
f 399/2296 400/2297 416/2298
f 416/2299 400/2300 401/2301
f 400/2302 385/2303 401/2304
f 417/2305 401/2306 402/2307
f 418/2308 417/2309 402/2310
f 418/2311 402/2312 403/2313
f 419/2314 418/2315 403/2316
f 419/2317 403/2318 404/2319
f 420/2320 419/2321 404/2322
f 420/2323 404/2324 405/2325
f 421/2326 420/2327 405/2328
f 421/2329 405/2330 406/2331
f 422/2332 421/2333 406/2334
f 422/2335 406/2336 407/2337
f 423/2338 422/2339 407/2340
f 423/2341 407/2342 408/2343
f 424/2344 423/2345 408/2346
f 424/2347 408/2348 409/2349
f 425/2350 424/2351 409/2352
f 425/2353 409/2354 426/2355
f 409/2356 410/2357 426/2358
f 426/2359 410/2360 427/2361
f 410/2362 411/2363 427/2364
f 427/2365 411/2366 428/2367
f 411/2368 412/2369 428/2370
f 428/2371 412/2372 429/2373
f 412/2374 413/2375 429/2376
f 429/2377 413/2378 430/2379
f 413/2380 414/2381 430/2382
f 430/2383 414/2384 431/2385
f 414/2386 415/2387 431/2388
f 431/2389 415/2390 432/2391
f 415/2392 416/2393 432/2394
f 432/2395 416/2396 417/2397
f 416/2398 401/2399 417/2400
f 433/2401 417/2402 418/2403
f 434/2404 433/2405 418/2406
f 434/2407 418/2408 419/2409
f 435/2410 434/2411 419/2412
f 435/2413 419/2414 420/2415
f 436/2416 435/2417 420/2418
f 436/2419 420/2420 421/2421
f 437/2422 436/2423 421/2424
f 437/2425 421/2426 422/2427
f 438/2428 437/2429 422/2430
f 438/2431 422/2432 423/2433
f 439/2434 438/2435 423/2436
f 439/2437 423/2438 424/2439
f 440/2440 439/2441 424/2442
f 440/2443 424/2444 425/2445
f 441/2446 440/2447 425/2448
f 441/2449 425/2450 442/2451
f 425/2452 426/2453 442/2454
f 442/2455 426/2456 443/2457
f 426/2458 427/2459 443/2460
f 443/2461 427/2462 444/2463
f 427/2464 428/2465 444/2466
f 444/2467 428/2468 445/2469
f 428/2470 429/2471 445/2472
f 445/2473 429/2474 446/2475
f 429/2476 430/2477 446/2478
f 446/2479 430/2480 447/2481
f 430/2482 431/2483 447/2484
f 447/2485 431/2486 448/2487
f 431/2488 432/2489 448/2490
f 448/2491 432/2492 433/2493
f 432/2494 417/2495 433/2496
f 465/2497 449/2498 450/2499
f 466/2500 465/2501 450/2502
f 466/2503 450/2504 451/2505
f 467/2506 466/2507 451/2508
f 467/2509 451/2510 452/2511
f 468/2512 467/2513 452/2514
f 468/2515 452/2516 453/2517
f 469/2518 468/2519 453/2520
f 469/2521 453/2522 454/2523
f 470/2524 469/2525 454/2526
f 470/2527 454/2528 455/2529
f 471/2530 470/2531 455/2532
f 471/2533 455/2534 456/2535
f 472/2536 471/2537 456/2538
f 472/2539 456/2540 457/2541
f 473/2542 472/2543 457/2544
f 473/2545 457/2546 474/2547
f 457/2548 458/2549 474/2550
f 474/2551 458/2552 475/2553
f 458/2554 459/2555 475/2556
f 475/2557 459/2558 476/2559
f 459/2560 460/2561 476/2562
f 476/2563 460/2564 477/2565
f 460/2566 461/2567 477/2568
f 477/2569 461/2570 478/2571
f 461/2572 462/2573 478/2574
f 478/2575 462/2576 479/2577
f 462/2578 463/2579 479/2580
f 479/2581 463/2582 480/2583
f 463/2584 464/2585 480/2586
f 480/2587 464/2588 465/2589
f 464/2590 449/2591 465/2592
f 481/2593 465/2594 466/2595
f 482/2596 481/2597 466/2598
f 482/2599 466/2600 467/2601
f 483/2602 482/2603 467/2604
f 483/2605 467/2606 468/2607
f 484/2608 483/2609 468/2610
f 484/2611 468/2612 469/2613
f 485/2614 484/2615 469/2616
f 485/2617 469/2618 470/2619
f 486/2620 485/2621 470/2622
f 486/2623 470/2624 471/2625
f 487/2626 486/2627 471/2628
f 487/2629 471/2630 472/2631
f 488/2632 487/2633 472/2634
f 488/2635 472/2636 473/2637
f 489/2638 488/2639 473/2640
f 489/2641 473/2642 490/2643
f 473/2644 474/2645 490/2646
f 490/2647 474/2648 491/2649
f 474/2650 475/2651 491/2652
f 491/2653 475/2654 492/2655
f 475/2656 476/2657 492/2658
f 492/2659 476/2660 493/2661
f 476/2662 477/2663 493/2664
f 493/2665 477/2666 494/2667
f 477/2668 478/2669 494/2670
f 494/2671 478/2672 495/2673
f 478/2674 479/2675 495/2676
f 495/2677 479/2678 496/2679
f 479/2680 480/2681 496/2682
f 496/2683 480/2684 481/2685
f 480/2686 465/2687 481/2688
f 497/2689 481/2690 482/2691
f 498/2692 497/2693 482/2694
f 498/2695 482/2696 483/2697
f 499/2698 498/2699 483/2700
f 499/2701 483/2702 484/2703
f 500/2704 499/2705 484/2706
f 500/2707 484/2708 485/2709
f 501/2710 500/2711 485/2712
f 501/2713 485/2714 486/2715
f 502/2716 501/2717 486/2718
f 502/2719 486/2720 487/2721
f 503/2722 502/2723 487/2724
f 503/2725 487/2726 488/2727
f 504/2728 503/2729 488/2730
f 504/2731 488/2732 489/2733
f 505/2734 504/2735 489/2736
f 505/2737 489/2738 506/2739
f 489/2740 490/2741 506/2742
f 506/2743 490/2744 507/2745
f 490/2746 491/2747 507/2748
f 507/2749 491/2750 508/2751
f 491/2752 492/2753 508/2754
f 508/2755 492/2756 509/2757
f 492/2758 493/2759 509/2760
f 509/2761 493/2762 510/2763
f 493/2764 494/2765 510/2766
f 510/2767 494/2768 511/2769
f 494/2770 495/2771 511/2772
f 511/2773 495/2774 512/2775
f 495/2776 496/2777 512/2778
f 512/2779 496/2780 497/2781
f 496/2782 481/2783 497/2784
f 513/2785 497/2786 498/2787
f 514/2788 513/2789 498/2790
f 514/2791 498/2792 499/2793
f 515/2794 514/2795 499/2796
f 515/2797 499/2798 500/2799
f 516/2800 515/2801 500/2802
f 516/2803 500/2804 501/2805
f 517/2806 516/2807 501/2808
f 517/2809 501/2810 502/2811
f 518/2812 517/2813 502/2814
f 518/2815 502/2816 503/2817
f 519/2818 518/2819 503/2820
f 519/2821 503/2822 504/2823
f 520/2824 519/2825 504/2826
f 520/2827 504/2828 505/2829
f 521/2830 520/2831 505/2832
f 521/2833 505/2834 522/2835
f 505/2836 506/2837 522/2838
f 522/2839 506/2840 523/2841
f 506/2842 507/2843 523/2844
f 523/2845 507/2846 524/2847
f 507/2848 508/2849 524/2850
f 524/2851 508/2852 525/2853
f 508/2854 509/2855 525/2856
f 525/2857 509/2858 526/2859
f 509/2860 510/2861 526/2862
f 526/2863 510/2864 527/2865
f 510/2866 511/2867 527/2868
f 527/2869 511/2870 528/2871
f 511/2872 512/2873 528/2874
f 528/2875 512/2876 513/2877
f 512/2878 497/2879 513/2880
f 529/2881 513/2882 514/2883
f 530/2884 529/2885 514/2886
f 530/2887 514/2888 515/2889
f 531/2890 530/2891 515/2892
f 531/2893 515/2894 516/2895
f 532/2896 531/2897 516/2898
f 532/2899 516/2900 517/2901
f 533/2902 532/2903 517/2904
f 533/2905 517/2906 518/2907
f 534/2908 533/2909 518/2910
f 534/2911 518/2912 519/2913
f 535/2914 534/2915 519/2916
f 535/2917 519/2918 520/2919
f 536/2920 535/2921 520/2922
f 536/2923 520/2924 521/2925
f 537/2926 536/2927 521/2928
f 537/2929 521/2930 538/2931
f 521/2932 522/2933 538/2934
f 538/2935 522/2936 539/2937
f 522/2938 523/2939 539/2940
f 539/2941 523/2942 540/2943
f 523/2944 524/2945 540/2946
f 540/2947 524/2948 541/2949
f 524/2950 525/2951 541/2952
f 541/2953 525/2954 542/2955
f 525/2956 526/2957 542/2958
f 542/2959 526/2960 543/2961
f 526/2962 527/2963 543/2964
f 543/2965 527/2966 544/2967
f 527/2968 528/2969 544/2970
f 544/2971 528/2972 529/2973
f 528/2974 513/2975 529/2976
f 545/2977 529/2978 530/2979
f 546/2980 545/2981 530/2982
f 546/2983 530/2984 531/2985
f 547/2986 546/2987 531/2988
f 547/2989 531/2990 532/2991
f 548/2992 547/2993 532/2994
f 548/2995 532/2996 533/2997
f 549/2998 548/2999 533/3000
f 549/3001 533/3002 534/3003
f 550/3004 549/3005 534/3006
f 550/3007 534/3008 535/3009
f 551/3010 550/3011 535/3012
f 551/3013 535/3014 536/3015
f 552/3016 551/3017 536/3018
f 552/3019 536/3020 537/3021
f 553/3022 552/3023 537/3024
f 553/3025 537/3026 554/3027
f 537/3028 538/3029 554/3030
f 554/3031 538/3032 555/3033
f 538/3034 539/3035 555/3036
f 555/3037 539/3038 556/3039
f 539/3040 540/3041 556/3042
f 556/3043 540/3044 557/3045
f 540/3046 541/3047 557/3048
f 557/3049 541/3050 558/3051
f 541/3052 542/3053 558/3054
f 558/3055 542/3056 559/3057
f 542/3058 543/3059 559/3060
f 559/3061 543/3062 560/3063
f 543/3064 544/3065 560/3066
f 560/3067 544/3068 545/3069
f 544/3070 529/3071 545/3072
f 561/3073 545/3074 546/3075
f 562/3076 561/3077 546/3078
f 562/3079 546/3080 547/3081
f 563/3082 562/3083 547/3084
f 563/3085 547/3086 548/3087
f 564/3088 563/3089 548/3090
f 564/3091 548/3092 549/3093
f 565/3094 564/3095 549/3096
f 565/3097 549/3098 550/3099
f 566/3100 565/3101 550/3102
f 566/3103 550/3104 551/3105
f 567/3106 566/3107 551/3108
f 567/3109 551/3110 552/3111
f 568/3112 567/3113 552/3114
f 568/3115 552/3116 553/3117
f 569/3118 568/3119 553/3120
f 569/3121 553/3122 570/3123
f 553/3124 554/3125 570/3126
f 570/3127 554/3128 571/3129
f 554/3130 555/3131 571/3132
f 571/3133 555/3134 572/3135
f 555/3136 556/3137 572/3138
f 572/3139 556/3140 573/3141
f 556/3142 557/3143 573/3144
f 573/3145 557/3146 574/3147
f 557/3148 558/3149 574/3150
f 574/3151 558/3152 575/3153
f 558/3154 559/3155 575/3156
f 575/3157 559/3158 576/3159
f 559/3160 560/3161 576/3162
f 576/3163 560/3164 561/3165
f 560/3166 545/3167 561/3168
f 577/3169 561/3170 562/3171
f 578/3172 577/3173 562/3174
f 578/3175 562/3176 563/3177
f 579/3178 578/3179 563/3180
f 579/3181 563/3182 564/3183
f 580/3184 579/3185 564/3186
f 580/3187 564/3188 565/3189
f 581/3190 580/3191 565/3192
f 581/3193 565/3194 566/3195
f 582/3196 581/3197 566/3198
f 582/3199 566/3200 567/3201
f 583/3202 582/3203 567/3204
f 583/3205 567/3206 568/3207
f 584/3208 583/3209 568/3210
f 584/3211 568/3212 569/3213
f 585/3214 584/3215 569/3216
f 585/3217 569/3218 586/3219
f 569/3220 570/3221 586/3222
f 586/3223 570/3224 587/3225
f 570/3226 571/3227 587/3228
f 587/3229 571/3230 588/3231
f 571/3232 572/3233 588/3234
f 588/3235 572/3236 589/3237
f 572/3238 573/3239 589/3240
f 589/3241 573/3242 590/3243
f 573/3244 574/3245 590/3246
f 590/3247 574/3248 591/3249
f 574/3250 575/3251 591/3252
f 591/3253 575/3254 592/3255
f 575/3256 576/3257 592/3258
f 592/3259 576/3260 577/3261
f 576/3262 561/3263 577/3264
f 593/3265 577/3266 578/3267
f 594/3268 593/3269 578/3270
f 594/3271 578/3272 579/3273
f 595/3274 594/3275 579/3276
f 595/3277 579/3278 580/3279
f 596/3280 595/3281 580/3282
f 596/3283 580/3284 581/3285
f 597/3286 596/3287 581/3288
f 597/3289 581/3290 582/3291
f 598/3292 597/3293 582/3294
f 598/3295 582/3296 583/3297
f 599/3298 598/3299 583/3300
f 599/3301 583/3302 584/3303
f 600/3304 599/3305 584/3306
f 600/3307 584/3308 585/3309
f 601/3310 600/3311 585/3312
f 601/3313 585/3314 602/3315
f 585/3316 586/3317 602/3318
f 602/3319 586/3320 603/3321
f 586/3322 587/3323 603/3324
f 603/3325 587/3326 604/3327
f 587/3328 588/3329 604/3330
f 604/3331 588/3332 605/3333
f 588/3334 589/3335 605/3336
f 605/3337 589/3338 606/3339
f 589/3340 590/3341 606/3342
f 606/3343 590/3344 607/3345
f 590/3346 591/3347 607/3348
f 607/3349 591/3350 608/3351
f 591/3352 592/3353 608/3354
f 608/3355 592/3356 593/3357
f 592/3358 577/3359 593/3360
f 609/3361 593/3362 594/3363
f 610/3364 609/3365 594/3366
f 610/3367 594/3368 595/3369
f 611/3370 610/3371 595/3372
f 611/3373 595/3374 596/3375
f 612/3376 611/3377 596/3378
f 612/3379 596/3380 597/3381
f 613/3382 612/3383 597/3384
f 613/3385 597/3386 598/3387
f 614/3388 613/3389 598/3390
f 614/3391 598/3392 599/3393
f 615/3394 614/3395 599/3396
f 615/3397 599/3398 600/3399
f 616/3400 615/3401 600/3402
f 616/3403 600/3404 601/3405
f 617/3406 616/3407 601/3408
f 617/3409 601/3410 618/3411
f 601/3412 602/3413 618/3414
f 618/3415 602/3416 619/3417
f 602/3418 603/3419 619/3420
f 619/3421 603/3422 620/3423
f 603/3424 604/3425 620/3426
f 620/3427 604/3428 621/3429
f 604/3430 605/3431 621/3432
f 621/3433 605/3434 622/3435
f 605/3436 606/3437 622/3438
f 622/3439 606/3440 623/3441
f 606/3442 607/3443 623/3444
f 623/3445 607/3446 624/3447
f 607/3448 608/3449 624/3450
f 624/3451 608/3452 609/3453
f 608/3454 593/3455 609/3456
f 625/3457 609/3458 610/3459
f 626/3460 625/3461 610/3462
f 626/3463 610/3464 611/3465
f 627/3466 626/3467 611/3468
f 627/3469 611/3470 612/3471
f 628/3472 627/3473 612/3474
f 628/3475 612/3476 613/3477
f 629/3478 628/3479 613/3480
f 629/3481 613/3482 614/3483
f 630/3484 629/3485 614/3486
f 630/3487 614/3488 615/3489
f 631/3490 630/3491 615/3492
f 631/3493 615/3494 616/3495
f 632/3496 631/3497 616/3498
f 632/3499 616/3500 617/3501
f 633/3502 632/3503 617/3504
f 633/3505 617/3506 634/3507
f 617/3508 618/3509 634/3510
f 634/3511 618/3512 635/3513
f 618/3514 619/3515 635/3516
f 635/3517 619/3518 636/3519
f 619/3520 620/3521 636/3522
f 636/3523 620/3524 637/3525
f 620/3526 621/3527 637/3528
f 637/3529 621/3530 638/3531
f 621/3532 622/3533 638/3534
f 638/3535 622/3536 639/3537
f 622/3538 623/3539 639/3540
f 639/3541 623/3542 640/3543
f 623/3544 624/3545 640/3546
f 640/3547 624/3548 625/3549
f 624/3550 609/3551 625/3552
f 641/3553 625/3554 626/3555
f 642/3556 641/3557 626/3558
f 642/3559 626/3560 627/3561
f 643/3562 642/3563 627/3564
f 643/3565 627/3566 628/3567
f 644/3568 643/3569 628/3570
f 644/3571 628/3572 629/3573
f 645/3574 644/3575 629/3576
f 645/3577 629/3578 630/3579
f 646/3580 645/3581 630/3582
f 646/3583 630/3584 631/3585
f 647/3586 646/3587 631/3588
f 647/3589 631/3590 632/3591
f 648/3592 647/3593 632/3594
f 648/3595 632/3596 633/3597
f 649/3598 648/3599 633/3600
f 649/3601 633/3602 650/3603
f 633/3604 634/3605 650/3606
f 650/3607 634/3608 651/3609
f 634/3610 635/3611 651/3612
f 651/3613 635/3614 652/3615
f 635/3616 636/3617 652/3618
f 652/3619 636/3620 653/3621
f 636/3622 637/3623 653/3624
f 653/3625 637/3626 654/3627
f 637/3628 638/3629 654/3630
f 654/3631 638/3632 655/3633
f 638/3634 639/3635 655/3636
f 655/3637 639/3638 656/3639
f 639/3640 640/3641 656/3642
f 656/3643 640/3644 641/3645
f 640/3646 625/3647 641/3648
f 657/3649 641/3650 642/3651
f 658/3652 657/3653 642/3654
f 658/3655 642/3656 643/3657
f 659/3658 658/3659 643/3660
f 659/3661 643/3662 644/3663
f 660/3664 659/3665 644/3666
f 660/3667 644/3668 645/3669
f 661/3670 660/3671 645/3672
f 661/3673 645/3674 646/3675
f 662/3676 661/3677 646/3678
f 662/3679 646/3680 647/3681
f 663/3682 662/3683 647/3684
f 663/3685 647/3686 648/3687
f 664/3688 663/3689 648/3690
f 664/3691 648/3692 649/3693
f 665/3694 664/3695 649/3696
f 665/3697 649/3698 666/3699
f 649/3700 650/3701 666/3702
f 666/3703 650/3704 667/3705
f 650/3706 651/3707 667/3708
f 667/3709 651/3710 668/3711
f 651/3712 652/3713 668/3714
f 668/3715 652/3716 669/3717
f 652/3718 653/3719 669/3720
f 669/3721 653/3722 670/3723
f 653/3724 654/3725 670/3726
f 670/3727 654/3728 671/3729
f 654/3730 655/3731 671/3732
f 671/3733 655/3734 672/3735
f 655/3736 656/3737 672/3738
f 672/3739 656/3740 657/3741
f 656/3742 641/3743 657/3744
f 689/3745 673/3746 674/3747
f 690/3748 689/3749 674/3750
f 690/3751 674/3752 675/3753
f 691/3754 690/3755 675/3756
f 691/3757 675/3758 676/3759
f 692/3760 691/3761 676/3762
f 692/3763 676/3764 677/3765
f 693/3766 692/3767 677/3768
f 693/3769 677/3770 678/3771
f 694/3772 693/3773 678/3774
f 694/3775 678/3776 679/3777
f 695/3778 694/3779 679/3780
f 695/3781 679/3782 680/3783
f 696/3784 695/3785 680/3786
f 696/3787 680/3788 681/3789
f 697/3790 696/3791 681/3792
f 697/3793 681/3794 698/3795
f 681/3796 682/3797 698/3798
f 698/3799 682/3800 699/3801
f 682/3802 683/3803 699/3804
f 699/3805 683/3806 700/3807
f 683/3808 684/3809 700/3810
f 700/3811 684/3812 701/3813
f 684/3814 685/3815 701/3816
f 701/3817 685/3818 702/3819
f 685/3820 686/3821 702/3822
f 702/3823 686/3824 703/3825
f 686/3826 687/3827 703/3828
f 703/3829 687/3830 704/3831
f 687/3832 688/3833 704/3834
f 704/3835 688/3836 689/3837
f 688/3838 673/3839 689/3840
f 705/3841 689/3842 690/3843
f 706/3844 705/3845 690/3846
f 706/3847 690/3848 691/3849
f 707/3850 706/3851 691/3852
f 707/3853 691/3854 692/3855
f 708/3856 707/3857 692/3858
f 708/3859 692/3860 693/3861
f 709/3862 708/3863 693/3864
f 709/3865 693/3866 694/3867
f 710/3868 709/3869 694/3870
f 710/3871 694/3872 695/3873
f 711/3874 710/3875 695/3876
f 711/3877 695/3878 696/3879
f 712/3880 711/3881 696/3882
f 712/3883 696/3884 697/3885
f 713/3886 712/3887 697/3888
f 713/3889 697/3890 714/3891
f 697/3892 698/3893 714/3894
f 714/3895 698/3896 715/3897
f 698/3898 699/3899 715/3900
f 715/3901 699/3902 716/3903
f 699/3904 700/3905 716/3906
f 716/3907 700/3908 717/3909
f 700/3910 701/3911 717/3912
f 717/3913 701/3914 718/3915
f 701/3916 702/3917 718/3918
f 718/3919 702/3920 719/3921
f 702/3922 703/3923 719/3924
f 719/3925 703/3926 720/3927
f 703/3928 704/3929 720/3930
f 720/3931 704/3932 705/3933
f 704/3934 689/3935 705/3936
f 721/3937 705/3938 706/3939
f 722/3940 721/3941 706/3942
f 722/3943 706/3944 707/3945
f 723/3946 722/3947 707/3948
f 723/3949 707/3950 708/3951
f 724/3952 723/3953 708/3954
f 724/3955 708/3956 709/3957
f 725/3958 724/3959 709/3960
f 725/3961 709/3962 710/3963
f 726/3964 725/3965 710/3966
f 726/3967 710/3968 711/3969
f 727/3970 726/3971 711/3972
f 727/3973 711/3974 712/3975
f 728/3976 727/3977 712/3978
f 728/3979 712/3980 713/3981
f 729/3982 728/3983 713/3984
f 729/3985 713/3986 730/3987
f 713/3988 714/3989 730/3990
f 730/3991 714/3992 731/3993
f 714/3994 715/3995 731/3996
f 731/3997 715/3998 732/3999
f 715/4000 716/4001 732/4002
f 732/4003 716/4004 733/4005
f 716/4006 717/4007 733/4008
f 733/4009 717/4010 734/4011
f 717/4012 718/4013 734/4014
f 734/4015 718/4016 735/4017
f 718/4018 719/4019 735/4020
f 735/4021 719/4022 736/4023
f 719/4024 720/4025 736/4026
f 736/4027 720/4028 721/4029
f 720/4030 705/4031 721/4032
f 737/4033 721/4034 722/4035
f 738/4036 737/4037 722/4038
f 738/4039 722/4040 723/4041
f 739/4042 738/4043 723/4044
f 739/4045 723/4046 724/4047
f 740/4048 739/4049 724/4050
f 740/4051 724/4052 725/4053
f 741/4054 740/4055 725/4056
f 741/4057 725/4058 726/4059
f 742/4060 741/4061 726/4062
f 742/4063 726/4064 727/4065
f 743/4066 742/4067 727/4068
f 743/4069 727/4070 728/4071
f 744/4072 743/4073 728/4074
f 744/4075 728/4076 729/4077
f 745/4078 744/4079 729/4080
f 745/4081 729/4082 746/4083
f 729/4084 730/4085 746/4086
f 746/4087 730/4088 747/4089
f 730/4090 731/4091 747/4092
f 747/4093 731/4094 748/4095
f 731/4096 732/4097 748/4098
f 748/4099 732/4100 749/4101
f 732/4102 733/4103 749/4104
f 749/4105 733/4106 750/4107
f 733/4108 734/4109 750/4110
f 750/4111 734/4112 751/4113
f 734/4114 735/4115 751/4116
f 751/4117 735/4118 752/4119
f 735/4120 736/4121 752/4122
f 752/4123 736/4124 737/4125
f 736/4126 721/4127 737/4128
f 753/4129 737/4130 738/4131
f 754/4132 753/4133 738/4134
f 754/4135 738/4136 739/4137
f 755/4138 754/4139 739/4140
f 755/4141 739/4142 740/4143
f 756/4144 755/4145 740/4146
f 756/4147 740/4148 741/4149
f 757/4150 756/4151 741/4152
f 757/4153 741/4154 742/4155
f 758/4156 757/4157 742/4158
f 758/4159 742/4160 743/4161
f 759/4162 758/4163 743/4164
f 759/4165 743/4166 744/4167
f 760/4168 759/4169 744/4170
f 760/4171 744/4172 745/4173
f 761/4174 760/4175 745/4176
f 761/4177 745/4178 762/4179
f 745/4180 746/4181 762/4182
f 762/4183 746/4184 763/4185
f 746/4186 747/4187 763/4188
f 763/4189 747/4190 764/4191
f 747/4192 748/4193 764/4194
f 764/4195 748/4196 765/4197
f 748/4198 749/4199 765/4200
f 765/4201 749/4202 766/4203
f 749/4204 750/4205 766/4206
f 766/4207 750/4208 767/4209
f 750/4210 751/4211 767/4212
f 767/4213 751/4214 768/4215
f 751/4216 752/4217 768/4218
f 768/4219 752/4220 753/4221
f 752/4222 737/4223 753/4224
f 769/4225 753/4226 754/4227
f 770/4228 769/4229 754/4230
f 770/4231 754/4232 755/4233
f 771/4234 770/4235 755/4236
f 771/4237 755/4238 756/4239
f 772/4240 771/4241 756/4242
f 772/4243 756/4244 757/4245
f 773/4246 772/4247 757/4248
f 773/4249 757/4250 758/4251
f 774/4252 773/4253 758/4254
f 774/4255 758/4256 759/4257
f 775/4258 774/4259 759/4260
f 775/4261 759/4262 760/4263
f 776/4264 775/4265 760/4266
f 776/4267 760/4268 761/4269
f 777/4270 776/4271 761/4272
f 777/4273 761/4274 778/4275
f 761/4276 762/4277 778/4278
f 778/4279 762/4280 779/4281
f 762/4282 763/4283 779/4284
f 779/4285 763/4286 780/4287
f 763/4288 764/4289 780/4290
f 780/4291 764/4292 781/4293
f 764/4294 765/4295 781/4296
f 781/4297 765/4298 782/4299
f 765/4300 766/4301 782/4302
f 782/4303 766/4304 783/4305
f 766/4306 767/4307 783/4308
f 783/4309 767/4310 784/4311
f 767/4312 768/4313 784/4314
f 784/4315 768/4316 769/4317
f 768/4318 753/4319 769/4320
f 785/4321 769/4322 770/4323
f 786/4324 785/4325 770/4326
f 786/4327 770/4328 771/4329
f 787/4330 786/4331 771/4332
f 787/4333 771/4334 772/4335
f 788/4336 787/4337 772/4338
f 788/4339 772/4340 773/4341
f 789/4342 788/4343 773/4344
f 789/4345 773/4346 774/4347
f 790/4348 789/4349 774/4350
f 790/4351 774/4352 775/4353
f 791/4354 790/4355 775/4356
f 791/4357 775/4358 776/4359
f 792/4360 791/4361 776/4362
f 792/4363 776/4364 777/4365
f 793/4366 792/4367 777/4368
f 793/4369 777/4370 794/4371
f 777/4372 778/4373 794/4374
f 794/4375 778/4376 795/4377
f 778/4378 779/4379 795/4380
f 795/4381 779/4382 796/4383
f 779/4384 780/4385 796/4386
f 796/4387 780/4388 797/4389
f 780/4390 781/4391 797/4392
f 797/4393 781/4394 798/4395
f 781/4396 782/4397 798/4398
f 798/4399 782/4400 799/4401
f 782/4402 783/4403 799/4404
f 799/4405 783/4406 800/4407
f 783/4408 784/4409 800/4410
f 800/4411 784/4412 785/4413
f 784/4414 769/4415 785/4416
f 801/4417 785/4418 786/4419
f 802/4420 801/4421 786/4422
f 802/4423 786/4424 787/4425
f 803/4426 802/4427 787/4428
f 803/4429 787/4430 788/4431
f 804/4432 803/4433 788/4434
f 804/4435 788/4436 789/4437
f 805/4438 804/4439 789/4440
f 805/4441 789/4442 790/4443
f 806/4444 805/4445 790/4446
f 806/4447 790/4448 791/4449
f 807/4450 806/4451 791/4452
f 807/4453 791/4454 792/4455
f 808/4456 807/4457 792/4458
f 808/4459 792/4460 793/4461
f 809/4462 808/4463 793/4464
f 809/4465 793/4466 810/4467
f 793/4468 794/4469 810/4470
f 810/4471 794/4472 811/4473
f 794/4474 795/4475 811/4476
f 811/4477 795/4478 812/4479
f 795/4480 796/4481 812/4482
f 812/4483 796/4484 813/4485
f 796/4486 797/4487 813/4488
f 813/4489 797/4490 814/4491
f 797/4492 798/4493 814/4494
f 814/4495 798/4496 815/4497
f 798/4498 799/4499 815/4500
f 815/4501 799/4502 816/4503
f 799/4504 800/4505 816/4506
f 816/4507 800/4508 801/4509
f 800/4510 785/4511 801/4512
f 817/4513 801/4514 802/4515
f 818/4516 817/4517 802/4518
f 818/4519 802/4520 803/4521
f 819/4522 818/4523 803/4524
f 819/4525 803/4526 804/4527
f 820/4528 819/4529 804/4530
f 820/4531 804/4532 805/4533
f 821/4534 820/4535 805/4536
f 821/4537 805/4538 806/4539
f 822/4540 821/4541 806/4542
f 822/4543 806/4544 807/4545
f 823/4546 822/4547 807/4548
f 823/4549 807/4550 808/4551
f 824/4552 823/4553 808/4554
f 824/4555 808/4556 809/4557
f 825/4558 824/4559 809/4560
f 825/4561 809/4562 826/4563
f 809/4564 810/4565 826/4566
f 826/4567 810/4568 827/4569
f 810/4570 811/4571 827/4572
f 827/4573 811/4574 828/4575
f 811/4576 812/4577 828/4578
f 828/4579 812/4580 829/4581
f 812/4582 813/4583 829/4584
f 829/4585 813/4586 830/4587
f 813/4588 814/4589 830/4590
f 830/4591 814/4592 831/4593
f 814/4594 815/4595 831/4596
f 831/4597 815/4598 832/4599
f 815/4600 816/4601 832/4602
f 832/4603 816/4604 817/4605
f 816/4606 801/4607 817/4608
f 833/4609 817/4610 818/4611
f 834/4612 833/4613 818/4614
f 834/4615 818/4616 819/4617
f 835/4618 834/4619 819/4620
f 835/4621 819/4622 820/4623
f 836/4624 835/4625 820/4626
f 836/4627 820/4628 821/4629
f 837/4630 836/4631 821/4632
f 837/4633 821/4634 822/4635
f 838/4636 837/4637 822/4638
f 838/4639 822/4640 823/4641
f 839/4642 838/4643 823/4644
f 839/4645 823/4646 824/4647
f 840/4648 839/4649 824/4650
f 840/4651 824/4652 825/4653
f 841/4654 840/4655 825/4656
f 841/4657 825/4658 842/4659
f 825/4660 826/4661 842/4662
f 842/4663 826/4664 843/4665
f 826/4666 827/4667 843/4668
f 843/4669 827/4670 844/4671
f 827/4672 828/4673 844/4674
f 844/4675 828/4676 845/4677
f 828/4678 829/4679 845/4680
f 845/4681 829/4682 846/4683
f 829/4684 830/4685 846/4686
f 846/4687 830/4688 847/4689
f 830/4690 831/4691 847/4692
f 847/4693 831/4694 848/4695
f 831/4696 832/4697 848/4698
f 848/4699 832/4700 833/4701
f 832/4702 817/4703 833/4704
f 849/4705 833/4706 834/4707
f 850/4708 849/4709 834/4710
f 850/4711 834/4712 835/4713
f 851/4714 850/4715 835/4716
f 851/4717 835/4718 836/4719
f 852/4720 851/4721 836/4722
f 852/4723 836/4724 837/4725
f 853/4726 852/4727 837/4728
f 853/4729 837/4730 838/4731
f 854/4732 853/4733 838/4734
f 854/4735 838/4736 839/4737
f 855/4738 854/4739 839/4740
f 855/4741 839/4742 840/4743
f 856/4744 855/4745 840/4746
f 856/4747 840/4748 841/4749
f 857/4750 856/4751 841/4752
f 857/4753 841/4754 858/4755
f 841/4756 842/4757 858/4758
f 858/4759 842/4760 859/4761
f 842/4762 843/4763 859/4764
f 859/4765 843/4766 860/4767
f 843/4768 844/4769 860/4770
f 860/4771 844/4772 861/4773
f 844/4774 845/4775 861/4776
f 861/4777 845/4778 862/4779
f 845/4780 846/4781 862/4782
f 862/4783 846/4784 863/4785
f 846/4786 847/4787 863/4788
f 863/4789 847/4790 864/4791
f 847/4792 848/4793 864/4794
f 864/4795 848/4796 849/4797
f 848/4798 833/4799 849/4800
f 865/4801 849/4802 850/4803
f 866/4804 865/4805 850/4806
f 866/4807 850/4808 851/4809
f 867/4810 866/4811 851/4812
f 867/4813 851/4814 852/4815
f 868/4816 867/4817 852/4818
f 868/4819 852/4820 853/4821
f 869/4822 868/4823 853/4824
f 869/4825 853/4826 854/4827
f 870/4828 869/4829 854/4830
f 870/4831 854/4832 855/4833
f 871/4834 870/4835 855/4836
f 871/4837 855/4838 856/4839
f 872/4840 871/4841 856/4842
f 872/4843 856/4844 857/4845
f 873/4846 872/4847 857/4848
f 873/4849 857/4850 874/4851
f 857/4852 858/4853 874/4854
f 874/4855 858/4856 875/4857
f 858/4858 859/4859 875/4860
f 875/4861 859/4862 876/4863
f 859/4864 860/4865 876/4866
f 876/4867 860/4868 877/4869
f 860/4870 861/4871 877/4872
f 877/4873 861/4874 878/4875
f 861/4876 862/4877 878/4878
f 878/4879 862/4880 879/4881
f 862/4882 863/4883 879/4884
f 879/4885 863/4886 880/4887
f 863/4888 864/4889 880/4890
f 880/4891 864/4892 865/4893
f 864/4894 849/4895 865/4896
f 881/4897 865/4898 866/4899
f 882/4900 881/4901 866/4902
f 882/4903 866/4904 867/4905
f 883/4906 882/4907 867/4908
f 883/4909 867/4910 868/4911
f 884/4912 883/4913 868/4914
f 884/4915 868/4916 869/4917
f 885/4918 884/4919 869/4920
f 885/4921 869/4922 870/4923
f 886/4924 885/4925 870/4926
f 886/4927 870/4928 871/4929
f 887/4930 886/4931 871/4932
f 887/4933 871/4934 872/4935
f 888/4936 887/4937 872/4938
f 888/4939 872/4940 873/4941
f 889/4942 888/4943 873/4944
f 889/4945 873/4946 890/4947
f 873/4948 874/4949 890/4950
f 890/4951 874/4952 891/4953
f 874/4954 875/4955 891/4956
f 891/4957 875/4958 892/4959
f 875/4960 876/4961 892/4962
f 892/4963 876/4964 893/4965
f 876/4966 877/4967 893/4968
f 893/4969 877/4970 894/4971
f 877/4972 878/4973 894/4974
f 894/4975 878/4976 895/4977
f 878/4978 879/4979 895/4980
f 895/4981 879/4982 896/4983
f 879/4984 880/4985 896/4986
f 896/4987 880/4988 881/4989
f 880/4990 865/4991 881/4992
f 913/4993 897/4994 898/4995
f 914/4996 913/4997 898/4998
f 914/4999 898/5000 899/5001
f 915/5002 914/5003 899/5004
f 915/5005 899/5006 900/5007
f 916/5008 915/5009 900/5010
f 916/5011 900/5012 901/5013
f 917/5014 916/5015 901/5016
f 917/5017 901/5018 902/5019
f 918/5020 917/5021 902/5022
f 918/5023 902/5024 903/5025
f 919/5026 918/5027 903/5028
f 919/5029 903/5030 904/5031
f 920/5032 919/5033 904/5034
f 920/5035 904/5036 905/5037
f 921/5038 920/5039 905/5040
f 921/5041 905/5042 922/5043
f 905/5044 906/5045 922/5046
f 922/5047 906/5048 923/5049
f 906/5050 907/5051 923/5052
f 923/5053 907/5054 924/5055
f 907/5056 908/5057 924/5058
f 924/5059 908/5060 925/5061
f 908/5062 909/5063 925/5064
f 925/5065 909/5066 926/5067
f 909/5068 910/5069 926/5070
f 926/5071 910/5072 927/5073
f 910/5074 911/5075 927/5076
f 927/5077 911/5078 928/5079
f 911/5080 912/5081 928/5082
f 928/5083 912/5084 913/5085
f 912/5086 897/5087 913/5088
f 929/5089 913/5090 914/5091
f 930/5092 929/5093 914/5094
f 930/5095 914/5096 915/5097
f 931/5098 930/5099 915/5100
f 931/5101 915/5102 916/5103
f 932/5104 931/5105 916/5106
f 932/5107 916/5108 917/5109
f 933/5110 932/5111 917/5112
f 933/5113 917/5114 918/5115
f 934/5116 933/5117 918/5118
f 934/5119 918/5120 919/5121
f 935/5122 934/5123 919/5124
f 935/5125 919/5126 920/5127
f 936/5128 935/5129 920/5130
f 936/5131 920/5132 921/5133
f 937/5134 936/5135 921/5136
f 937/5137 921/5138 938/5139
f 921/5140 922/5141 938/5142
f 938/5143 922/5144 939/5145
f 922/5146 923/5147 939/5148
f 939/5149 923/5150 940/5151
f 923/5152 924/5153 940/5154
f 940/5155 924/5156 941/5157
f 924/5158 925/5159 941/5160
f 941/5161 925/5162 942/5163
f 925/5164 926/5165 942/5166
f 942/5167 926/5168 943/5169
f 926/5170 927/5171 943/5172
f 943/5173 927/5174 944/5175
f 927/5176 928/5177 944/5178
f 944/5179 928/5180 929/5181
f 928/5182 913/5183 929/5184
f 945/5185 929/5186 930/5187
f 946/5188 945/5189 930/5190
f 946/5191 930/5192 931/5193
f 947/5194 946/5195 931/5196
f 947/5197 931/5198 932/5199
f 948/5200 947/5201 932/5202
f 948/5203 932/5204 933/5205
f 949/5206 948/5207 933/5208
f 949/5209 933/5210 934/5211
f 950/5212 949/5213 934/5214
f 950/5215 934/5216 935/5217
f 951/5218 950/5219 935/5220
f 951/5221 935/5222 936/5223
f 952/5224 951/5225 936/5226
f 952/5227 936/5228 937/5229
f 953/5230 952/5231 937/5232
f 953/5233 937/5234 954/5235
f 937/5236 938/5237 954/5238
f 954/5239 938/5240 955/5241
f 938/5242 939/5243 955/5244
f 955/5245 939/5246 956/5247
f 939/5248 940/5249 956/5250
f 956/5251 940/5252 957/5253
f 940/5254 941/5255 957/5256
f 957/5257 941/5258 958/5259
f 941/5260 942/5261 958/5262
f 958/5263 942/5264 959/5265
f 942/5266 943/5267 959/5268
f 959/5269 943/5270 960/5271
f 943/5272 944/5273 960/5274
f 960/5275 944/5276 945/5277
f 944/5278 929/5279 945/5280
f 961/5281 945/5282 946/5283
f 962/5284 961/5285 946/5286
f 962/5287 946/5288 947/5289
f 963/5290 962/5291 947/5292
f 963/5293 947/5294 948/5295
f 964/5296 963/5297 948/5298
f 964/5299 948/5300 949/5301
f 965/5302 964/5303 949/5304
f 965/5305 949/5306 950/5307
f 966/5308 965/5309 950/5310
f 966/5311 950/5312 951/5313
f 967/5314 966/5315 951/5316
f 967/5317 951/5318 952/5319
f 968/5320 967/5321 952/5322
f 968/5323 952/5324 953/5325
f 969/5326 968/5327 953/5328
f 969/5329 953/5330 970/5331
f 953/5332 954/5333 970/5334
f 970/5335 954/5336 971/5337
f 954/5338 955/5339 971/5340
f 971/5341 955/5342 972/5343
f 955/5344 956/5345 972/5346
f 972/5347 956/5348 973/5349
f 956/5350 957/5351 973/5352
f 973/5353 957/5354 974/5355
f 957/5356 958/5357 974/5358
f 974/5359 958/5360 975/5361
f 958/5362 959/5363 975/5364
f 975/5365 959/5366 976/5367
f 959/5368 960/5369 976/5370
f 976/5371 960/5372 961/5373
f 960/5374 945/5375 961/5376
f 977/5377 961/5378 962/5379
f 978/5380 977/5381 962/5382
f 978/5383 962/5384 963/5385
f 979/5386 978/5387 963/5388
f 979/5389 963/5390 964/5391
f 980/5392 979/5393 964/5394
f 980/5395 964/5396 965/5397
f 981/5398 980/5399 965/5400
f 981/5401 965/5402 966/5403
f 982/5404 981/5405 966/5406
f 982/5407 966/5408 967/5409
f 983/5410 982/5411 967/5412
f 983/5413 967/5414 968/5415
f 984/5416 983/5417 968/5418
f 984/5419 968/5420 969/5421
f 985/5422 984/5423 969/5424
f 985/5425 969/5426 986/5427
f 969/5428 970/5429 986/5430
f 986/5431 970/5432 987/5433
f 970/5434 971/5435 987/5436
f 987/5437 971/5438 988/5439
f 971/5440 972/5441 988/5442
f 988/5443 972/5444 989/5445
f 972/5446 973/5447 989/5448
f 989/5449 973/5450 990/5451
f 973/5452 974/5453 990/5454
f 990/5455 974/5456 991/5457
f 974/5458 975/5459 991/5460
f 991/5461 975/5462 992/5463
f 975/5464 976/5465 992/5466
f 992/5467 976/5468 977/5469
f 976/5470 961/5471 977/5472
f 993/5473 977/5474 978/5475
f 994/5476 993/5477 978/5478
f 994/5479 978/5480 979/5481
f 995/5482 994/5483 979/5484
f 995/5485 979/5486 980/5487
f 996/5488 995/5489 980/5490
f 996/5491 980/5492 981/5493
f 997/5494 996/5495 981/5496
f 997/5497 981/5498 982/5499
f 998/5500 997/5501 982/5502
f 998/5503 982/5504 983/5505
f 999/5506 998/5507 983/5508
f 999/5509 983/5510 984/5511
f 1000/5512 999/5513 984/5514
f 1000/5515 984/5516 985/5517
f 1001/5518 1000/5519 985/5520
f 1001/5521 985/5522 1002/5523
f 985/5524 986/5525 1002/5526
f 1002/5527 986/5528 1003/5529
f 986/5530 987/5531 1003/5532
f 1003/5533 987/5534 1004/5535
f 987/5536 988/5537 1004/5538
f 1004/5539 988/5540 1005/5541
f 988/5542 989/5543 1005/5544
f 1005/5545 989/5546 1006/5547
f 989/5548 990/5549 1006/5550
f 1006/5551 990/5552 1007/5553
f 990/5554 991/5555 1007/5556
f 1007/5557 991/5558 1008/5559
f 991/5560 992/5561 1008/5562
f 1008/5563 992/5564 993/5565
f 992/5566 977/5567 993/5568
f 1009/5569 993/5570 994/5571
f 1010/5572 1009/5573 994/5574
f 1010/5575 994/5576 995/5577
f 1011/5578 1010/5579 995/5580
f 1011/5581 995/5582 996/5583
f 1012/5584 1011/5585 996/5586
f 1012/5587 996/5588 997/5589
f 1013/5590 1012/5591 997/5592
f 1013/5593 997/5594 998/5595
f 1014/5596 1013/5597 998/5598
f 1014/5599 998/5600 999/5601
f 1015/5602 1014/5603 999/5604
f 1015/5605 999/5606 1000/5607
f 1016/5608 1015/5609 1000/5610
f 1016/5611 1000/5612 1001/5613
f 1017/5614 1016/5615 1001/5616
f 1017/5617 1001/5618 1018/5619
f 1001/5620 1002/5621 1018/5622
f 1018/5623 1002/5624 1019/5625
f 1002/5626 1003/5627 1019/5628
f 1019/5629 1003/5630 1020/5631
f 1003/5632 1004/5633 1020/5634
f 1020/5635 1004/5636 1021/5637
f 1004/5638 1005/5639 1021/5640
f 1021/5641 1005/5642 1022/5643
f 1005/5644 1006/5645 1022/5646
f 1022/5647 1006/5648 1023/5649
f 1006/5650 1007/5651 1023/5652
f 1023/5653 1007/5654 1024/5655
f 1007/5656 1008/5657 1024/5658
f 1024/5659 1008/5660 1009/5661
f 1008/5662 993/5663 1009/5664
f 1025/5665 1009/5666 1010/5667
f 1026/5668 1025/5669 1010/5670
f 1026/5671 1010/5672 1011/5673
f 1027/5674 1026/5675 1011/5676
f 1027/5677 1011/5678 1012/5679
f 1028/5680 1027/5681 1012/5682
f 1028/5683 1012/5684 1013/5685
f 1029/5686 1028/5687 1013/5688
f 1029/5689 1013/5690 1014/5691
f 1030/5692 1029/5693 1014/5694
f 1030/5695 1014/5696 1015/5697
f 1031/5698 1030/5699 1015/5700
f 1031/5701 1015/5702 1016/5703
f 1032/5704 1031/5705 1016/5706
f 1032/5707 1016/5708 1017/5709
f 1033/5710 1032/5711 1017/5712
f 1033/5713 1017/5714 1034/5715
f 1017/5716 1018/5717 1034/5718
f 1034/5719 1018/5720 1035/5721
f 1018/5722 1019/5723 1035/5724
f 1035/5725 1019/5726 1036/5727
f 1019/5728 1020/5729 1036/5730
f 1036/5731 1020/5732 1037/5733
f 1020/5734 1021/5735 1037/5736
f 1037/5737 1021/5738 1038/5739
f 1021/5740 1022/5741 1038/5742
f 1038/5743 1022/5744 1039/5745
f 1022/5746 1023/5747 1039/5748
f 1039/5749 1023/5750 1040/5751
f 1023/5752 1024/5753 1040/5754
f 1040/5755 1024/5756 1025/5757
f 1024/5758 1009/5759 1025/5760
f 1041/5761 1025/5762 1026/5763
f 1042/5764 1041/5765 1026/5766
f 1042/5767 1026/5768 1027/5769
f 1043/5770 1042/5771 1027/5772
f 1043/5773 1027/5774 1028/5775
f 1044/5776 1043/5777 1028/5778
f 1044/5779 1028/5780 1029/5781
f 1045/5782 1044/5783 1029/5784
f 1045/5785 1029/5786 1030/5787
f 1046/5788 1045/5789 1030/5790
f 1046/5791 1030/5792 1031/5793
f 1047/5794 1046/5795 1031/5796
f 1047/5797 1031/5798 1032/5799
f 1048/5800 1047/5801 1032/5802
f 1048/5803 1032/5804 1033/5805
f 1049/5806 1048/5807 1033/5808
f 1049/5809 1033/5810 1050/5811
f 1033/5812 1034/5813 1050/5814
f 1050/5815 1034/5816 1051/5817
f 1034/5818 1035/5819 1051/5820
f 1051/5821 1035/5822 1052/5823
f 1035/5824 1036/5825 1052/5826
f 1052/5827 1036/5828 1053/5829
f 1036/5830 1037/5831 1053/5832
f 1053/5833 1037/5834 1054/5835
f 1037/5836 1038/5837 1054/5838
f 1054/5839 1038/5840 1055/5841
f 1038/5842 1039/5843 1055/5844
f 1055/5845 1039/5846 1056/5847
f 1039/5848 1040/5849 1056/5850
f 1056/5851 1040/5852 1041/5853
f 1040/5854 1025/5855 1041/5856
f 1057/5857 1041/5858 1042/5859
f 1058/5860 1057/5861 1042/5862
f 1058/5863 1042/5864 1043/5865
f 1059/5866 1058/5867 1043/5868
f 1059/5869 1043/5870 1044/5871
f 1060/5872 1059/5873 1044/5874
f 1060/5875 1044/5876 1045/5877
f 1061/5878 1060/5879 1045/5880
f 1061/5881 1045/5882 1046/5883
f 1062/5884 1061/5885 1046/5886
f 1062/5887 1046/5888 1047/5889
f 1063/5890 1062/5891 1047/5892
f 1063/5893 1047/5894 1048/5895
f 1064/5896 1063/5897 1048/5898
f 1064/5899 1048/5900 1049/5901
f 1065/5902 1064/5903 1049/5904
f 1065/5905 1049/5906 1066/5907
f 1049/5908 1050/5909 1066/5910
f 1066/5911 1050/5912 1067/5913
f 1050/5914 1051/5915 1067/5916
f 1067/5917 1051/5918 1068/5919
f 1051/5920 1052/5921 1068/5922
f 1068/5923 1052/5924 1069/5925
f 1052/5926 1053/5927 1069/5928
f 1069/5929 1053/5930 1070/5931
f 1053/5932 1054/5933 1070/5934
f 1070/5935 1054/5936 1071/5937
f 1054/5938 1055/5939 1071/5940
f 1071/5941 1055/5942 1072/5943
f 1055/5944 1056/5945 1072/5946
f 1072/5947 1056/5948 1057/5949
f 1056/5950 1041/5951 1057/5952
f 1073/5953 1057/5954 1058/5955
f 1074/5956 1073/5957 1058/5958
f 1074/5959 1058/5960 1059/5961
f 1075/5962 1074/5963 1059/5964
f 1075/5965 1059/5966 1060/5967
f 1076/5968 1075/5969 1060/5970
f 1076/5971 1060/5972 1061/5973
f 1077/5974 1076/5975 1061/5976
f 1077/5977 1061/5978 1062/5979
f 1078/5980 1077/5981 1062/5982
f 1078/5983 1062/5984 1063/5985
f 1079/5986 1078/5987 1063/5988
f 1079/5989 1063/5990 1064/5991
f 1080/5992 1079/5993 1064/5994
f 1080/5995 1064/5996 1065/5997
f 1081/5998 1080/5999 1065/6000
f 1081/6001 1065/6002 1082/6003
f 1065/6004 1066/6005 1082/6006
f 1082/6007 1066/6008 1083/6009
f 1066/6010 1067/6011 1083/6012
f 1083/6013 1067/6014 1084/6015
f 1067/6016 1068/6017 1084/6018
f 1084/6019 1068/6020 1085/6021
f 1068/6022 1069/6023 1085/6024
f 1085/6025 1069/6026 1086/6027
f 1069/6028 1070/6029 1086/6030
f 1086/6031 1070/6032 1087/6033
f 1070/6034 1071/6035 1087/6036
f 1087/6037 1071/6038 1088/6039
f 1071/6040 1072/6041 1088/6042
f 1088/6043 1072/6044 1073/6045
f 1072/6046 1057/6047 1073/6048
f 1089/6049 1073/6050 1074/6051
f 1090/6052 1089/6053 1074/6054
f 1090/6055 1074/6056 1075/6057
f 1091/6058 1090/6059 1075/6060
f 1091/6061 1075/6062 1076/6063
f 1092/6064 1091/6065 1076/6066
f 1092/6067 1076/6068 1077/6069
f 1093/6070 1092/6071 1077/6072
f 1093/6073 1077/6074 1078/6075
f 1094/6076 1093/6077 1078/6078
f 1094/6079 1078/6080 1079/6081
f 1095/6082 1094/6083 1079/6084
f 1095/6085 1079/6086 1080/6087
f 1096/6088 1095/6089 1080/6090
f 1096/6091 1080/6092 1081/6093
f 1097/6094 1096/6095 1081/6096
f 1097/6097 1081/6098 1098/6099
f 1081/6100 1082/6101 1098/6102
f 1098/6103 1082/6104 1099/6105
f 1082/6106 1083/6107 1099/6108
f 1099/6109 1083/6110 1100/6111
f 1083/6112 1084/6113 1100/6114
f 1100/6115 1084/6116 1101/6117
f 1084/6118 1085/6119 1101/6120
f 1101/6121 1085/6122 1102/6123
f 1085/6124 1086/6125 1102/6126
f 1102/6127 1086/6128 1103/6129
f 1086/6130 1087/6131 1103/6132
f 1103/6133 1087/6134 1104/6135
f 1087/6136 1088/6137 1104/6138
f 1104/6139 1088/6140 1089/6141
f 1088/6142 1073/6143 1089/6144
f 1105/6145 1089/6146 1090/6147
f 1106/6148 1105/6149 1090/6150
f 1106/6151 1090/6152 1091/6153
f 1107/6154 1106/6155 1091/6156
f 1107/6157 1091/6158 1092/6159
f 1108/6160 1107/6161 1092/6162
f 1108/6163 1092/6164 1093/6165
f 1109/6166 1108/6167 1093/6168
f 1109/6169 1093/6170 1094/6171
f 1110/6172 1109/6173 1094/6174
f 1110/6175 1094/6176 1095/6177
f 1111/6178 1110/6179 1095/6180
f 1111/6181 1095/6182 1096/6183
f 1112/6184 1111/6185 1096/6186
f 1112/6187 1096/6188 1097/6189
f 1113/6190 1112/6191 1097/6192
f 1113/6193 1097/6194 1114/6195
f 1097/6196 1098/6197 1114/6198
f 1114/6199 1098/6200 1115/6201
f 1098/6202 1099/6203 1115/6204
f 1115/6205 1099/6206 1116/6207
f 1099/6208 1100/6209 1116/6210
f 1116/6211 1100/6212 1117/6213
f 1100/6214 1101/6215 1117/6216
f 1117/6217 1101/6218 1118/6219
f 1101/6220 1102/6221 1118/6222
f 1118/6223 1102/6224 1119/6225
f 1102/6226 1103/6227 1119/6228
f 1119/6229 1103/6230 1120/6231
f 1103/6232 1104/6233 1120/6234
f 1120/6235 1104/6236 1105/6237
f 1104/6238 1089/6239 1105/6240
f 1129/6241 1121/6242 1122/6243
f 1130/6244 1129/6245 1122/6246
f 1130/6247 1122/6248 1123/6249
f 1131/6250 1130/6251 1123/6252
f 1131/6253 1123/6254 1124/6255
f 1132/6256 1131/6257 1124/6258
f 1132/6259 1124/6260 1125/6261
f 1133/6262 1132/6263 1125/6264
f 1133/6265 1125/6266 1134/6267
f 1125/6268 1126/6269 1134/6270
f 1134/6271 1126/6272 1135/6273
f 1126/6274 1127/6275 1135/6276
f 1135/6277 1127/6278 1136/6279
f 1127/6280 1128/6281 1136/6282
f 1136/6283 1128/6284 1129/6285
f 1128/6286 1121/6287 1129/6288
f 1137/6289 1129/6290 1130/6291
f 1138/6292 1137/6293 1130/6294
f 1138/6295 1130/6296 1131/6297
f 1139/6298 1138/6299 1131/6300
f 1139/6301 1131/6302 1132/6303
f 1140/6304 1139/6305 1132/6306
f 1140/6307 1132/6308 1133/6309
f 1141/6310 1140/6311 1133/6312
f 1141/6313 1133/6314 1142/6315
f 1133/6316 1134/6317 1142/6318
f 1142/6319 1134/6320 1143/6321
f 1134/6322 1135/6323 1143/6324
f 1143/6325 1135/6326 1144/6327
f 1135/6328 1136/6329 1144/6330
f 1144/6331 1136/6332 1137/6333
f 1136/6334 1129/6335 1137/6336
f 1145/6337 1137/6338 1138/6339
f 1146/6340 1145/6341 1138/6342
f 1146/6343 1138/6344 1139/6345
f 1147/6346 1146/6347 1139/6348
f 1147/6349 1139/6350 1140/6351
f 1148/6352 1147/6353 1140/6354
f 1148/6355 1140/6356 1141/6357
f 1149/6358 1148/6359 1141/6360
f 1149/6361 1141/6362 1150/6363
f 1141/6364 1142/6365 1150/6366
f 1150/6367 1142/6368 1151/6369
f 1142/6370 1143/6371 1151/6372
f 1151/6373 1143/6374 1152/6375
f 1143/6376 1144/6377 1152/6378
f 1152/6379 1144/6380 1145/6381
f 1144/6382 1137/6383 1145/6384
f 1153/6385 1145/6386 1146/6387
f 1154/6388 1153/6389 1146/6390
f 1154/6391 1146/6392 1147/6393
f 1155/6394 1154/6395 1147/6396
f 1155/6397 1147/6398 1148/6399
f 1156/6400 1155/6401 1148/6402
f 1156/6403 1148/6404 1149/6405
f 1157/6406 1156/6407 1149/6408
f 1157/6409 1149/6410 1158/6411
f 1149/6412 1150/6413 1158/6414
f 1158/6415 1150/6416 1159/6417
f 1150/6418 1151/6419 1159/6420
f 1159/6421 1151/6422 1160/6423
f 1151/6424 1152/6425 1160/6426
f 1160/6427 1152/6428 1153/6429
f 1152/6430 1145/6431 1153/6432
f 1161/6433 1153/6434 1154/6435
f 1162/6436 1161/6437 1154/6438
f 1162/6439 1154/6440 1155/6441
f 1163/6442 1162/6443 1155/6444
f 1163/6445 1155/6446 1156/6447
f 1164/6448 1163/6449 1156/6450
f 1164/6451 1156/6452 1157/6453
f 1165/6454 1164/6455 1157/6456
f 1165/6457 1157/6458 1166/6459
f 1157/6460 1158/6461 1166/6462
f 1166/6463 1158/6464 1167/6465
f 1158/6466 1159/6467 1167/6468
f 1167/6469 1159/6470 1168/6471
f 1159/6472 1160/6473 1168/6474
f 1168/6475 1160/6476 1161/6477
f 1160/6478 1153/6479 1161/6480
f 1169/6481 1161/6482 1162/6483
f 1170/6484 1169/6485 1162/6486
f 1170/6487 1162/6488 1163/6489
f 1171/6490 1170/6491 1163/6492
f 1171/6493 1163/6494 1164/6495
f 1172/6496 1171/6497 1164/6498
f 1172/6499 1164/6500 1165/6501
f 1173/6502 1172/6503 1165/6504
f 1173/6505 1165/6506 1174/6507
f 1165/6508 1166/6509 1174/6510
f 1174/6511 1166/6512 1175/6513
f 1166/6514 1167/6515 1175/6516
f 1175/6517 1167/6518 1176/6519
f 1167/6520 1168/6521 1176/6522
f 1176/6523 1168/6524 1169/6525
f 1168/6526 1161/6527 1169/6528
f 1177/6529 1169/6530 1170/6531
f 1178/6532 1177/6533 1170/6534
f 1178/6535 1170/6536 1171/6537
f 1179/6538 1178/6539 1171/6540
f 1179/6541 1171/6542 1172/6543
f 1180/6544 1179/6545 1172/6546
f 1180/6547 1172/6548 1173/6549
f 1181/6550 1180/6551 1173/6552
f 1181/6553 1173/6554 1182/6555
f 1173/6556 1174/6557 1182/6558
f 1182/6559 1174/6560 1183/6561
f 1174/6562 1175/6563 1183/6564
f 1183/6565 1175/6566 1184/6567
f 1175/6568 1176/6569 1184/6570
f 1184/6571 1176/6572 1177/6573
f 1176/6574 1169/6575 1177/6576
f 1185/6577 1177/6578 1178/6579
f 1186/6580 1185/6581 1178/6582
f 1186/6583 1178/6584 1179/6585
f 1187/6586 1186/6587 1179/6588
f 1187/6589 1179/6590 1180/6591
f 1188/6592 1187/6593 1180/6594
f 1188/6595 1180/6596 1181/6597
f 1189/6598 1188/6599 1181/6600
f 1189/6601 1181/6602 1190/6603
f 1181/6604 1182/6605 1190/6606
f 1190/6607 1182/6608 1191/6609
f 1182/6610 1183/6611 1191/6612
f 1191/6613 1183/6614 1192/6615
f 1183/6616 1184/6617 1192/6618
f 1192/6619 1184/6620 1185/6621
f 1184/6622 1177/6623 1185/6624
f 1193/6625 1185/6626 1186/6627
f 1194/6628 1193/6629 1186/6630
f 1194/6631 1186/6632 1187/6633
f 1195/6634 1194/6635 1187/6636
f 1195/6637 1187/6638 1188/6639
f 1196/6640 1195/6641 1188/6642
f 1196/6643 1188/6644 1189/6645
f 1197/6646 1196/6647 1189/6648
f 1197/6649 1189/6650 1198/6651
f 1189/6652 1190/6653 1198/6654
f 1198/6655 1190/6656 1199/6657
f 1190/6658 1191/6659 1199/6660
f 1199/6661 1191/6662 1200/6663
f 1191/6664 1192/6665 1200/6666
f 1200/6667 1192/6668 1193/6669
f 1192/6670 1185/6671 1193/6672
f 1209/6673 1201/6674 1202/6675
f 1210/6676 1209/6677 1202/6678
f 1210/6679 1202/6680 1203/6681
f 1211/6682 1210/6683 1203/6684
f 1211/6685 1203/6686 1204/6687
f 1212/6688 1211/6689 1204/6690
f 1212/6691 1204/6692 1205/6693
f 1213/6694 1212/6695 1205/6696
f 1213/6697 1205/6698 1214/6699
f 1205/6700 1206/6701 1214/6702
f 1214/6703 1206/6704 1215/6705
f 1206/6706 1207/6707 1215/6708
f 1215/6709 1207/6710 1216/6711
f 1207/6712 1208/6713 1216/6714
f 1216/6715 1208/6716 1209/6717
f 1208/6718 1201/6719 1209/6720
f 1217/6721 1209/6722 1210/6723
f 1218/6724 1217/6725 1210/6726
f 1218/6727 1210/6728 1211/6729
f 1219/6730 1218/6731 1211/6732
f 1219/6733 1211/6734 1212/6735
f 1220/6736 1219/6737 1212/6738
f 1220/6739 1212/6740 1213/6741
f 1221/6742 1220/6743 1213/6744
f 1221/6745 1213/6746 1222/6747
f 1213/6748 1214/6749 1222/6750
f 1222/6751 1214/6752 1223/6753
f 1214/6754 1215/6755 1223/6756
f 1223/6757 1215/6758 1224/6759
f 1215/6760 1216/6761 1224/6762
f 1224/6763 1216/6764 1217/6765
f 1216/6766 1209/6767 1217/6768
f 1225/6769 1217/6770 1218/6771
f 1226/6772 1225/6773 1218/6774
f 1226/6775 1218/6776 1219/6777
f 1227/6778 1226/6779 1219/6780
f 1227/6781 1219/6782 1220/6783
f 1228/6784 1227/6785 1220/6786
f 1228/6787 1220/6788 1221/6789
f 1229/6790 1228/6791 1221/6792
f 1229/6793 1221/6794 1230/6795
f 1221/6796 1222/6797 1230/6798
f 1230/6799 1222/6800 1231/6801
f 1222/6802 1223/6803 1231/6804
f 1231/6805 1223/6806 1232/6807
f 1223/6808 1224/6809 1232/6810
f 1232/6811 1224/6812 1225/6813
f 1224/6814 1217/6815 1225/6816
f 1233/6817 1225/6818 1226/6819
f 1234/6820 1233/6821 1226/6822
f 1234/6823 1226/6824 1227/6825
f 1235/6826 1234/6827 1227/6828
f 1235/6829 1227/6830 1228/6831
f 1236/6832 1235/6833 1228/6834
f 1236/6835 1228/6836 1229/6837
f 1237/6838 1236/6839 1229/6840
f 1237/6841 1229/6842 1238/6843
f 1229/6844 1230/6845 1238/6846
f 1238/6847 1230/6848 1239/6849
f 1230/6850 1231/6851 1239/6852
f 1239/6853 1231/6854 1240/6855
f 1231/6856 1232/6857 1240/6858
f 1240/6859 1232/6860 1233/6861
f 1232/6862 1225/6863 1233/6864
f 1241/6865 1233/6866 1234/6867
f 1242/6868 1241/6869 1234/6870
f 1242/6871 1234/6872 1235/6873
f 1243/6874 1242/6875 1235/6876
f 1243/6877 1235/6878 1236/6879
f 1244/6880 1243/6881 1236/6882
f 1244/6883 1236/6884 1237/6885
f 1245/6886 1244/6887 1237/6888
f 1245/6889 1237/6890 1246/6891
f 1237/6892 1238/6893 1246/6894
f 1246/6895 1238/6896 1247/6897
f 1238/6898 1239/6899 1247/6900
f 1247/6901 1239/6902 1248/6903
f 1239/6904 1240/6905 1248/6906
f 1248/6907 1240/6908 1241/6909
f 1240/6910 1233/6911 1241/6912
f 1249/6913 1241/6914 1242/6915
f 1250/6916 1249/6917 1242/6918
f 1250/6919 1242/6920 1243/6921
f 1251/6922 1250/6923 1243/6924
f 1251/6925 1243/6926 1244/6927
f 1252/6928 1251/6929 1244/6930
f 1252/6931 1244/6932 1245/6933
f 1253/6934 1252/6935 1245/6936
f 1253/6937 1245/6938 1254/6939
f 1245/6940 1246/6941 1254/6942
f 1254/6943 1246/6944 1255/6945
f 1246/6946 1247/6947 1255/6948
f 1255/6949 1247/6950 1256/6951
f 1247/6952 1248/6953 1256/6954
f 1256/6955 1248/6956 1249/6957
f 1248/6958 1241/6959 1249/6960
f 1257/6961 1249/6962 1250/6963
f 1258/6964 1257/6965 1250/6966
f 1258/6967 1250/6968 1251/6969
f 1259/6970 1258/6971 1251/6972
f 1259/6973 1251/6974 1252/6975
f 1260/6976 1259/6977 1252/6978
f 1260/6979 1252/6980 1253/6981
f 1261/6982 1260/6983 1253/6984
f 1261/6985 1253/6986 1262/6987
f 1253/6988 1254/6989 1262/6990
f 1262/6991 1254/6992 1263/6993
f 1254/6994 1255/6995 1263/6996
f 1263/6997 1255/6998 1264/6999
f 1255/7000 1256/7001 1264/7002
f 1264/7003 1256/7004 1257/7005
f 1256/7006 1249/7007 1257/7008
f 1265/7009 1257/7010 1258/7011
f 1266/7012 1265/7013 1258/7014
f 1266/7015 1258/7016 1259/7017
f 1267/7018 1266/7019 1259/7020
f 1267/7021 1259/7022 1260/7023
f 1268/7024 1267/7025 1260/7026
f 1268/7027 1260/7028 1261/7029
f 1269/7030 1268/7031 1261/7032
f 1269/7033 1261/7034 1270/7035
f 1261/7036 1262/7037 1270/7038
f 1270/7039 1262/7040 1271/7041
f 1262/7042 1263/7043 1271/7044
f 1271/7045 1263/7046 1272/7047
f 1263/7048 1264/7049 1272/7050
f 1272/7051 1264/7052 1265/7053
f 1264/7054 1257/7055 1265/7056
f 1281/7057 1273/7058 1274/7059
f 1282/7060 1281/7061 1274/7062
f 1282/7063 1274/7064 1275/7065
f 1283/7066 1282/7067 1275/7068
f 1283/7069 1275/7070 1276/7071
f 1284/7072 1283/7073 1276/7074
f 1284/7075 1276/7076 1277/7077
f 1285/7078 1284/7079 1277/7080
f 1285/7081 1277/7082 1286/7083
f 1277/7084 1278/7085 1286/7086
f 1286/7087 1278/7088 1287/7089
f 1278/7090 1279/7091 1287/7092
f 1287/7093 1279/7094 1288/7095
f 1279/7096 1280/7097 1288/7098
f 1288/7099 1280/7100 1281/7101
f 1280/7102 1273/7103 1281/7104
f 1289/7105 1281/7106 1282/7107
f 1290/7108 1289/7109 1282/7110
f 1290/7111 1282/7112 1283/7113
f 1291/7114 1290/7115 1283/7116
f 1291/7117 1283/7118 1284/7119
f 1292/7120 1291/7121 1284/7122
f 1292/7123 1284/7124 1285/7125
f 1293/7126 1292/7127 1285/7128
f 1293/7129 1285/7130 1294/7131
f 1285/7132 1286/7133 1294/7134
f 1294/7135 1286/7136 1295/7137
f 1286/7138 1287/7139 1295/7140
f 1295/7141 1287/7142 1296/7143
f 1287/7144 1288/7145 1296/7146
f 1296/7147 1288/7148 1289/7149
f 1288/7150 1281/7151 1289/7152
f 1297/7153 1289/7154 1290/7155
f 1298/7156 1297/7157 1290/7158
f 1298/7159 1290/7160 1291/7161
f 1299/7162 1298/7163 1291/7164
f 1299/7165 1291/7166 1292/7167
f 1300/7168 1299/7169 1292/7170
f 1300/7171 1292/7172 1293/7173
f 1301/7174 1300/7175 1293/7176
f 1301/7177 1293/7178 1302/7179
f 1293/7180 1294/7181 1302/7182
f 1302/7183 1294/7184 1303/7185
f 1294/7186 1295/7187 1303/7188
f 1303/7189 1295/7190 1304/7191
f 1295/7192 1296/7193 1304/7194
f 1304/7195 1296/7196 1297/7197
f 1296/7198 1289/7199 1297/7200
f 1305/7201 1297/7202 1298/7203
f 1306/7204 1305/7205 1298/7206
f 1306/7207 1298/7208 1299/7209
f 1307/7210 1306/7211 1299/7212
f 1307/7213 1299/7214 1300/7215
f 1308/7216 1307/7217 1300/7218
f 1308/7219 1300/7220 1301/7221
f 1309/7222 1308/7223 1301/7224
f 1309/7225 1301/7226 1310/7227
f 1301/7228 1302/7229 1310/7230
f 1310/7231 1302/7232 1311/7233
f 1302/7234 1303/7235 1311/7236
f 1311/7237 1303/7238 1312/7239
f 1303/7240 1304/7241 1312/7242
f 1312/7243 1304/7244 1305/7245
f 1304/7246 1297/7247 1305/7248
f 1313/7249 1305/7250 1306/7251
f 1314/7252 1313/7253 1306/7254
f 1314/7255 1306/7256 1307/7257
f 1315/7258 1314/7259 1307/7260
f 1315/7261 1307/7262 1308/7263
f 1316/7264 1315/7265 1308/7266
f 1316/7267 1308/7268 1309/7269
f 1317/7270 1316/7271 1309/7272
f 1317/7273 1309/7274 1318/7275
f 1309/7276 1310/7277 1318/7278
f 1318/7279 1310/7280 1319/7281
f 1310/7282 1311/7283 1319/7284
f 1319/7285 1311/7286 1320/7287
f 1311/7288 1312/7289 1320/7290
f 1320/7291 1312/7292 1313/7293
f 1312/7294 1305/7295 1313/7296
f 1321/7297 1313/7298 1314/7299
f 1322/7300 1321/7301 1314/7302
f 1322/7303 1314/7304 1315/7305
f 1323/7306 1322/7307 1315/7308
f 1323/7309 1315/7310 1316/7311
f 1324/7312 1323/7313 1316/7314
f 1324/7315 1316/7316 1317/7317
f 1325/7318 1324/7319 1317/7320
f 1325/7321 1317/7322 1326/7323
f 1317/7324 1318/7325 1326/7326
f 1326/7327 1318/7328 1327/7329
f 1318/7330 1319/7331 1327/7332
f 1327/7333 1319/7334 1328/7335
f 1319/7336 1320/7337 1328/7338
f 1328/7339 1320/7340 1321/7341
f 1320/7342 1313/7343 1321/7344
f 1329/7345 1321/7346 1322/7347
f 1330/7348 1329/7349 1322/7350
f 1330/7351 1322/7352 1323/7353
f 1331/7354 1330/7355 1323/7356
f 1331/7357 1323/7358 1324/7359
f 1332/7360 1331/7361 1324/7362
f 1332/7363 1324/7364 1325/7365
f 1333/7366 1332/7367 1325/7368
f 1333/7369 1325/7370 1334/7371
f 1325/7372 1326/7373 1334/7374
f 1334/7375 1326/7376 1335/7377
f 1326/7378 1327/7379 1335/7380
f 1335/7381 1327/7382 1336/7383
f 1327/7384 1328/7385 1336/7386
f 1336/7387 1328/7388 1329/7389
f 1328/7390 1321/7391 1329/7392
f 1337/7393 1329/7394 1330/7395
f 1338/7396 1337/7397 1330/7398
f 1338/7399 1330/7400 1331/7401
f 1339/7402 1338/7403 1331/7404
f 1339/7405 1331/7406 1332/7407
f 1340/7408 1339/7409 1332/7410
f 1340/7411 1332/7412 1333/7413
f 1341/7414 1340/7415 1333/7416
f 1341/7417 1333/7418 1342/7419
f 1333/7420 1334/7421 1342/7422
f 1342/7423 1334/7424 1343/7425
f 1334/7426 1335/7427 1343/7428
f 1343/7429 1335/7430 1344/7431
f 1335/7432 1336/7433 1344/7434
f 1344/7435 1336/7436 1337/7437
f 1336/7438 1329/7439 1337/7440
f 1345/7441 1337/7442 1338/7443
f 1346/7444 1345/7445 1338/7446
f 1346/7447 1338/7448 1339/7449
f 1347/7450 1346/7451 1339/7452
f 1347/7453 1339/7454 1340/7455
f 1348/7456 1347/7457 1340/7458
f 1348/7459 1340/7460 1341/7461
f 1349/7462 1348/7463 1341/7464
f 1349/7465 1341/7466 1350/7467
f 1341/7468 1342/7469 1350/7470
f 1350/7471 1342/7472 1351/7473
f 1342/7474 1343/7475 1351/7476
f 1351/7477 1343/7478 1352/7479
f 1343/7480 1344/7481 1352/7482
f 1352/7483 1344/7484 1345/7485
f 1344/7486 1337/7487 1345/7488
f 1369/7489 1353/7490 1354/7491
f 1370/7492 1369/7493 1354/7494
f 1370/7495 1354/7496 1355/7497
f 1371/7498 1370/7499 1355/7500
f 1371/7501 1355/7502 1356/7503
f 1372/7504 1371/7505 1356/7506
f 1372/7507 1356/7508 1357/7509
f 1373/7510 1372/7511 1357/7512
f 1373/7513 1357/7514 1358/7515
f 1374/7516 1373/7517 1358/7518
f 1374/7519 1358/7520 1359/7521
f 1375/7522 1374/7523 1359/7524
f 1375/7525 1359/7526 1360/7527
f 1376/7528 1375/7529 1360/7530
f 1376/7531 1360/7532 1361/7533
f 1377/7534 1376/7535 1361/7536
f 1377/7537 1361/7538 1378/7539
f 1361/7540 1362/7541 1378/7542
f 1378/7543 1362/7544 1379/7545
f 1362/7546 1363/7547 1379/7548
f 1379/7549 1363/7550 1380/7551
f 1363/7552 1364/7553 1380/7554
f 1380/7555 1364/7556 1381/7557
f 1364/7558 1365/7559 1381/7560
f 1381/7561 1365/7562 1382/7563
f 1365/7564 1366/7565 1382/7566
f 1382/7567 1366/7568 1383/7569
f 1366/7570 1367/7571 1383/7572
f 1383/7573 1367/7574 1384/7575
f 1367/7576 1368/7577 1384/7578
f 1384/7579 1368/7580 1369/7581
f 1368/7582 1353/7583 1369/7584
f 1385/7585 1369/7586 1370/7587
f 1386/7588 1385/7589 1370/7590
f 1386/7591 1370/7592 1371/7593
f 1387/7594 1386/7595 1371/7596
f 1387/7597 1371/7598 1372/7599
f 1388/7600 1387/7601 1372/7602
f 1388/7603 1372/7604 1373/7605
f 1389/7606 1388/7607 1373/7608
f 1389/7609 1373/7610 1374/7611
f 1390/7612 1389/7613 1374/7614
f 1390/7615 1374/7616 1375/7617
f 1391/7618 1390/7619 1375/7620
f 1391/7621 1375/7622 1376/7623
f 1392/7624 1391/7625 1376/7626
f 1392/7627 1376/7628 1377/7629
f 1393/7630 1392/7631 1377/7632
f 1393/7633 1377/7634 1394/7635
f 1377/7636 1378/7637 1394/7638
f 1394/7639 1378/7640 1395/7641
f 1378/7642 1379/7643 1395/7644
f 1395/7645 1379/7646 1396/7647
f 1379/7648 1380/7649 1396/7650
f 1396/7651 1380/7652 1397/7653
f 1380/7654 1381/7655 1397/7656
f 1397/7657 1381/7658 1398/7659
f 1381/7660 1382/7661 1398/7662
f 1398/7663 1382/7664 1399/7665
f 1382/7666 1383/7667 1399/7668
f 1399/7669 1383/7670 1400/7671
f 1383/7672 1384/7673 1400/7674
f 1400/7675 1384/7676 1385/7677
f 1384/7678 1369/7679 1385/7680
f 1401/7681 1385/7682 1386/7683
f 1402/7684 1401/7685 1386/7686
f 1402/7687 1386/7688 1387/7689
f 1403/7690 1402/7691 1387/7692
f 1403/7693 1387/7694 1388/7695
f 1404/7696 1403/7697 1388/7698
f 1404/7699 1388/7700 1389/7701
f 1405/7702 1404/7703 1389/7704
f 1405/7705 1389/7706 1390/7707
f 1406/7708 1405/7709 1390/7710
f 1406/7711 1390/7712 1391/7713
f 1407/7714 1406/7715 1391/7716
f 1407/7717 1391/7718 1392/7719
f 1408/7720 1407/7721 1392/7722
f 1408/7723 1392/7724 1393/7725
f 1409/7726 1408/7727 1393/7728
f 1409/7729 1393/7730 1410/7731
f 1393/7732 1394/7733 1410/7734
f 1410/7735 1394/7736 1411/7737
f 1394/7738 1395/7739 1411/7740
f 1411/7741 1395/7742 1412/7743
f 1395/7744 1396/7745 1412/7746
f 1412/7747 1396/7748 1413/7749
f 1396/7750 1397/7751 1413/7752
f 1413/7753 1397/7754 1414/7755
f 1397/7756 1398/7757 1414/7758
f 1414/7759 1398/7760 1415/7761
f 1398/7762 1399/7763 1415/7764
f 1415/7765 1399/7766 1416/7767
f 1399/7768 1400/7769 1416/7770
f 1416/7771 1400/7772 1401/7773
f 1400/7774 1385/7775 1401/7776
f 1417/7777 1401/7778 1402/7779
f 1418/7780 1417/7781 1402/7782
f 1418/7783 1402/7784 1403/7785
f 1419/7786 1418/7787 1403/7788
f 1419/7789 1403/7790 1404/7791
f 1420/7792 1419/7793 1404/7794
f 1420/7795 1404/7796 1405/7797
f 1421/7798 1420/7799 1405/7800
f 1421/7801 1405/7802 1406/7803
f 1422/7804 1421/7805 1406/7806
f 1422/7807 1406/7808 1407/7809
f 1423/7810 1422/7811 1407/7812
f 1423/7813 1407/7814 1408/7815
f 1424/7816 1423/7817 1408/7818
f 1424/7819 1408/7820 1409/7821
f 1425/7822 1424/7823 1409/7824
f 1425/7825 1409/7826 1426/7827
f 1409/7828 1410/7829 1426/7830
f 1426/7831 1410/7832 1427/7833
f 1410/7834 1411/7835 1427/7836
f 1427/7837 1411/7838 1428/7839
f 1411/7840 1412/7841 1428/7842
f 1428/7843 1412/7844 1429/7845
f 1412/7846 1413/7847 1429/7848
f 1429/7849 1413/7850 1430/7851
f 1413/7852 1414/7853 1430/7854
f 1430/7855 1414/7856 1431/7857
f 1414/7858 1415/7859 1431/7860
f 1431/7861 1415/7862 1432/7863
f 1415/7864 1416/7865 1432/7866
f 1432/7867 1416/7868 1417/7869
f 1416/7870 1401/7871 1417/7872
f 1433/7873 1417/7874 1418/7875
f 1434/7876 1433/7877 1418/7878
f 1434/7879 1418/7880 1419/7881
f 1435/7882 1434/7883 1419/7884
f 1435/7885 1419/7886 1420/7887
f 1436/7888 1435/7889 1420/7890
f 1436/7891 1420/7892 1421/7893
f 1437/7894 1436/7895 1421/7896
f 1437/7897 1421/7898 1422/7899
f 1438/7900 1437/7901 1422/7902
f 1438/7903 1422/7904 1423/7905
f 1439/7906 1438/7907 1423/7908
f 1439/7909 1423/7910 1424/7911
f 1440/7912 1439/7913 1424/7914
f 1440/7915 1424/7916 1425/7917
f 1441/7918 1440/7919 1425/7920
f 1441/7921 1425/7922 1442/7923
f 1425/7924 1426/7925 1442/7926
f 1442/7927 1426/7928 1443/7929
f 1426/7930 1427/7931 1443/7932
f 1443/7933 1427/7934 1444/7935
f 1427/7936 1428/7937 1444/7938
f 1444/7939 1428/7940 1445/7941
f 1428/7942 1429/7943 1445/7944
f 1445/7945 1429/7946 1446/7947
f 1429/7948 1430/7949 1446/7950
f 1446/7951 1430/7952 1447/7953
f 1430/7954 1431/7955 1447/7956
f 1447/7957 1431/7958 1448/7959
f 1431/7960 1432/7961 1448/7962
f 1448/7963 1432/7964 1433/7965
f 1432/7966 1417/7967 1433/7968
f 1449/7969 1433/7970 1434/7971
f 1450/7972 1449/7973 1434/7974
f 1450/7975 1434/7976 1435/7977
f 1451/7978 1450/7979 1435/7980
f 1451/7981 1435/7982 1436/7983
f 1452/7984 1451/7985 1436/7986
f 1452/7987 1436/7988 1437/7989
f 1453/7990 1452/7991 1437/7992
f 1453/7993 1437/7994 1438/7995
f 1454/7996 1453/7997 1438/7998
f 1454/7999 1438/8000 1439/8001
f 1455/8002 1454/8003 1439/8004
f 1455/8005 1439/8006 1440/8007
f 1456/8008 1455/8009 1440/8010
f 1456/8011 1440/8012 1441/8013
f 1457/8014 1456/8015 1441/8016
f 1457/8017 1441/8018 1458/8019
f 1441/8020 1442/8021 1458/8022
f 1458/8023 1442/8024 1459/8025
f 1442/8026 1443/8027 1459/8028
f 1459/8029 1443/8030 1460/8031
f 1443/8032 1444/8033 1460/8034
f 1460/8035 1444/8036 1461/8037
f 1444/8038 1445/8039 1461/8040
f 1461/8041 1445/8042 1462/8043
f 1445/8044 1446/8045 1462/8046
f 1462/8047 1446/8048 1463/8049
f 1446/8050 1447/8051 1463/8052
f 1463/8053 1447/8054 1464/8055
f 1447/8056 1448/8057 1464/8058
f 1464/8059 1448/8060 1449/8061
f 1448/8062 1433/8063 1449/8064
f 1465/8065 1449/8066 1450/8067
f 1466/8068 1465/8069 1450/8070
f 1466/8071 1450/8072 1451/8073
f 1467/8074 1466/8075 1451/8076
f 1467/8077 1451/8078 1452/8079
f 1468/8080 1467/8081 1452/8082
f 1468/8083 1452/8084 1453/8085
f 1469/8086 1468/8087 1453/8088
f 1469/8089 1453/8090 1454/8091
f 1470/8092 1469/8093 1454/8094
f 1470/8095 1454/8096 1455/8097
f 1471/8098 1470/8099 1455/8100
f 1471/8101 1455/8102 1456/8103
f 1472/8104 1471/8105 1456/8106
f 1472/8107 1456/8108 1457/8109
f 1473/8110 1472/8111 1457/8112
f 1473/8113 1457/8114 1474/8115
f 1457/8116 1458/8117 1474/8118
f 1474/8119 1458/8120 1475/8121
f 1458/8122 1459/8123 1475/8124
f 1475/8125 1459/8126 1476/8127
f 1459/8128 1460/8129 1476/8130
f 1476/8131 1460/8132 1477/8133
f 1460/8134 1461/8135 1477/8136
f 1477/8137 1461/8138 1478/8139
f 1461/8140 1462/8141 1478/8142
f 1478/8143 1462/8144 1479/8145
f 1462/8146 1463/8147 1479/8148
f 1479/8149 1463/8150 1480/8151
f 1463/8152 1464/8153 1480/8154
f 1480/8155 1464/8156 1465/8157
f 1464/8158 1449/8159 1465/8160
f 1497/8161 1481/8162 1482/8163
f 1498/8164 1497/8165 1482/8166
f 1498/8167 1482/8168 1483/8169
f 1499/8170 1498/8171 1483/8172
f 1499/8173 1483/8174 1484/8175
f 1500/8176 1499/8177 1484/8178
f 1500/8179 1484/8180 1485/8181
f 1501/8182 1500/8183 1485/8184
f 1501/8185 1485/8186 1486/8187
f 1502/8188 1501/8189 1486/8190
f 1502/8191 1486/8192 1487/8193
f 1503/8194 1502/8195 1487/8196
f 1503/8197 1487/8198 1488/8199
f 1504/8200 1503/8201 1488/8202
f 1504/8203 1488/8204 1489/8205
f 1505/8206 1504/8207 1489/8208
f 1505/8209 1489/8210 1506/8211
f 1489/8212 1490/8213 1506/8214
f 1506/8215 1490/8216 1507/8217
f 1490/8218 1491/8219 1507/8220
f 1507/8221 1491/8222 1508/8223
f 1491/8224 1492/8225 1508/8226
f 1508/8227 1492/8228 1509/8229
f 1492/8230 1493/8231 1509/8232
f 1509/8233 1493/8234 1510/8235
f 1493/8236 1494/8237 1510/8238
f 1510/8239 1494/8240 1511/8241
f 1494/8242 1495/8243 1511/8244
f 1511/8245 1495/8246 1512/8247
f 1495/8248 1496/8249 1512/8250
f 1512/8251 1496/8252 1497/8253
f 1496/8254 1481/8255 1497/8256
f 1513/8257 1497/8258 1498/8259
f 1514/8260 1513/8261 1498/8262
f 1514/8263 1498/8264 1499/8265
f 1515/8266 1514/8267 1499/8268
f 1515/8269 1499/8270 1500/8271
f 1516/8272 1515/8273 1500/8274
f 1516/8275 1500/8276 1501/8277
f 1517/8278 1516/8279 1501/8280
f 1517/8281 1501/8282 1502/8283
f 1518/8284 1517/8285 1502/8286
f 1518/8287 1502/8288 1503/8289
f 1519/8290 1518/8291 1503/8292
f 1519/8293 1503/8294 1504/8295
f 1520/8296 1519/8297 1504/8298
f 1520/8299 1504/8300 1505/8301
f 1521/8302 1520/8303 1505/8304
f 1521/8305 1505/8306 1522/8307
f 1505/8308 1506/8309 1522/8310
f 1522/8311 1506/8312 1523/8313
f 1506/8314 1507/8315 1523/8316
f 1523/8317 1507/8318 1524/8319
f 1507/8320 1508/8321 1524/8322
f 1524/8323 1508/8324 1525/8325
f 1508/8326 1509/8327 1525/8328
f 1525/8329 1509/8330 1526/8331
f 1509/8332 1510/8333 1526/8334
f 1526/8335 1510/8336 1527/8337
f 1510/8338 1511/8339 1527/8340
f 1527/8341 1511/8342 1528/8343
f 1511/8344 1512/8345 1528/8346
f 1528/8347 1512/8348 1513/8349
f 1512/8350 1497/8351 1513/8352
f 1529/8353 1513/8354 1514/8355
f 1530/8356 1529/8357 1514/8358
f 1530/8359 1514/8360 1515/8361
f 1531/8362 1530/8363 1515/8364
f 1531/8365 1515/8366 1516/8367
f 1532/8368 1531/8369 1516/8370
f 1532/8371 1516/8372 1517/8373
f 1533/8374 1532/8375 1517/8376
f 1533/8377 1517/8378 1518/8379
f 1534/8380 1533/8381 1518/8382
f 1534/8383 1518/8384 1519/8385
f 1535/8386 1534/8387 1519/8388
f 1535/8389 1519/8390 1520/8391
f 1536/8392 1535/8393 1520/8394
f 1536/8395 1520/8396 1521/8397
f 1537/8398 1536/8399 1521/8400
f 1537/8401 1521/8402 1538/8403
f 1521/8404 1522/8405 1538/8406
f 1538/8407 1522/8408 1539/8409
f 1522/8410 1523/8411 1539/8412
f 1539/8413 1523/8414 1540/8415
f 1523/8416 1524/8417 1540/8418
f 1540/8419 1524/8420 1541/8421
f 1524/8422 1525/8423 1541/8424
f 1541/8425 1525/8426 1542/8427
f 1525/8428 1526/8429 1542/8430
f 1542/8431 1526/8432 1543/8433
f 1526/8434 1527/8435 1543/8436
f 1543/8437 1527/8438 1544/8439
f 1527/8440 1528/8441 1544/8442
f 1544/8443 1528/8444 1529/8445
f 1528/8446 1513/8447 1529/8448
f 1545/8449 1529/8450 1530/8451
f 1546/8452 1545/8453 1530/8454
f 1546/8455 1530/8456 1531/8457
f 1547/8458 1546/8459 1531/8460
f 1547/8461 1531/8462 1532/8463
f 1548/8464 1547/8465 1532/8466
f 1548/8467 1532/8468 1533/8469
f 1549/8470 1548/8471 1533/8472
f 1549/8473 1533/8474 1534/8475
f 1550/8476 1549/8477 1534/8478
f 1550/8479 1534/8480 1535/8481
f 1551/8482 1550/8483 1535/8484
f 1551/8485 1535/8486 1536/8487
f 1552/8488 1551/8489 1536/8490
f 1552/8491 1536/8492 1537/8493
f 1553/8494 1552/8495 1537/8496
f 1553/8497 1537/8498 1554/8499
f 1537/8500 1538/8501 1554/8502
f 1554/8503 1538/8504 1555/8505
f 1538/8506 1539/8507 1555/8508
f 1555/8509 1539/8510 1556/8511
f 1539/8512 1540/8513 1556/8514
f 1556/8515 1540/8516 1557/8517
f 1540/8518 1541/8519 1557/8520
f 1557/8521 1541/8522 1558/8523
f 1541/8524 1542/8525 1558/8526
f 1558/8527 1542/8528 1559/8529
f 1542/8530 1543/8531 1559/8532
f 1559/8533 1543/8534 1560/8535
f 1543/8536 1544/8537 1560/8538
f 1560/8539 1544/8540 1545/8541
f 1544/8542 1529/8543 1545/8544
f 1561/8545 1545/8546 1546/8547
f 1562/8548 1561/8549 1546/8550
f 1562/8551 1546/8552 1547/8553
f 1563/8554 1562/8555 1547/8556
f 1563/8557 1547/8558 1548/8559
f 1564/8560 1563/8561 1548/8562
f 1564/8563 1548/8564 1549/8565
f 1565/8566 1564/8567 1549/8568
f 1565/8569 1549/8570 1550/8571
f 1566/8572 1565/8573 1550/8574
f 1566/8575 1550/8576 1551/8577
f 1567/8578 1566/8579 1551/8580
f 1567/8581 1551/8582 1552/8583
f 1568/8584 1567/8585 1552/8586
f 1568/8587 1552/8588 1553/8589
f 1569/8590 1568/8591 1553/8592
f 1569/8593 1553/8594 1570/8595
f 1553/8596 1554/8597 1570/8598
f 1570/8599 1554/8600 1571/8601
f 1554/8602 1555/8603 1571/8604
f 1571/8605 1555/8606 1572/8607
f 1555/8608 1556/8609 1572/8610
f 1572/8611 1556/8612 1573/8613
f 1556/8614 1557/8615 1573/8616
f 1573/8617 1557/8618 1574/8619
f 1557/8620 1558/8621 1574/8622
f 1574/8623 1558/8624 1575/8625
f 1558/8626 1559/8627 1575/8628
f 1575/8629 1559/8630 1576/8631
f 1559/8632 1560/8633 1576/8634
f 1576/8635 1560/8636 1561/8637
f 1560/8638 1545/8639 1561/8640
f 1577/8641 1561/8642 1562/8643
f 1578/8644 1577/8645 1562/8646
f 1578/8647 1562/8648 1563/8649
f 1579/8650 1578/8651 1563/8652
f 1579/8653 1563/8654 1564/8655
f 1580/8656 1579/8657 1564/8658
f 1580/8659 1564/8660 1565/8661
f 1581/8662 1580/8663 1565/8664
f 1581/8665 1565/8666 1566/8667
f 1582/8668 1581/8669 1566/8670
f 1582/8671 1566/8672 1567/8673
f 1583/8674 1582/8675 1567/8676
f 1583/8677 1567/8678 1568/8679
f 1584/8680 1583/8681 1568/8682
f 1584/8683 1568/8684 1569/8685
f 1585/8686 1584/8687 1569/8688
f 1585/8689 1569/8690 1586/8691
f 1569/8692 1570/8693 1586/8694
f 1586/8695 1570/8696 1587/8697
f 1570/8698 1571/8699 1587/8700
f 1587/8701 1571/8702 1588/8703
f 1571/8704 1572/8705 1588/8706
f 1588/8707 1572/8708 1589/8709
f 1572/8710 1573/8711 1589/8712
f 1589/8713 1573/8714 1590/8715
f 1573/8716 1574/8717 1590/8718
f 1590/8719 1574/8720 1591/8721
f 1574/8722 1575/8723 1591/8724
f 1591/8725 1575/8726 1592/8727
f 1575/8728 1576/8729 1592/8730
f 1592/8731 1576/8732 1577/8733
f 1576/8734 1561/8735 1577/8736
f 1593/8737 1577/8738 1578/8739
f 1594/8740 1593/8741 1578/8742
f 1594/8743 1578/8744 1579/8745
f 1595/8746 1594/8747 1579/8748
f 1595/8749 1579/8750 1580/8751
f 1596/8752 1595/8753 1580/8754
f 1596/8755 1580/8756 1581/8757
f 1597/8758 1596/8759 1581/8760
f 1597/8761 1581/8762 1582/8763
f 1598/8764 1597/8765 1582/8766
f 1598/8767 1582/8768 1583/8769
f 1599/8770 1598/8771 1583/8772
f 1599/8773 1583/8774 1584/8775
f 1600/8776 1599/8777 1584/8778
f 1600/8779 1584/8780 1585/8781
f 1601/8782 1600/8783 1585/8784
f 1601/8785 1585/8786 1602/8787
f 1585/8788 1586/8789 1602/8790
f 1602/8791 1586/8792 1603/8793
f 1586/8794 1587/8795 1603/8796
f 1603/8797 1587/8798 1604/8799
f 1587/8800 1588/8801 1604/8802
f 1604/8803 1588/8804 1605/8805
f 1588/8806 1589/8807 1605/8808
f 1605/8809 1589/8810 1606/8811
f 1589/8812 1590/8813 1606/8814
f 1606/8815 1590/8816 1607/8817
f 1590/8818 1591/8819 1607/8820
f 1607/8821 1591/8822 1608/8823
f 1591/8824 1592/8825 1608/8826
f 1608/8827 1592/8828 1593/8829
f 1592/8830 1577/8831 1593/8832
f 1621/8833 1609/8834 1610/8835
f 1622/8836 1621/8837 1610/8838
f 1622/8839 1610/8840 1611/8841
f 1623/8842 1622/8843 1611/8844
f 1623/8845 1611/8846 1612/8847
f 1624/8848 1623/8849 1612/8850
f 1624/8851 1612/8852 1613/8853
f 1625/8854 1624/8855 1613/8856
f 1625/8857 1613/8858 1614/8859
f 1626/8860 1625/8861 1614/8862
f 1626/8863 1614/8864 1615/8865
f 1627/8866 1626/8867 1615/8868
f 1627/8869 1615/8870 1628/8871
f 1615/8872 1616/8873 1628/8874
f 1628/8875 1616/8876 1629/8877
f 1616/8878 1617/8879 1629/8880
f 1629/8881 1617/8882 1630/8883
f 1617/8884 1618/8885 1630/8886
f 1630/8887 1618/8888 1631/8889
f 1618/8890 1619/8891 1631/8892
f 1631/8893 1619/8894 1632/8895
f 1619/8896 1620/8897 1632/8898
f 1632/8899 1620/8900 1621/8901
f 1620/8902 1609/8903 1621/8904
f 1633/8905 1621/8906 1622/8907
f 1634/8908 1633/8909 1622/8910
f 1634/8911 1622/8912 1623/8913
f 1635/8914 1634/8915 1623/8916
f 1635/8917 1623/8918 1624/8919
f 1636/8920 1635/8921 1624/8922
f 1636/8923 1624/8924 1625/8925
f 1637/8926 1636/8927 1625/8928
f 1637/8929 1625/8930 1626/8931
f 1638/8932 1637/8933 1626/8934
f 1638/8935 1626/8936 1627/8937
f 1639/8938 1638/8939 1627/8940
f 1639/8941 1627/8942 1640/8943
f 1627/8944 1628/8945 1640/8946
f 1640/8947 1628/8948 1641/8949
f 1628/8950 1629/8951 1641/8952
f 1641/8953 1629/8954 1642/8955
f 1629/8956 1630/8957 1642/8958
f 1642/8959 1630/8960 1643/8961
f 1630/8962 1631/8963 1643/8964
f 1643/8965 1631/8966 1644/8967
f 1631/8968 1632/8969 1644/8970
f 1644/8971 1632/8972 1633/8973
f 1632/8974 1621/8975 1633/8976
f 1645/8977 1633/8978 1634/8979
f 1646/8980 1645/8981 1634/8982
f 1646/8983 1634/8984 1635/8985
f 1647/8986 1646/8987 1635/8988
f 1647/8989 1635/8990 1636/8991
f 1648/8992 1647/8993 1636/8994
f 1648/8995 1636/8996 1637/8997
f 1649/8998 1648/8999 1637/9000
f 1649/9001 1637/9002 1638/9003
f 1650/9004 1649/9005 1638/9006
f 1650/9007 1638/9008 1639/9009
f 1651/9010 1650/9011 1639/9012
f 1651/9013 1639/9014 1652/9015
f 1639/9016 1640/9017 1652/9018
f 1652/9019 1640/9020 1653/9021
f 1640/9022 1641/9023 1653/9024
f 1653/9025 1641/9026 1654/9027
f 1641/9028 1642/9029 1654/9030
f 1654/9031 1642/9032 1655/9033
f 1642/9034 1643/9035 1655/9036
f 1655/9037 1643/9038 1656/9039
f 1643/9040 1644/9041 1656/9042
f 1656/9043 1644/9044 1645/9045
f 1644/9046 1633/9047 1645/9048
f 1657/9049 1645/9050 1646/9051
f 1658/9052 1657/9053 1646/9054
f 1658/9055 1646/9056 1647/9057
f 1659/9058 1658/9059 1647/9060
f 1659/9061 1647/9062 1648/9063
f 1660/9064 1659/9065 1648/9066
f 1660/9067 1648/9068 1649/9069
f 1661/9070 1660/9071 1649/9072
f 1661/9073 1649/9074 1650/9075
f 1662/9076 1661/9077 1650/9078
f 1662/9079 1650/9080 1651/9081
f 1663/9082 1662/9083 1651/9084
f 1663/9085 1651/9086 1664/9087
f 1651/9088 1652/9089 1664/9090
f 1664/9091 1652/9092 1665/9093
f 1652/9094 1653/9095 1665/9096
f 1665/9097 1653/9098 1666/9099
f 1653/9100 1654/9101 1666/9102
f 1666/9103 1654/9104 1667/9105
f 1654/9106 1655/9107 1667/9108
f 1667/9109 1655/9110 1668/9111
f 1655/9112 1656/9113 1668/9114
f 1668/9115 1656/9116 1657/9117
f 1656/9118 1645/9119 1657/9120
f 1669/9121 1657/9122 1658/9123
f 1670/9124 1669/9125 1658/9126
f 1670/9127 1658/9128 1659/9129
f 1671/9130 1670/9131 1659/9132
f 1671/9133 1659/9134 1660/9135
f 1672/9136 1671/9137 1660/9138
f 1672/9139 1660/9140 1661/9141
f 1673/9142 1672/9143 1661/9144
f 1673/9145 1661/9146 1662/9147
f 1674/9148 1673/9149 1662/9150
f 1674/9151 1662/9152 1663/9153
f 1675/9154 1674/9155 1663/9156
f 1675/9157 1663/9158 1676/9159
f 1663/9160 1664/9161 1676/9162
f 1676/9163 1664/9164 1677/9165
f 1664/9166 1665/9167 1677/9168
f 1677/9169 1665/9170 1678/9171
f 1665/9172 1666/9173 1678/9174
f 1678/9175 1666/9176 1679/9177
f 1666/9178 1667/9179 1679/9180
f 1679/9181 1667/9182 1680/9183
f 1667/9184 1668/9185 1680/9186
f 1680/9187 1668/9188 1669/9189
f 1668/9190 1657/9191 1669/9192
f 1681/9193 1669/9194 1670/9195
f 1682/9196 1681/9197 1670/9198
f 1682/9199 1670/9200 1671/9201
f 1683/9202 1682/9203 1671/9204
f 1683/9205 1671/9206 1672/9207
f 1684/9208 1683/9209 1672/9210
f 1684/9211 1672/9212 1673/9213
f 1685/9214 1684/9215 1673/9216
f 1685/9217 1673/9218 1674/9219
f 1686/9220 1685/9221 1674/9222
f 1686/9223 1674/9224 1675/9225
f 1687/9226 1686/9227 1675/9228
f 1687/9229 1675/9230 1688/9231
f 1675/9232 1676/9233 1688/9234
f 1688/9235 1676/9236 1689/9237
f 1676/9238 1677/9239 1689/9240
f 1689/9241 1677/9242 1690/9243
f 1677/9244 1678/9245 1690/9246
f 1690/9247 1678/9248 1691/9249
f 1678/9250 1679/9251 1691/9252
f 1691/9253 1679/9254 1692/9255
f 1679/9256 1680/9257 1692/9258
f 1692/9259 1680/9260 1681/9261
f 1680/9262 1669/9263 1681/9264
f 1693/9265 1681/9266 1682/9267
f 1694/9268 1693/9269 1682/9270
f 1694/9271 1682/9272 1683/9273
f 1695/9274 1694/9275 1683/9276
f 1695/9277 1683/9278 1684/9279
f 1696/9280 1695/9281 1684/9282
f 1696/9283 1684/9284 1685/9285
f 1697/9286 1696/9287 1685/9288
f 1697/9289 1685/9290 1686/9291
f 1698/9292 1697/9293 1686/9294
f 1698/9295 1686/9296 1687/9297
f 1699/9298 1698/9299 1687/9300
f 1699/9301 1687/9302 1700/9303
f 1687/9304 1688/9305 1700/9306
f 1700/9307 1688/9308 1701/9309
f 1688/9310 1689/9311 1701/9312
f 1701/9313 1689/9314 1702/9315
f 1689/9316 1690/9317 1702/9318
f 1702/9319 1690/9320 1703/9321
f 1690/9322 1691/9323 1703/9324
f 1703/9325 1691/9326 1704/9327
f 1691/9328 1692/9329 1704/9330
f 1704/9331 1692/9332 1693/9333
f 1692/9334 1681/9335 1693/9336
f 1705/9337 1693/9338 1694/9339
f 1706/9340 1705/9341 1694/9342
f 1706/9343 1694/9344 1695/9345
f 1707/9346 1706/9347 1695/9348
f 1707/9349 1695/9350 1696/9351
f 1708/9352 1707/9353 1696/9354
f 1708/9355 1696/9356 1697/9357
f 1709/9358 1708/9359 1697/9360
f 1709/9361 1697/9362 1698/9363
f 1710/9364 1709/9365 1698/9366
f 1710/9367 1698/9368 1699/9369
f 1711/9370 1710/9371 1699/9372
f 1711/9373 1699/9374 1712/9375
f 1699/9376 1700/9377 1712/9378
f 1712/9379 1700/9380 1713/9381
f 1700/9382 1701/9383 1713/9384
f 1713/9385 1701/9386 1714/9387
f 1701/9388 1702/9389 1714/9390
f 1714/9391 1702/9392 1715/9393
f 1702/9394 1703/9395 1715/9396
f 1715/9397 1703/9398 1716/9399
f 1703/9400 1704/9401 1716/9402
f 1716/9403 1704/9404 1705/9405
f 1704/9406 1693/9407 1705/9408
f 1717/9409 1705/9410 1706/9411
f 1718/9412 1717/9413 1706/9414
f 1718/9415 1706/9416 1707/9417
f 1719/9418 1718/9419 1707/9420
f 1719/9421 1707/9422 1708/9423
f 1720/9424 1719/9425 1708/9426
f 1720/9427 1708/9428 1709/9429
f 1721/9430 1720/9431 1709/9432
f 1721/9433 1709/9434 1710/9435
f 1722/9436 1721/9437 1710/9438
f 1722/9439 1710/9440 1711/9441
f 1723/9442 1722/9443 1711/9444
f 1723/9445 1711/9446 1724/9447
f 1711/9448 1712/9449 1724/9450
f 1724/9451 1712/9452 1725/9453
f 1712/9454 1713/9455 1725/9456
f 1725/9457 1713/9458 1726/9459
f 1713/9460 1714/9461 1726/9462
f 1726/9463 1714/9464 1727/9465
f 1714/9466 1715/9467 1727/9468
f 1727/9469 1715/9470 1728/9471
f 1715/9472 1716/9473 1728/9474
f 1728/9475 1716/9476 1717/9477
f 1716/9478 1705/9479 1717/9480
f 1729/9481 1717/9482 1718/9483
f 1730/9484 1729/9485 1718/9486
f 1730/9487 1718/9488 1719/9489
f 1731/9490 1730/9491 1719/9492
f 1731/9493 1719/9494 1720/9495
f 1732/9496 1731/9497 1720/9498
f 1732/9499 1720/9500 1721/9501
f 1733/9502 1732/9503 1721/9504
f 1733/9505 1721/9506 1722/9507
f 1734/9508 1733/9509 1722/9510
f 1734/9511 1722/9512 1723/9513
f 1735/9514 1734/9515 1723/9516
f 1735/9517 1723/9518 1736/9519
f 1723/9520 1724/9521 1736/9522
f 1736/9523 1724/9524 1737/9525
f 1724/9526 1725/9527 1737/9528
f 1737/9529 1725/9530 1738/9531
f 1725/9532 1726/9533 1738/9534
f 1738/9535 1726/9536 1739/9537
f 1726/9538 1727/9539 1739/9540
f 1739/9541 1727/9542 1740/9543
f 1727/9544 1728/9545 1740/9546
f 1740/9547 1728/9548 1729/9549
f 1728/9550 1717/9551 1729/9552
f 1741/9553 1729/9554 1730/9555
f 1742/9556 1741/9557 1730/9558
f 1742/9559 1730/9560 1731/9561
f 1743/9562 1742/9563 1731/9564
f 1743/9565 1731/9566 1732/9567
f 1744/9568 1743/9569 1732/9570
f 1744/9571 1732/9572 1733/9573
f 1745/9574 1744/9575 1733/9576
f 1745/9577 1733/9578 1734/9579
f 1746/9580 1745/9581 1734/9582
f 1746/9583 1734/9584 1735/9585
f 1747/9586 1746/9587 1735/9588
f 1747/9589 1735/9590 1748/9591
f 1735/9592 1736/9593 1748/9594
f 1748/9595 1736/9596 1749/9597
f 1736/9598 1737/9599 1749/9600
f 1749/9601 1737/9602 1750/9603
f 1737/9604 1738/9605 1750/9606
f 1750/9607 1738/9608 1751/9609
f 1738/9610 1739/9611 1751/9612
f 1751/9613 1739/9614 1752/9615
f 1739/9616 1740/9617 1752/9618
f 1752/9619 1740/9620 1741/9621
f 1740/9622 1729/9623 1741/9624
f 1753/9625 1741/9626 1742/9627
f 1754/9628 1753/9629 1742/9630
f 1754/9631 1742/9632 1743/9633
f 1755/9634 1754/9635 1743/9636
f 1755/9637 1743/9638 1744/9639
f 1756/9640 1755/9641 1744/9642
f 1756/9643 1744/9644 1745/9645
f 1757/9646 1756/9647 1745/9648
f 1757/9649 1745/9650 1746/9651
f 1758/9652 1757/9653 1746/9654
f 1758/9655 1746/9656 1747/9657
f 1759/9658 1758/9659 1747/9660
f 1759/9661 1747/9662 1760/9663
f 1747/9664 1748/9665 1760/9666
f 1760/9667 1748/9668 1761/9669
f 1748/9670 1749/9671 1761/9672
f 1761/9673 1749/9674 1762/9675
f 1749/9676 1750/9677 1762/9678
f 1762/9679 1750/9680 1763/9681
f 1750/9682 1751/9683 1763/9684
f 1763/9685 1751/9686 1764/9687
f 1751/9688 1752/9689 1764/9690
f 1764/9691 1752/9692 1753/9693
f 1752/9694 1741/9695 1753/9696
f 1777/9697 1765/9698 1766/9699
f 1778/9700 1777/9701 1766/9702
f 1778/9703 1766/9704 1767/9705
f 1779/9706 1778/9707 1767/9708
f 1779/9709 1767/9710 1768/9711
f 1780/9712 1779/9713 1768/9714
f 1780/9715 1768/9716 1769/9717
f 1781/9718 1780/9719 1769/9720
f 1781/9721 1769/9722 1770/9723
f 1782/9724 1781/9725 1770/9726
f 1782/9727 1770/9728 1771/9729
f 1783/9730 1782/9731 1771/9732
f 1783/9733 1771/9734 1784/9735
f 1771/9736 1772/9737 1784/9738
f 1784/9739 1772/9740 1785/9741
f 1772/9742 1773/9743 1785/9744
f 1785/9745 1773/9746 1786/9747
f 1773/9748 1774/9749 1786/9750
f 1786/9751 1774/9752 1787/9753
f 1774/9754 1775/9755 1787/9756
f 1787/9757 1775/9758 1788/9759
f 1775/9760 1776/9761 1788/9762
f 1788/9763 1776/9764 1777/9765
f 1776/9766 1765/9767 1777/9768
f 1789/9769 1777/9770 1778/9771
f 1790/9772 1789/9773 1778/9774
f 1790/9775 1778/9776 1779/9777
f 1791/9778 1790/9779 1779/9780
f 1791/9781 1779/9782 1780/9783
f 1792/9784 1791/9785 1780/9786
f 1792/9787 1780/9788 1781/9789
f 1793/9790 1792/9791 1781/9792
f 1793/9793 1781/9794 1782/9795
f 1794/9796 1793/9797 1782/9798
f 1794/9799 1782/9800 1783/9801
f 1795/9802 1794/9803 1783/9804
f 1795/9805 1783/9806 1796/9807
f 1783/9808 1784/9809 1796/9810
f 1796/9811 1784/9812 1797/9813
f 1784/9814 1785/9815 1797/9816
f 1797/9817 1785/9818 1798/9819
f 1785/9820 1786/9821 1798/9822
f 1798/9823 1786/9824 1799/9825
f 1786/9826 1787/9827 1799/9828
f 1799/9829 1787/9830 1800/9831
f 1787/9832 1788/9833 1800/9834
f 1800/9835 1788/9836 1789/9837
f 1788/9838 1777/9839 1789/9840
f 1801/9841 1789/9842 1790/9843
f 1802/9844 1801/9845 1790/9846
f 1802/9847 1790/9848 1791/9849
f 1803/9850 1802/9851 1791/9852
f 1803/9853 1791/9854 1792/9855
f 1804/9856 1803/9857 1792/9858
f 1804/9859 1792/9860 1793/9861
f 1805/9862 1804/9863 1793/9864
f 1805/9865 1793/9866 1794/9867
f 1806/9868 1805/9869 1794/9870
f 1806/9871 1794/9872 1795/9873
f 1807/9874 1806/9875 1795/9876
f 1807/9877 1795/9878 1808/9879
f 1795/9880 1796/9881 1808/9882
f 1808/9883 1796/9884 1809/9885
f 1796/9886 1797/9887 1809/9888
f 1809/9889 1797/9890 1810/9891
f 1797/9892 1798/9893 1810/9894
f 1810/9895 1798/9896 1811/9897
f 1798/9898 1799/9899 1811/9900
f 1811/9901 1799/9902 1812/9903
f 1799/9904 1800/9905 1812/9906
f 1812/9907 1800/9908 1801/9909
f 1800/9910 1789/9911 1801/9912
f 1813/9913 1801/9914 1802/9915
f 1814/9916 1813/9917 1802/9918
f 1814/9919 1802/9920 1803/9921
f 1815/9922 1814/9923 1803/9924
f 1815/9925 1803/9926 1804/9927
f 1816/9928 1815/9929 1804/9930
f 1816/9931 1804/9932 1805/9933
f 1817/9934 1816/9935 1805/9936
f 1817/9937 1805/9938 1806/9939
f 1818/9940 1817/9941 1806/9942
f 1818/9943 1806/9944 1807/9945
f 1819/9946 1818/9947 1807/9948
f 1819/9949 1807/9950 1820/9951
f 1807/9952 1808/9953 1820/9954
f 1820/9955 1808/9956 1821/9957
f 1808/9958 1809/9959 1821/9960
f 1821/9961 1809/9962 1822/9963
f 1809/9964 1810/9965 1822/9966
f 1822/9967 1810/9968 1823/9969
f 1810/9970 1811/9971 1823/9972
f 1823/9973 1811/9974 1824/9975
f 1811/9976 1812/9977 1824/9978
f 1824/9979 1812/9980 1813/9981
f 1812/9982 1801/9983 1813/9984
f 1825/9985 1813/9986 1814/9987
f 1826/9988 1825/9989 1814/9990
f 1826/9991 1814/9992 1815/9993
f 1827/9994 1826/9995 1815/9996
f 1827/9997 1815/9998 1816/9999
f 1828/10000 1827/10001 1816/10002
f 1828/10003 1816/10004 1817/10005
f 1829/10006 1828/10007 1817/10008
f 1829/10009 1817/10010 1818/10011
f 1830/10012 1829/10013 1818/10014
f 1830/10015 1818/10016 1819/10017
f 1831/10018 1830/10019 1819/10020
f 1831/10021 1819/10022 1832/10023
f 1819/10024 1820/10025 1832/10026
f 1832/10027 1820/10028 1833/10029
f 1820/10030 1821/10031 1833/10032
f 1833/10033 1821/10034 1834/10035
f 1821/10036 1822/10037 1834/10038
f 1834/10039 1822/10040 1835/10041
f 1822/10042 1823/10043 1835/10044
f 1835/10045 1823/10046 1836/10047
f 1823/10048 1824/10049 1836/10050
f 1836/10051 1824/10052 1825/10053
f 1824/10054 1813/10055 1825/10056
f 1837/10057 1825/10058 1826/10059
f 1838/10060 1837/10061 1826/10062
f 1838/10063 1826/10064 1827/10065
f 1839/10066 1838/10067 1827/10068
f 1839/10069 1827/10070 1828/10071
f 1840/10072 1839/10073 1828/10074
f 1840/10075 1828/10076 1829/10077
f 1841/10078 1840/10079 1829/10080
f 1841/10081 1829/10082 1830/10083
f 1842/10084 1841/10085 1830/10086
f 1842/10087 1830/10088 1831/10089
f 1843/10090 1842/10091 1831/10092
f 1843/10093 1831/10094 1844/10095
f 1831/10096 1832/10097 1844/10098
f 1844/10099 1832/10100 1845/10101
f 1832/10102 1833/10103 1845/10104
f 1845/10105 1833/10106 1846/10107
f 1833/10108 1834/10109 1846/10110
f 1846/10111 1834/10112 1847/10113
f 1834/10114 1835/10115 1847/10116
f 1847/10117 1835/10118 1848/10119
f 1835/10120 1836/10121 1848/10122
f 1848/10123 1836/10124 1837/10125
f 1836/10126 1825/10127 1837/10128
f 1849/10129 1837/10130 1838/10131
f 1850/10132 1849/10133 1838/10134
f 1850/10135 1838/10136 1839/10137
f 1851/10138 1850/10139 1839/10140
f 1851/10141 1839/10142 1840/10143
f 1852/10144 1851/10145 1840/10146
f 1852/10147 1840/10148 1841/10149
f 1853/10150 1852/10151 1841/10152
f 1853/10153 1841/10154 1842/10155
f 1854/10156 1853/10157 1842/10158
f 1854/10159 1842/10160 1843/10161
f 1855/10162 1854/10163 1843/10164
f 1855/10165 1843/10166 1856/10167
f 1843/10168 1844/10169 1856/10170
f 1856/10171 1844/10172 1857/10173
f 1844/10174 1845/10175 1857/10176
f 1857/10177 1845/10178 1858/10179
f 1845/10180 1846/10181 1858/10182
f 1858/10183 1846/10184 1859/10185
f 1846/10186 1847/10187 1859/10188
f 1859/10189 1847/10190 1860/10191
f 1847/10192 1848/10193 1860/10194
f 1860/10195 1848/10196 1849/10197
f 1848/10198 1837/10199 1849/10200
f 1861/10201 1849/10202 1850/10203
f 1862/10204 1861/10205 1850/10206
f 1862/10207 1850/10208 1851/10209
f 1863/10210 1862/10211 1851/10212
f 1863/10213 1851/10214 1852/10215
f 1864/10216 1863/10217 1852/10218
f 1864/10219 1852/10220 1853/10221
f 1865/10222 1864/10223 1853/10224
f 1865/10225 1853/10226 1854/10227
f 1866/10228 1865/10229 1854/10230
f 1866/10231 1854/10232 1855/10233
f 1867/10234 1866/10235 1855/10236
f 1867/10237 1855/10238 1868/10239
f 1855/10240 1856/10241 1868/10242
f 1868/10243 1856/10244 1869/10245
f 1856/10246 1857/10247 1869/10248
f 1869/10249 1857/10250 1870/10251
f 1857/10252 1858/10253 1870/10254
f 1870/10255 1858/10256 1871/10257
f 1858/10258 1859/10259 1871/10260
f 1871/10261 1859/10262 1872/10263
f 1859/10264 1860/10265 1872/10266
f 1872/10267 1860/10268 1861/10269
f 1860/10270 1849/10271 1861/10272
f 1873/10273 1861/10274 1862/10275
f 1874/10276 1873/10277 1862/10278
f 1874/10279 1862/10280 1863/10281
f 1875/10282 1874/10283 1863/10284
f 1875/10285 1863/10286 1864/10287
f 1876/10288 1875/10289 1864/10290
f 1876/10291 1864/10292 1865/10293
f 1877/10294 1876/10295 1865/10296
f 1877/10297 1865/10298 1866/10299
f 1878/10300 1877/10301 1866/10302
f 1878/10303 1866/10304 1867/10305
f 1879/10306 1878/10307 1867/10308
f 1879/10309 1867/10310 1880/10311
f 1867/10312 1868/10313 1880/10314
f 1880/10315 1868/10316 1881/10317
f 1868/10318 1869/10319 1881/10320
f 1881/10321 1869/10322 1882/10323
f 1869/10324 1870/10325 1882/10326
f 1882/10327 1870/10328 1883/10329
f 1870/10330 1871/10331 1883/10332
f 1883/10333 1871/10334 1884/10335
f 1871/10336 1872/10337 1884/10338
f 1884/10339 1872/10340 1873/10341
f 1872/10342 1861/10343 1873/10344
f 1885/10345 1873/10346 1874/10347
f 1886/10348 1885/10349 1874/10350
f 1886/10351 1874/10352 1875/10353
f 1887/10354 1886/10355 1875/10356
f 1887/10357 1875/10358 1876/10359
f 1888/10360 1887/10361 1876/10362
f 1888/10363 1876/10364 1877/10365
f 1889/10366 1888/10367 1877/10368
f 1889/10369 1877/10370 1878/10371
f 1890/10372 1889/10373 1878/10374
f 1890/10375 1878/10376 1879/10377
f 1891/10378 1890/10379 1879/10380
f 1891/10381 1879/10382 1892/10383
f 1879/10384 1880/10385 1892/10386
f 1892/10387 1880/10388 1893/10389
f 1880/10390 1881/10391 1893/10392
f 1893/10393 1881/10394 1894/10395
f 1881/10396 1882/10397 1894/10398
f 1894/10399 1882/10400 1895/10401
f 1882/10402 1883/10403 1895/10404
f 1895/10405 1883/10406 1896/10407
f 1883/10408 1884/10409 1896/10410
f 1896/10411 1884/10412 1885/10413
f 1884/10414 1873/10415 1885/10416
f 1897/10417 1885/10418 1886/10419
f 1898/10420 1897/10421 1886/10422
f 1898/10423 1886/10424 1887/10425
f 1899/10426 1898/10427 1887/10428
f 1899/10429 1887/10430 1888/10431
f 1900/10432 1899/10433 1888/10434
f 1900/10435 1888/10436 1889/10437
f 1901/10438 1900/10439 1889/10440
f 1901/10441 1889/10442 1890/10443
f 1902/10444 1901/10445 1890/10446
f 1902/10447 1890/10448 1891/10449
f 1903/10450 1902/10451 1891/10452
f 1903/10453 1891/10454 1904/10455
f 1891/10456 1892/10457 1904/10458
f 1904/10459 1892/10460 1905/10461
f 1892/10462 1893/10463 1905/10464
f 1905/10465 1893/10466 1906/10467
f 1893/10468 1894/10469 1906/10470
f 1906/10471 1894/10472 1907/10473
f 1894/10474 1895/10475 1907/10476
f 1907/10477 1895/10478 1908/10479
f 1895/10480 1896/10481 1908/10482
f 1908/10483 1896/10484 1897/10485
f 1896/10486 1885/10487 1897/10488
f 1909/10489 1897/10490 1898/10491
f 1910/10492 1909/10493 1898/10494
f 1910/10495 1898/10496 1899/10497
f 1911/10498 1910/10499 1899/10500
f 1911/10501 1899/10502 1900/10503
f 1912/10504 1911/10505 1900/10506
f 1912/10507 1900/10508 1901/10509
f 1913/10510 1912/10511 1901/10512
f 1913/10513 1901/10514 1902/10515
f 1914/10516 1913/10517 1902/10518
f 1914/10519 1902/10520 1903/10521
f 1915/10522 1914/10523 1903/10524
f 1915/10525 1903/10526 1916/10527
f 1903/10528 1904/10529 1916/10530
f 1916/10531 1904/10532 1917/10533
f 1904/10534 1905/10535 1917/10536
f 1917/10537 1905/10538 1918/10539
f 1905/10540 1906/10541 1918/10542
f 1918/10543 1906/10544 1919/10545
f 1906/10546 1907/10547 1919/10548
f 1919/10549 1907/10550 1920/10551
f 1907/10552 1908/10553 1920/10554
f 1920/10555 1908/10556 1909/10557
f 1908/10558 1897/10559 1909/10560
f 1933/10561 1921/10562 1922/10563
f 1934/10564 1933/10565 1922/10566
f 1934/10567 1922/10568 1923/10569
f 1935/10570 1934/10571 1923/10572
f 1935/10573 1923/10574 1924/10575
f 1936/10576 1935/10577 1924/10578
f 1936/10579 1924/10580 1925/10581
f 1937/10582 1936/10583 1925/10584
f 1937/10585 1925/10586 1926/10587
f 1938/10588 1937/10589 1926/10590
f 1938/10591 1926/10592 1927/10593
f 1939/10594 1938/10595 1927/10596
f 1939/10597 1927/10598 1940/10599
f 1927/10600 1928/10601 1940/10602
f 1940/10603 1928/10604 1941/10605
f 1928/10606 1929/10607 1941/10608
f 1941/10609 1929/10610 1942/10611
f 1929/10612 1930/10613 1942/10614
f 1942/10615 1930/10616 1943/10617
f 1930/10618 1931/10619 1943/10620
f 1943/10621 1931/10622 1944/10623
f 1931/10624 1932/10625 1944/10626
f 1944/10627 1932/10628 1933/10629
f 1932/10630 1921/10631 1933/10632
f 1945/10633 1933/10634 1934/10635
f 1946/10636 1945/10637 1934/10638
f 1946/10639 1934/10640 1935/10641
f 1947/10642 1946/10643 1935/10644
f 1947/10645 1935/10646 1936/10647
f 1948/10648 1947/10649 1936/10650
f 1948/10651 1936/10652 1937/10653
f 1949/10654 1948/10655 1937/10656
f 1949/10657 1937/10658 1938/10659
f 1950/10660 1949/10661 1938/10662
f 1950/10663 1938/10664 1939/10665
f 1951/10666 1950/10667 1939/10668
f 1951/10669 1939/10670 1952/10671
f 1939/10672 1940/10673 1952/10674
f 1952/10675 1940/10676 1953/10677
f 1940/10678 1941/10679 1953/10680
f 1953/10681 1941/10682 1954/10683
f 1941/10684 1942/10685 1954/10686
f 1954/10687 1942/10688 1955/10689
f 1942/10690 1943/10691 1955/10692
f 1955/10693 1943/10694 1956/10695
f 1943/10696 1944/10697 1956/10698
f 1956/10699 1944/10700 1945/10701
f 1944/10702 1933/10703 1945/10704
f 1957/10705 1945/10706 1946/10707
f 1958/10708 1957/10709 1946/10710
f 1958/10711 1946/10712 1947/10713
f 1959/10714 1958/10715 1947/10716
f 1959/10717 1947/10718 1948/10719
f 1960/10720 1959/10721 1948/10722
f 1960/10723 1948/10724 1949/10725
f 1961/10726 1960/10727 1949/10728
f 1961/10729 1949/10730 1950/10731
f 1962/10732 1961/10733 1950/10734
f 1962/10735 1950/10736 1951/10737
f 1963/10738 1962/10739 1951/10740
f 1963/10741 1951/10742 1964/10743
f 1951/10744 1952/10745 1964/10746
f 1964/10747 1952/10748 1965/10749
f 1952/10750 1953/10751 1965/10752
f 1965/10753 1953/10754 1966/10755
f 1953/10756 1954/10757 1966/10758
f 1966/10759 1954/10760 1967/10761
f 1954/10762 1955/10763 1967/10764
f 1967/10765 1955/10766 1968/10767
f 1955/10768 1956/10769 1968/10770
f 1968/10771 1956/10772 1957/10773
f 1956/10774 1945/10775 1957/10776
f 1969/10777 1957/10778 1958/10779
f 1970/10780 1969/10781 1958/10782
f 1970/10783 1958/10784 1959/10785
f 1971/10786 1970/10787 1959/10788
f 1971/10789 1959/10790 1960/10791
f 1972/10792 1971/10793 1960/10794
f 1972/10795 1960/10796 1961/10797
f 1973/10798 1972/10799 1961/10800
f 1973/10801 1961/10802 1962/10803
f 1974/10804 1973/10805 1962/10806
f 1974/10807 1962/10808 1963/10809
f 1975/10810 1974/10811 1963/10812
f 1975/10813 1963/10814 1976/10815
f 1963/10816 1964/10817 1976/10818
f 1976/10819 1964/10820 1977/10821
f 1964/10822 1965/10823 1977/10824
f 1977/10825 1965/10826 1978/10827
f 1965/10828 1966/10829 1978/10830
f 1978/10831 1966/10832 1979/10833
f 1966/10834 1967/10835 1979/10836
f 1979/10837 1967/10838 1980/10839
f 1967/10840 1968/10841 1980/10842
f 1980/10843 1968/10844 1969/10845
f 1968/10846 1957/10847 1969/10848
f 1989/10849 1981/10850 1982/10851
f 1990/10852 1989/10853 1982/10854
f 1990/10855 1982/10856 1983/10857
f 1991/10858 1990/10859 1983/10860
f 1991/10861 1983/10862 1984/10863
f 1992/10864 1991/10865 1984/10866
f 1992/10867 1984/10868 1985/10869
f 1993/10870 1992/10871 1985/10872
f 1993/10873 1985/10874 1994/10875
f 1985/10876 1986/10877 1994/10878
f 1994/10879 1986/10880 1995/10881
f 1986/10882 1987/10883 1995/10884
f 1995/10885 1987/10886 1996/10887
f 1987/10888 1988/10889 1996/10890
f 1996/10891 1988/10892 1989/10893
f 1988/10894 1981/10895 1989/10896
f 1997/10897 1989/10898 1990/10899
f 1998/10900 1997/10901 1990/10902
f 1998/10903 1990/10904 1991/10905
f 1999/10906 1998/10907 1991/10908
f 1999/10909 1991/10910 1992/10911
f 2000/10912 1999/10913 1992/10914
f 2000/10915 1992/10916 1993/10917
f 2001/10918 2000/10919 1993/10920
f 2001/10921 1993/10922 2002/10923
f 1993/10924 1994/10925 2002/10926
f 2002/10927 1994/10928 2003/10929
f 1994/10930 1995/10931 2003/10932
f 2003/10933 1995/10934 2004/10935
f 1995/10936 1996/10937 2004/10938
f 2004/10939 1996/10940 1997/10941
f 1996/10942 1989/10943 1997/10944
f 2005/10945 1997/10946 1998/10947
f 2006/10948 2005/10949 1998/10950
f 2006/10951 1998/10952 1999/10953
f 2007/10954 2006/10955 1999/10956
f 2007/10957 1999/10958 2000/10959
f 2008/10960 2007/10961 2000/10962
f 2008/10963 2000/10964 2001/10965
f 2009/10966 2008/10967 2001/10968
f 2009/10969 2001/10970 2010/10971
f 2001/10972 2002/10973 2010/10974
f 2010/10975 2002/10976 2011/10977
f 2002/10978 2003/10979 2011/10980
f 2011/10981 2003/10982 2012/10983
f 2003/10984 2004/10985 2012/10986
f 2012/10987 2004/10988 2005/10989
f 2004/10990 1997/10991 2005/10992
f 2013/10993 2005/10994 2006/10995
f 2014/10996 2013/10997 2006/10998
f 2014/10999 2006/11000 2007/11001
f 2015/11002 2014/11003 2007/11004
f 2015/11005 2007/11006 2008/11007
f 2016/11008 2015/11009 2008/11010
f 2016/11011 2008/11012 2009/11013
f 2017/11014 2016/11015 2009/11016
f 2017/11017 2009/11018 2018/11019
f 2009/11020 2010/11021 2018/11022
f 2018/11023 2010/11024 2019/11025
f 2010/11026 2011/11027 2019/11028
f 2019/11029 2011/11030 2020/11031
f 2011/11032 2012/11033 2020/11034
f 2020/11035 2012/11036 2013/11037
f 2012/11038 2005/11039 2013/11040
f 2021/11041 2013/11042 2014/11043
f 2022/11044 2021/11045 2014/11046
f 2022/11047 2014/11048 2015/11049
f 2023/11050 2022/11051 2015/11052
f 2023/11053 2015/11054 2016/11055
f 2024/11056 2023/11057 2016/11058
f 2024/11059 2016/11060 2017/11061
f 2025/11062 2024/11063 2017/11064
f 2025/11065 2017/11066 2026/11067
f 2017/11068 2018/11069 2026/11070
f 2026/11071 2018/11072 2027/11073
f 2018/11074 2019/11075 2027/11076
f 2027/11077 2019/11078 2028/11079
f 2019/11080 2020/11081 2028/11082
f 2028/11083 2020/11084 2021/11085
f 2020/11086 2013/11087 2021/11088
f 2029/11089 2021/11090 2022/11091
f 2030/11092 2029/11093 2022/11094
f 2030/11095 2022/11096 2023/11097
f 2031/11098 2030/11099 2023/11100
f 2031/11101 2023/11102 2024/11103
f 2032/11104 2031/11105 2024/11106
f 2032/11107 2024/11108 2025/11109
f 2033/11110 2032/11111 2025/11112
f 2033/11113 2025/11114 2034/11115
f 2025/11116 2026/11117 2034/11118
f 2034/11119 2026/11120 2035/11121
f 2026/11122 2027/11123 2035/11124
f 2035/11125 2027/11126 2036/11127
f 2027/11128 2028/11129 2036/11130
f 2036/11131 2028/11132 2029/11133
f 2028/11134 2021/11135 2029/11136
f 2045/11137 2037/11138 2038/11139
f 2046/11140 2045/11141 2038/11142
f 2046/11143 2038/11144 2039/11145
f 2047/11146 2046/11147 2039/11148
f 2047/11149 2039/11150 2040/11151
f 2048/11152 2047/11153 2040/11154
f 2048/11155 2040/11156 2041/11157
f 2049/11158 2048/11159 2041/11160
f 2049/11161 2041/11162 2050/11163
f 2041/11164 2042/11165 2050/11166
f 2050/11167 2042/11168 2051/11169
f 2042/11170 2043/11171 2051/11172
f 2051/11173 2043/11174 2052/11175
f 2043/11176 2044/11177 2052/11178
f 2052/11179 2044/11180 2045/11181
f 2044/11182 2037/11183 2045/11184
f 2053/11185 2045/11186 2046/11187
f 2054/11188 2053/11189 2046/11190
f 2054/11191 2046/11192 2047/11193
f 2055/11194 2054/11195 2047/11196
f 2055/11197 2047/11198 2048/11199
f 2056/11200 2055/11201 2048/11202
f 2056/11203 2048/11204 2049/11205
f 2057/11206 2056/11207 2049/11208
f 2057/11209 2049/11210 2058/11211
f 2049/11212 2050/11213 2058/11214
f 2058/11215 2050/11216 2059/11217
f 2050/11218 2051/11219 2059/11220
f 2059/11221 2051/11222 2060/11223
f 2051/11224 2052/11225 2060/11226
f 2060/11227 2052/11228 2053/11229
f 2052/11230 2045/11231 2053/11232
f 2061/11233 2053/11234 2054/11235
f 2062/11236 2061/11237 2054/11238
f 2062/11239 2054/11240 2055/11241
f 2063/11242 2062/11243 2055/11244
f 2063/11245 2055/11246 2056/11247
f 2064/11248 2063/11249 2056/11250
f 2064/11251 2056/11252 2057/11253
f 2065/11254 2064/11255 2057/11256
f 2065/11257 2057/11258 2066/11259
f 2057/11260 2058/11261 2066/11262
f 2066/11263 2058/11264 2067/11265
f 2058/11266 2059/11267 2067/11268
f 2067/11269 2059/11270 2068/11271
f 2059/11272 2060/11273 2068/11274
f 2068/11275 2060/11276 2061/11277
f 2060/11278 2053/11279 2061/11280
f 2069/11281 2061/11282 2062/11283
f 2070/11284 2069/11285 2062/11286
f 2070/11287 2062/11288 2063/11289
f 2071/11290 2070/11291 2063/11292
f 2071/11293 2063/11294 2064/11295
f 2072/11296 2071/11297 2064/11298
f 2072/11299 2064/11300 2065/11301
f 2073/11302 2072/11303 2065/11304
f 2073/11305 2065/11306 2074/11307
f 2065/11308 2066/11309 2074/11310
f 2074/11311 2066/11312 2075/11313
f 2066/11314 2067/11315 2075/11316
f 2075/11317 2067/11318 2076/11319
f 2067/11320 2068/11321 2076/11322
f 2076/11323 2068/11324 2069/11325
f 2068/11326 2061/11327 2069/11328
f 2077/11329 2069/11330 2070/11331
f 2078/11332 2077/11333 2070/11334
f 2078/11335 2070/11336 2071/11337
f 2079/11338 2078/11339 2071/11340
f 2079/11341 2071/11342 2072/11343
f 2080/11344 2079/11345 2072/11346
f 2080/11347 2072/11348 2073/11349
f 2081/11350 2080/11351 2073/11352
f 2081/11353 2073/11354 2082/11355
f 2073/11356 2074/11357 2082/11358
f 2082/11359 2074/11360 2083/11361
f 2074/11362 2075/11363 2083/11364
f 2083/11365 2075/11366 2084/11367
f 2075/11368 2076/11369 2084/11370
f 2084/11371 2076/11372 2077/11373
f 2076/11374 2069/11375 2077/11376
f 2085/11377 2077/11378 2078/11379
f 2086/11380 2085/11381 2078/11382
f 2086/11383 2078/11384 2079/11385
f 2087/11386 2086/11387 2079/11388
f 2087/11389 2079/11390 2080/11391
f 2088/11392 2087/11393 2080/11394
f 2088/11395 2080/11396 2081/11397
f 2089/11398 2088/11399 2081/11400
f 2089/11401 2081/11402 2090/11403
f 2081/11404 2082/11405 2090/11406
f 2090/11407 2082/11408 2091/11409
f 2082/11410 2083/11411 2091/11412
f 2091/11413 2083/11414 2092/11415
f 2083/11416 2084/11417 2092/11418
f 2092/11419 2084/11420 2085/11421
f 2084/11422 2077/11423 2085/11424
f 2105/11425 2093/11426 2094/11427
f 2106/11428 2105/11429 2094/11430
f 2106/11431 2094/11432 2095/11433
f 2107/11434 2106/11435 2095/11436
f 2107/11437 2095/11438 2096/11439
f 2108/11440 2107/11441 2096/11442
f 2108/11443 2096/11444 2097/11445
f 2109/11446 2108/11447 2097/11448
f 2109/11449 2097/11450 2098/11451
f 2110/11452 2109/11453 2098/11454
f 2110/11455 2098/11456 2099/11457
f 2111/11458 2110/11459 2099/11460
f 2111/11461 2099/11462 2112/11463
f 2099/11464 2100/11465 2112/11466
f 2112/11467 2100/11468 2113/11469
f 2100/11470 2101/11471 2113/11472
f 2113/11473 2101/11474 2114/11475
f 2101/11476 2102/11477 2114/11478
f 2114/11479 2102/11480 2115/11481
f 2102/11482 2103/11483 2115/11484
f 2115/11485 2103/11486 2116/11487
f 2103/11488 2104/11489 2116/11490
f 2116/11491 2104/11492 2105/11493
f 2104/11494 2093/11495 2105/11496
f 2117/11497 2105/11498 2106/11499
f 2118/11500 2117/11501 2106/11502
f 2118/11503 2106/11504 2107/11505
f 2119/11506 2118/11507 2107/11508
f 2119/11509 2107/11510 2108/11511
f 2120/11512 2119/11513 2108/11514
f 2120/11515 2108/11516 2109/11517
f 2121/11518 2120/11519 2109/11520
f 2121/11521 2109/11522 2110/11523
f 2122/11524 2121/11525 2110/11526
f 2122/11527 2110/11528 2111/11529
f 2123/11530 2122/11531 2111/11532
f 2123/11533 2111/11534 2124/11535
f 2111/11536 2112/11537 2124/11538
f 2124/11539 2112/11540 2125/11541
f 2112/11542 2113/11543 2125/11544
f 2125/11545 2113/11546 2126/11547
f 2113/11548 2114/11549 2126/11550
f 2126/11551 2114/11552 2127/11553
f 2114/11554 2115/11555 2127/11556
f 2127/11557 2115/11558 2128/11559
f 2115/11560 2116/11561 2128/11562
f 2128/11563 2116/11564 2117/11565
f 2116/11566 2105/11567 2117/11568
f 2129/11569 2117/11570 2118/11571
f 2130/11572 2129/11573 2118/11574
f 2130/11575 2118/11576 2119/11577
f 2131/11578 2130/11579 2119/11580
f 2131/11581 2119/11582 2120/11583
f 2132/11584 2131/11585 2120/11586
f 2132/11587 2120/11588 2121/11589
f 2133/11590 2132/11591 2121/11592
f 2133/11593 2121/11594 2122/11595
f 2134/11596 2133/11597 2122/11598
f 2134/11599 2122/11600 2123/11601
f 2135/11602 2134/11603 2123/11604
f 2135/11605 2123/11606 2136/11607
f 2123/11608 2124/11609 2136/11610
f 2136/11611 2124/11612 2137/11613
f 2124/11614 2125/11615 2137/11616
f 2137/11617 2125/11618 2138/11619
f 2125/11620 2126/11621 2138/11622
f 2138/11623 2126/11624 2139/11625
f 2126/11626 2127/11627 2139/11628
f 2139/11629 2127/11630 2140/11631
f 2127/11632 2128/11633 2140/11634
f 2140/11635 2128/11636 2129/11637
f 2128/11638 2117/11639 2129/11640
f 2141/11641 2129/11642 2130/11643
f 2142/11644 2141/11645 2130/11646
f 2142/11647 2130/11648 2131/11649
f 2143/11650 2142/11651 2131/11652
f 2143/11653 2131/11654 2132/11655
f 2144/11656 2143/11657 2132/11658
f 2144/11659 2132/11660 2133/11661
f 2145/11662 2144/11663 2133/11664
f 2145/11665 2133/11666 2134/11667
f 2146/11668 2145/11669 2134/11670
f 2146/11671 2134/11672 2135/11673
f 2147/11674 2146/11675 2135/11676
f 2147/11677 2135/11678 2148/11679
f 2135/11680 2136/11681 2148/11682
f 2148/11683 2136/11684 2149/11685
f 2136/11686 2137/11687 2149/11688
f 2149/11689 2137/11690 2150/11691
f 2137/11692 2138/11693 2150/11694
f 2150/11695 2138/11696 2151/11697
f 2138/11698 2139/11699 2151/11700
f 2151/11701 2139/11702 2152/11703
f 2139/11704 2140/11705 2152/11706
f 2152/11707 2140/11708 2141/11709
f 2140/11710 2129/11711 2141/11712
f 2165/11713 2153/11714 2154/11715
f 2166/11716 2165/11717 2154/11718
f 2166/11719 2154/11720 2155/11721
f 2167/11722 2166/11723 2155/11724
f 2167/11725 2155/11726 2156/11727
f 2168/11728 2167/11729 2156/11730
f 2168/11731 2156/11732 2157/11733
f 2169/11734 2168/11735 2157/11736
f 2169/11737 2157/11738 2158/11739
f 2170/11740 2169/11741 2158/11742
f 2170/11743 2158/11744 2159/11745
f 2171/11746 2170/11747 2159/11748
f 2171/11749 2159/11750 2172/11751
f 2159/11752 2160/11753 2172/11754
f 2172/11755 2160/11756 2173/11757
f 2160/11758 2161/11759 2173/11760
f 2173/11761 2161/11762 2174/11763
f 2161/11764 2162/11765 2174/11766
f 2174/11767 2162/11768 2175/11769
f 2162/11770 2163/11771 2175/11772
f 2175/11773 2163/11774 2176/11775
f 2163/11776 2164/11777 2176/11778
f 2176/11779 2164/11780 2165/11781
f 2164/11782 2153/11783 2165/11784
f 2177/11785 2165/11786 2166/11787
f 2178/11788 2177/11789 2166/11790
f 2178/11791 2166/11792 2167/11793
f 2179/11794 2178/11795 2167/11796
f 2179/11797 2167/11798 2168/11799
f 2180/11800 2179/11801 2168/11802
f 2180/11803 2168/11804 2169/11805
f 2181/11806 2180/11807 2169/11808
f 2181/11809 2169/11810 2170/11811
f 2182/11812 2181/11813 2170/11814
f 2182/11815 2170/11816 2171/11817
f 2183/11818 2182/11819 2171/11820
f 2183/11821 2171/11822 2184/11823
f 2171/11824 2172/11825 2184/11826
f 2184/11827 2172/11828 2185/11829
f 2172/11830 2173/11831 2185/11832
f 2185/11833 2173/11834 2186/11835
f 2173/11836 2174/11837 2186/11838
f 2186/11839 2174/11840 2187/11841
f 2174/11842 2175/11843 2187/11844
f 2187/11845 2175/11846 2188/11847
f 2175/11848 2176/11849 2188/11850
f 2188/11851 2176/11852 2177/11853
f 2176/11854 2165/11855 2177/11856
f 2189/11857 2177/11858 2178/11859
f 2190/11860 2189/11861 2178/11862
f 2190/11863 2178/11864 2179/11865
f 2191/11866 2190/11867 2179/11868
f 2191/11869 2179/11870 2180/11871
f 2192/11872 2191/11873 2180/11874
f 2192/11875 2180/11876 2181/11877
f 2193/11878 2192/11879 2181/11880
f 2193/11881 2181/11882 2182/11883
f 2194/11884 2193/11885 2182/11886
f 2194/11887 2182/11888 2183/11889
f 2195/11890 2194/11891 2183/11892
f 2195/11893 2183/11894 2196/11895
f 2183/11896 2184/11897 2196/11898
f 2196/11899 2184/11900 2197/11901
f 2184/11902 2185/11903 2197/11904
f 2197/11905 2185/11906 2198/11907
f 2185/11908 2186/11909 2198/11910
f 2198/11911 2186/11912 2199/11913
f 2186/11914 2187/11915 2199/11916
f 2199/11917 2187/11918 2200/11919
f 2187/11920 2188/11921 2200/11922
f 2200/11923 2188/11924 2189/11925
f 2188/11926 2177/11927 2189/11928
f 2201/11929 2189/11930 2190/11931
f 2202/11932 2201/11933 2190/11934
f 2202/11935 2190/11936 2191/11937
f 2203/11938 2202/11939 2191/11940
f 2203/11941 2191/11942 2192/11943
f 2204/11944 2203/11945 2192/11946
f 2204/11947 2192/11948 2193/11949
f 2205/11950 2204/11951 2193/11952
f 2205/11953 2193/11954 2194/11955
f 2206/11956 2205/11957 2194/11958
f 2206/11959 2194/11960 2195/11961
f 2207/11962 2206/11963 2195/11964
f 2207/11965 2195/11966 2208/11967
f 2195/11968 2196/11969 2208/11970
f 2208/11971 2196/11972 2209/11973
f 2196/11974 2197/11975 2209/11976
f 2209/11977 2197/11978 2210/11979
f 2197/11980 2198/11981 2210/11982
f 2210/11983 2198/11984 2211/11985
f 2198/11986 2199/11987 2211/11988
f 2211/11989 2199/11990 2212/11991
f 2199/11992 2200/11993 2212/11994
f 2212/11995 2200/11996 2201/11997
f 2200/11998 2189/11999 2201/12000
f 2221/12001 2213/12002 2214/12003
f 2222/12004 2221/12005 2214/12006
f 2222/12007 2214/12008 2215/12009
f 2223/12010 2222/12011 2215/12012
f 2223/12013 2215/12014 2216/12015
f 2224/12016 2223/12017 2216/12018
f 2224/12019 2216/12020 2217/12021
f 2225/12022 2224/12023 2217/12024
f 2225/12025 2217/12026 2226/12027
f 2217/12028 2218/12029 2226/12030
f 2226/12031 2218/12032 2227/12033
f 2218/12034 2219/12035 2227/12036
f 2227/12037 2219/12038 2228/12039
f 2219/12040 2220/12041 2228/12042
f 2228/12043 2220/12044 2221/12045
f 2220/12046 2213/12047 2221/12048
f 2229/12049 2221/12050 2222/12051
f 2230/12052 2229/12053 2222/12054
f 2230/12055 2222/12056 2223/12057
f 2231/12058 2230/12059 2223/12060
f 2231/12061 2223/12062 2224/12063
f 2232/12064 2231/12065 2224/12066
f 2232/12067 2224/12068 2225/12069
f 2233/12070 2232/12071 2225/12072
f 2233/12073 2225/12074 2234/12075
f 2225/12076 2226/12077 2234/12078
f 2234/12079 2226/12080 2235/12081
f 2226/12082 2227/12083 2235/12084
f 2235/12085 2227/12086 2236/12087
f 2227/12088 2228/12089 2236/12090
f 2236/12091 2228/12092 2229/12093
f 2228/12094 2221/12095 2229/12096
f 2237/12097 2229/12098 2230/12099
f 2238/12100 2237/12101 2230/12102
f 2238/12103 2230/12104 2231/12105
f 2239/12106 2238/12107 2231/12108
f 2239/12109 2231/12110 2232/12111
f 2240/12112 2239/12113 2232/12114
f 2240/12115 2232/12116 2233/12117
f 2241/12118 2240/12119 2233/12120
f 2241/12121 2233/12122 2242/12123
f 2233/12124 2234/12125 2242/12126
f 2242/12127 2234/12128 2243/12129
f 2234/12130 2235/12131 2243/12132
f 2243/12133 2235/12134 2244/12135
f 2235/12136 2236/12137 2244/12138
f 2244/12139 2236/12140 2237/12141
f 2236/12142 2229/12143 2237/12144
f 2245/12145 2237/12146 2238/12147
f 2246/12148 2245/12149 2238/12150
f 2246/12151 2238/12152 2239/12153
f 2247/12154 2246/12155 2239/12156
f 2247/12157 2239/12158 2240/12159
f 2248/12160 2247/12161 2240/12162
f 2248/12163 2240/12164 2241/12165
f 2249/12166 2248/12167 2241/12168
f 2249/12169 2241/12170 2250/12171
f 2241/12172 2242/12173 2250/12174
f 2250/12175 2242/12176 2251/12177
f 2242/12178 2243/12179 2251/12180
f 2251/12181 2243/12182 2252/12183
f 2243/12184 2244/12185 2252/12186
f 2252/12187 2244/12188 2245/12189
f 2244/12190 2237/12191 2245/12192
f 2253/12193 2245/12194 2246/12195
f 2254/12196 2253/12197 2246/12198
f 2254/12199 2246/12200 2247/12201
f 2255/12202 2254/12203 2247/12204
f 2255/12205 2247/12206 2248/12207
f 2256/12208 2255/12209 2248/12210
f 2256/12211 2248/12212 2249/12213
f 2257/12214 2256/12215 2249/12216
f 2257/12217 2249/12218 2258/12219
f 2249/12220 2250/12221 2258/12222
f 2258/12223 2250/12224 2259/12225
f 2250/12226 2251/12227 2259/12228
f 2259/12229 2251/12230 2260/12231
f 2251/12232 2252/12233 2260/12234
f 2260/12235 2252/12236 2253/12237
f 2252/12238 2245/12239 2253/12240
f 2261/12241 2253/12242 2254/12243
f 2262/12244 2261/12245 2254/12246
f 2262/12247 2254/12248 2255/12249
f 2263/12250 2262/12251 2255/12252
f 2263/12253 2255/12254 2256/12255
f 2264/12256 2263/12257 2256/12258
f 2264/12259 2256/12260 2257/12261
f 2265/12262 2264/12263 2257/12264
f 2265/12265 2257/12266 2266/12267
f 2257/12268 2258/12269 2266/12270
f 2266/12271 2258/12272 2267/12273
f 2258/12274 2259/12275 2267/12276
f 2267/12277 2259/12278 2268/12279
f 2259/12280 2260/12281 2268/12282
f 2268/12283 2260/12284 2261/12285
f 2260/12286 2253/12287 2261/12288
f 2277/12289 2269/12290 2270/12291
f 2278/12292 2277/12293 2270/12294
f 2278/12295 2270/12296 2271/12297
f 2279/12298 2278/12299 2271/12300
f 2279/12301 2271/12302 2272/12303
f 2280/12304 2279/12305 2272/12306
f 2280/12307 2272/12308 2273/12309
f 2281/12310 2280/12311 2273/12312
f 2281/12313 2273/12314 2282/12315
f 2273/12316 2274/12317 2282/12318
f 2282/12319 2274/12320 2283/12321
f 2274/12322 2275/12323 2283/12324
f 2283/12325 2275/12326 2284/12327
f 2275/12328 2276/12329 2284/12330
f 2284/12331 2276/12332 2277/12333
f 2276/12334 2269/12335 2277/12336
f 2285/12337 2277/12338 2278/12339
f 2286/12340 2285/12341 2278/12342
f 2286/12343 2278/12344 2279/12345
f 2287/12346 2286/12347 2279/12348
f 2287/12349 2279/12350 2280/12351
f 2288/12352 2287/12353 2280/12354
f 2288/12355 2280/12356 2281/12357
f 2289/12358 2288/12359 2281/12360
f 2289/12361 2281/12362 2290/12363
f 2281/12364 2282/12365 2290/12366
f 2290/12367 2282/12368 2291/12369
f 2282/12370 2283/12371 2291/12372
f 2291/12373 2283/12374 2292/12375
f 2283/12376 2284/12377 2292/12378
f 2292/12379 2284/12380 2285/12381
f 2284/12382 2277/12383 2285/12384
f 2293/12385 2285/12386 2286/12387
f 2294/12388 2293/12389 2286/12390
f 2294/12391 2286/12392 2287/12393
f 2295/12394 2294/12395 2287/12396
f 2295/12397 2287/12398 2288/12399
f 2296/12400 2295/12401 2288/12402
f 2296/12403 2288/12404 2289/12405
f 2297/12406 2296/12407 2289/12408
f 2297/12409 2289/12410 2298/12411
f 2289/12412 2290/12413 2298/12414
f 2298/12415 2290/12416 2299/12417
f 2290/12418 2291/12419 2299/12420
f 2299/12421 2291/12422 2300/12423
f 2291/12424 2292/12425 2300/12426
f 2300/12427 2292/12428 2293/12429
f 2292/12430 2285/12431 2293/12432
f 2301/12433 2293/12434 2294/12435
f 2302/12436 2301/12437 2294/12438
f 2302/12439 2294/12440 2295/12441
f 2303/12442 2302/12443 2295/12444
f 2303/12445 2295/12446 2296/12447
f 2304/12448 2303/12449 2296/12450
f 2304/12451 2296/12452 2297/12453
f 2305/12454 2304/12455 2297/12456
f 2305/12457 2297/12458 2306/12459
f 2297/12460 2298/12461 2306/12462
f 2306/12463 2298/12464 2307/12465
f 2298/12466 2299/12467 2307/12468
f 2307/12469 2299/12470 2308/12471
f 2299/12472 2300/12473 2308/12474
f 2308/12475 2300/12476 2301/12477
f 2300/12478 2293/12479 2301/12480
f 2309/12481 2301/12482 2302/12483
f 2310/12484 2309/12485 2302/12486
f 2310/12487 2302/12488 2303/12489
f 2311/12490 2310/12491 2303/12492
f 2311/12493 2303/12494 2304/12495
f 2312/12496 2311/12497 2304/12498
f 2312/12499 2304/12500 2305/12501
f 2313/12502 2312/12503 2305/12504
f 2313/12505 2305/12506 2314/12507
f 2305/12508 2306/12509 2314/12510
f 2314/12511 2306/12512 2315/12513
f 2306/12514 2307/12515 2315/12516
f 2315/12517 2307/12518 2316/12519
f 2307/12520 2308/12521 2316/12522
f 2316/12523 2308/12524 2309/12525
f 2308/12526 2301/12527 2309/12528
f 2317/12529 2309/12530 2310/12531
f 2318/12532 2317/12533 2310/12534
f 2318/12535 2310/12536 2311/12537
f 2319/12538 2318/12539 2311/12540
f 2319/12541 2311/12542 2312/12543
f 2320/12544 2319/12545 2312/12546
f 2320/12547 2312/12548 2313/12549
f 2321/12550 2320/12551 2313/12552
f 2321/12553 2313/12554 2322/12555
f 2313/12556 2314/12557 2322/12558
f 2322/12559 2314/12560 2323/12561
f 2314/12562 2315/12563 2323/12564
f 2323/12565 2315/12566 2324/12567
f 2315/12568 2316/12569 2324/12570
f 2324/12571 2316/12572 2317/12573
f 2316/12574 2309/12575 2317/12576
f 2337/12577 2325/12578 2326/12579
f 2338/12580 2337/12581 2326/12582
f 2338/12583 2326/12584 2327/12585
f 2339/12586 2338/12587 2327/12588
f 2339/12589 2327/12590 2328/12591
f 2340/12592 2339/12593 2328/12594
f 2340/12595 2328/12596 2329/12597
f 2341/12598 2340/12599 2329/12600
f 2341/12601 2329/12602 2330/12603
f 2342/12604 2341/12605 2330/12606
f 2342/12607 2330/12608 2331/12609
f 2343/12610 2342/12611 2331/12612
f 2343/12613 2331/12614 2344/12615
f 2331/12616 2332/12617 2344/12618
f 2344/12619 2332/12620 2345/12621
f 2332/12622 2333/12623 2345/12624
f 2345/12625 2333/12626 2346/12627
f 2333/12628 2334/12629 2346/12630
f 2346/12631 2334/12632 2347/12633
f 2334/12634 2335/12635 2347/12636
f 2347/12637 2335/12638 2348/12639
f 2335/12640 2336/12641 2348/12642
f 2348/12643 2336/12644 2337/12645
f 2336/12646 2325/12647 2337/12648
f 2349/12649 2337/12650 2338/12651
f 2350/12652 2349/12653 2338/12654
f 2350/12655 2338/12656 2339/12657
f 2351/12658 2350/12659 2339/12660
f 2351/12661 2339/12662 2340/12663
f 2352/12664 2351/12665 2340/12666
f 2352/12667 2340/12668 2341/12669
f 2353/12670 2352/12671 2341/12672
f 2353/12673 2341/12674 2342/12675
f 2354/12676 2353/12677 2342/12678
f 2354/12679 2342/12680 2343/12681
f 2355/12682 2354/12683 2343/12684
f 2355/12685 2343/12686 2356/12687
f 2343/12688 2344/12689 2356/12690
f 2356/12691 2344/12692 2357/12693
f 2344/12694 2345/12695 2357/12696
f 2357/12697 2345/12698 2358/12699
f 2345/12700 2346/12701 2358/12702
f 2358/12703 2346/12704 2359/12705
f 2346/12706 2347/12707 2359/12708
f 2359/12709 2347/12710 2360/12711
f 2347/12712 2348/12713 2360/12714
f 2360/12715 2348/12716 2349/12717
f 2348/12718 2337/12719 2349/12720
f 2361/12721 2349/12722 2350/12723
f 2362/12724 2361/12725 2350/12726
f 2362/12727 2350/12728 2351/12729
f 2363/12730 2362/12731 2351/12732
f 2363/12733 2351/12734 2352/12735
f 2364/12736 2363/12737 2352/12738
f 2364/12739 2352/12740 2353/12741
f 2365/12742 2364/12743 2353/12744
f 2365/12745 2353/12746 2354/12747
f 2366/12748 2365/12749 2354/12750
f 2366/12751 2354/12752 2355/12753
f 2367/12754 2366/12755 2355/12756
f 2367/12757 2355/12758 2368/12759
f 2355/12760 2356/12761 2368/12762
f 2368/12763 2356/12764 2369/12765
f 2356/12766 2357/12767 2369/12768
f 2369/12769 2357/12770 2370/12771
f 2357/12772 2358/12773 2370/12774
f 2370/12775 2358/12776 2371/12777
f 2358/12778 2359/12779 2371/12780
f 2371/12781 2359/12782 2372/12783
f 2359/12784 2360/12785 2372/12786
f 2372/12787 2360/12788 2361/12789
f 2360/12790 2349/12791 2361/12792
f 2373/12793 2361/12794 2362/12795
f 2374/12796 2373/12797 2362/12798
f 2374/12799 2362/12800 2363/12801
f 2375/12802 2374/12803 2363/12804
f 2375/12805 2363/12806 2364/12807
f 2376/12808 2375/12809 2364/12810
f 2376/12811 2364/12812 2365/12813
f 2377/12814 2376/12815 2365/12816
f 2377/12817 2365/12818 2366/12819
f 2378/12820 2377/12821 2366/12822
f 2378/12823 2366/12824 2367/12825
f 2379/12826 2378/12827 2367/12828
f 2379/12829 2367/12830 2380/12831
f 2367/12832 2368/12833 2380/12834
f 2380/12835 2368/12836 2381/12837
f 2368/12838 2369/12839 2381/12840
f 2381/12841 2369/12842 2382/12843
f 2369/12844 2370/12845 2382/12846
f 2382/12847 2370/12848 2383/12849
f 2370/12850 2371/12851 2383/12852
f 2383/12853 2371/12854 2384/12855
f 2371/12856 2372/12857 2384/12858
f 2384/12859 2372/12860 2373/12861
f 2372/12862 2361/12863 2373/12864
f 2385/12865 2373/12866 2374/12867
f 2386/12868 2385/12869 2374/12870
f 2386/12871 2374/12872 2375/12873
f 2387/12874 2386/12875 2375/12876
f 2387/12877 2375/12878 2376/12879
f 2388/12880 2387/12881 2376/12882
f 2388/12883 2376/12884 2377/12885
f 2389/12886 2388/12887 2377/12888
f 2389/12889 2377/12890 2378/12891
f 2390/12892 2389/12893 2378/12894
f 2390/12895 2378/12896 2379/12897
f 2391/12898 2390/12899 2379/12900
f 2391/12901 2379/12902 2392/12903
f 2379/12904 2380/12905 2392/12906
f 2392/12907 2380/12908 2393/12909
f 2380/12910 2381/12911 2393/12912
f 2393/12913 2381/12914 2394/12915
f 2381/12916 2382/12917 2394/12918
f 2394/12919 2382/12920 2395/12921
f 2382/12922 2383/12923 2395/12924
f 2395/12925 2383/12926 2396/12927
f 2383/12928 2384/12929 2396/12930
f 2396/12931 2384/12932 2385/12933
f 2384/12934 2373/12935 2385/12936
f 2397/12937 2385/12938 2386/12939
f 2398/12940 2397/12941 2386/12942
f 2398/12943 2386/12944 2387/12945
f 2399/12946 2398/12947 2387/12948
f 2399/12949 2387/12950 2388/12951
f 2400/12952 2399/12953 2388/12954
f 2400/12955 2388/12956 2389/12957
f 2401/12958 2400/12959 2389/12960
f 2401/12961 2389/12962 2390/12963
f 2402/12964 2401/12965 2390/12966
f 2402/12967 2390/12968 2391/12969
f 2403/12970 2402/12971 2391/12972
f 2403/12973 2391/12974 2404/12975
f 2391/12976 2392/12977 2404/12978
f 2404/12979 2392/12980 2405/12981
f 2392/12982 2393/12983 2405/12984
f 2405/12985 2393/12986 2406/12987
f 2393/12988 2394/12989 2406/12990
f 2406/12991 2394/12992 2407/12993
f 2394/12994 2395/12995 2407/12996
f 2407/12997 2395/12998 2408/12999
f 2395/13000 2396/13001 2408/13002
f 2408/13003 2396/13004 2397/13005
f 2396/13006 2385/13007 2397/13008
f 2421/13009 2409/13010 2410/13011
f 2422/13012 2421/13013 2410/13014
f 2422/13015 2410/13016 2411/13017
f 2423/13018 2422/13019 2411/13020
f 2423/13021 2411/13022 2412/13023
f 2424/13024 2423/13025 2412/13026
f 2424/13027 2412/13028 2413/13029
f 2425/13030 2424/13031 2413/13032
f 2425/13033 2413/13034 2414/13035
f 2426/13036 2425/13037 2414/13038
f 2426/13039 2414/13040 2415/13041
f 2427/13042 2426/13043 2415/13044
f 2427/13045 2415/13046 2428/13047
f 2415/13048 2416/13049 2428/13050
f 2428/13051 2416/13052 2429/13053
f 2416/13054 2417/13055 2429/13056
f 2429/13057 2417/13058 2430/13059
f 2417/13060 2418/13061 2430/13062
f 2430/13063 2418/13064 2431/13065
f 2418/13066 2419/13067 2431/13068
f 2431/13069 2419/13070 2432/13071
f 2419/13072 2420/13073 2432/13074
f 2432/13075 2420/13076 2421/13077
f 2420/13078 2409/13079 2421/13080
f 2433/13081 2421/13082 2422/13083
f 2434/13084 2433/13085 2422/13086
f 2434/13087 2422/13088 2423/13089
f 2435/13090 2434/13091 2423/13092
f 2435/13093 2423/13094 2424/13095
f 2436/13096 2435/13097 2424/13098
f 2436/13099 2424/13100 2425/13101
f 2437/13102 2436/13103 2425/13104
f 2437/13105 2425/13106 2426/13107
f 2438/13108 2437/13109 2426/13110
f 2438/13111 2426/13112 2427/13113
f 2439/13114 2438/13115 2427/13116
f 2439/13117 2427/13118 2440/13119
f 2427/13120 2428/13121 2440/13122
f 2440/13123 2428/13124 2441/13125
f 2428/13126 2429/13127 2441/13128
f 2441/13129 2429/13130 2442/13131
f 2429/13132 2430/13133 2442/13134
f 2442/13135 2430/13136 2443/13137
f 2430/13138 2431/13139 2443/13140
f 2443/13141 2431/13142 2444/13143
f 2431/13144 2432/13145 2444/13146
f 2444/13147 2432/13148 2433/13149
f 2432/13150 2421/13151 2433/13152
f 2445/13153 2433/13154 2434/13155
f 2446/13156 2445/13157 2434/13158
f 2446/13159 2434/13160 2435/13161
f 2447/13162 2446/13163 2435/13164
f 2447/13165 2435/13166 2436/13167
f 2448/13168 2447/13169 2436/13170
f 2448/13171 2436/13172 2437/13173
f 2449/13174 2448/13175 2437/13176
f 2449/13177 2437/13178 2438/13179
f 2450/13180 2449/13181 2438/13182
f 2450/13183 2438/13184 2439/13185
f 2451/13186 2450/13187 2439/13188
f 2451/13189 2439/13190 2452/13191
f 2439/13192 2440/13193 2452/13194
f 2452/13195 2440/13196 2453/13197
f 2440/13198 2441/13199 2453/13200
f 2453/13201 2441/13202 2454/13203
f 2441/13204 2442/13205 2454/13206
f 2454/13207 2442/13208 2455/13209
f 2442/13210 2443/13211 2455/13212
f 2455/13213 2443/13214 2456/13215
f 2443/13216 2444/13217 2456/13218
f 2456/13219 2444/13220 2445/13221
f 2444/13222 2433/13223 2445/13224
f 2457/13225 2445/13226 2446/13227
f 2458/13228 2457/13229 2446/13230
f 2458/13231 2446/13232 2447/13233
f 2459/13234 2458/13235 2447/13236
f 2459/13237 2447/13238 2448/13239
f 2460/13240 2459/13241 2448/13242
f 2460/13243 2448/13244 2449/13245
f 2461/13246 2460/13247 2449/13248
f 2461/13249 2449/13250 2450/13251
f 2462/13252 2461/13253 2450/13254
f 2462/13255 2450/13256 2451/13257
f 2463/13258 2462/13259 2451/13260
f 2463/13261 2451/13262 2464/13263
f 2451/13264 2452/13265 2464/13266
f 2464/13267 2452/13268 2465/13269
f 2452/13270 2453/13271 2465/13272
f 2465/13273 2453/13274 2466/13275
f 2453/13276 2454/13277 2466/13278
f 2466/13279 2454/13280 2467/13281
f 2454/13282 2455/13283 2467/13284
f 2467/13285 2455/13286 2468/13287
f 2455/13288 2456/13289 2468/13290
f 2468/13291 2456/13292 2457/13293
f 2456/13294 2445/13295 2457/13296
f 2469/13297 2457/13298 2458/13299
f 2470/13300 2469/13301 2458/13302
f 2470/13303 2458/13304 2459/13305
f 2471/13306 2470/13307 2459/13308
f 2471/13309 2459/13310 2460/13311
f 2472/13312 2471/13313 2460/13314
f 2472/13315 2460/13316 2461/13317
f 2473/13318 2472/13319 2461/13320
f 2473/13321 2461/13322 2462/13323
f 2474/13324 2473/13325 2462/13326
f 2474/13327 2462/13328 2463/13329
f 2475/13330 2474/13331 2463/13332
f 2475/13333 2463/13334 2476/13335
f 2463/13336 2464/13337 2476/13338
f 2476/13339 2464/13340 2477/13341
f 2464/13342 2465/13343 2477/13344
f 2477/13345 2465/13346 2478/13347
f 2465/13348 2466/13349 2478/13350
f 2478/13351 2466/13352 2479/13353
f 2466/13354 2467/13355 2479/13356
f 2479/13357 2467/13358 2480/13359
f 2467/13360 2468/13361 2480/13362
f 2480/13363 2468/13364 2469/13365
f 2468/13366 2457/13367 2469/13368
f 2497/13369 2481/13370 2482/13371
f 2498/13372 2497/13373 2482/13374
f 2498/13375 2482/13376 2483/13377
f 2499/13378 2498/13379 2483/13380
f 2499/13381 2483/13382 2484/13383
f 2500/13384 2499/13385 2484/13386
f 2500/13387 2484/13388 2485/13389
f 2501/13390 2500/13391 2485/13392
f 2501/13393 2485/13394 2486/13395
f 2502/13396 2501/13397 2486/13398
f 2502/13399 2486/13400 2487/13401
f 2503/13402 2502/13403 2487/13404
f 2503/13405 2487/13406 2488/13407
f 2504/13408 2503/13409 2488/13410
f 2504/13411 2488/13412 2489/13413
f 2505/13414 2504/13415 2489/13416
f 2505/13417 2489/13418 2506/13419
f 2489/13420 2490/13421 2506/13422
f 2506/13423 2490/13424 2507/13425
f 2490/13426 2491/13427 2507/13428
f 2507/13429 2491/13430 2508/13431
f 2491/13432 2492/13433 2508/13434
f 2508/13435 2492/13436 2509/13437
f 2492/13438 2493/13439 2509/13440
f 2509/13441 2493/13442 2510/13443
f 2493/13444 2494/13445 2510/13446
f 2510/13447 2494/13448 2511/13449
f 2494/13450 2495/13451 2511/13452
f 2511/13453 2495/13454 2512/13455
f 2495/13456 2496/13457 2512/13458
f 2512/13459 2496/13460 2497/13461
f 2496/13462 2481/13463 2497/13464
f 2513/13465 2497/13466 2498/13467
f 2514/13468 2513/13469 2498/13470
f 2514/13471 2498/13472 2499/13473
f 2515/13474 2514/13475 2499/13476
f 2515/13477 2499/13478 2500/13479
f 2516/13480 2515/13481 2500/13482
f 2516/13483 2500/13484 2501/13485
f 2517/13486 2516/13487 2501/13488
f 2517/13489 2501/13490 2502/13491
f 2518/13492 2517/13493 2502/13494
f 2518/13495 2502/13496 2503/13497
f 2519/13498 2518/13499 2503/13500
f 2519/13501 2503/13502 2504/13503
f 2520/13504 2519/13505 2504/13506
f 2520/13507 2504/13508 2505/13509
f 2521/13510 2520/13511 2505/13512
f 2521/13513 2505/13514 2522/13515
f 2505/13516 2506/13517 2522/13518
f 2522/13519 2506/13520 2523/13521
f 2506/13522 2507/13523 2523/13524
f 2523/13525 2507/13526 2524/13527
f 2507/13528 2508/13529 2524/13530
f 2524/13531 2508/13532 2525/13533
f 2508/13534 2509/13535 2525/13536
f 2525/13537 2509/13538 2526/13539
f 2509/13540 2510/13541 2526/13542
f 2526/13543 2510/13544 2527/13545
f 2510/13546 2511/13547 2527/13548
f 2527/13549 2511/13550 2528/13551
f 2511/13552 2512/13553 2528/13554
f 2528/13555 2512/13556 2513/13557
f 2512/13558 2497/13559 2513/13560
f 2529/13561 2513/13562 2514/13563
f 2530/13564 2529/13565 2514/13566
f 2530/13567 2514/13568 2515/13569
f 2531/13570 2530/13571 2515/13572
f 2531/13573 2515/13574 2516/13575
f 2532/13576 2531/13577 2516/13578
f 2532/13579 2516/13580 2517/13581
f 2533/13582 2532/13583 2517/13584
f 2533/13585 2517/13586 2518/13587
f 2534/13588 2533/13589 2518/13590
f 2534/13591 2518/13592 2519/13593
f 2535/13594 2534/13595 2519/13596
f 2535/13597 2519/13598 2520/13599
f 2536/13600 2535/13601 2520/13602
f 2536/13603 2520/13604 2521/13605
f 2537/13606 2536/13607 2521/13608
f 2537/13609 2521/13610 2538/13611
f 2521/13612 2522/13613 2538/13614
f 2538/13615 2522/13616 2539/13617
f 2522/13618 2523/13619 2539/13620
f 2539/13621 2523/13622 2540/13623
f 2523/13624 2524/13625 2540/13626
f 2540/13627 2524/13628 2541/13629
f 2524/13630 2525/13631 2541/13632
f 2541/13633 2525/13634 2542/13635
f 2525/13636 2526/13637 2542/13638
f 2542/13639 2526/13640 2543/13641
f 2526/13642 2527/13643 2543/13644
f 2543/13645 2527/13646 2544/13647
f 2527/13648 2528/13649 2544/13650
f 2544/13651 2528/13652 2529/13653
f 2528/13654 2513/13655 2529/13656
f 2545/13657 2529/13658 2530/13659
f 2546/13660 2545/13661 2530/13662
f 2546/13663 2530/13664 2531/13665
f 2547/13666 2546/13667 2531/13668
f 2547/13669 2531/13670 2532/13671
f 2548/13672 2547/13673 2532/13674
f 2548/13675 2532/13676 2533/13677
f 2549/13678 2548/13679 2533/13680
f 2549/13681 2533/13682 2534/13683
f 2550/13684 2549/13685 2534/13686
f 2550/13687 2534/13688 2535/13689
f 2551/13690 2550/13691 2535/13692
f 2551/13693 2535/13694 2536/13695
f 2552/13696 2551/13697 2536/13698
f 2552/13699 2536/13700 2537/13701
f 2553/13702 2552/13703 2537/13704
f 2553/13705 2537/13706 2554/13707
f 2537/13708 2538/13709 2554/13710
f 2554/13711 2538/13712 2555/13713
f 2538/13714 2539/13715 2555/13716
f 2555/13717 2539/13718 2556/13719
f 2539/13720 2540/13721 2556/13722
f 2556/13723 2540/13724 2557/13725
f 2540/13726 2541/13727 2557/13728
f 2557/13729 2541/13730 2558/13731
f 2541/13732 2542/13733 2558/13734
f 2558/13735 2542/13736 2559/13737
f 2542/13738 2543/13739 2559/13740
f 2559/13741 2543/13742 2560/13743
f 2543/13744 2544/13745 2560/13746
f 2560/13747 2544/13748 2545/13749
f 2544/13750 2529/13751 2545/13752
f 2561/13753 2545/13754 2546/13755
f 2562/13756 2561/13757 2546/13758
f 2562/13759 2546/13760 2547/13761
f 2563/13762 2562/13763 2547/13764
f 2563/13765 2547/13766 2548/13767
f 2564/13768 2563/13769 2548/13770
f 2564/13771 2548/13772 2549/13773
f 2565/13774 2564/13775 2549/13776
f 2565/13777 2549/13778 2550/13779
f 2566/13780 2565/13781 2550/13782
f 2566/13783 2550/13784 2551/13785
f 2567/13786 2566/13787 2551/13788
f 2567/13789 2551/13790 2552/13791
f 2568/13792 2567/13793 2552/13794
f 2568/13795 2552/13796 2553/13797
f 2569/13798 2568/13799 2553/13800
f 2569/13801 2553/13802 2570/13803
f 2553/13804 2554/13805 2570/13806
f 2570/13807 2554/13808 2571/13809
f 2554/13810 2555/13811 2571/13812
f 2571/13813 2555/13814 2572/13815
f 2555/13816 2556/13817 2572/13818
f 2572/13819 2556/13820 2573/13821
f 2556/13822 2557/13823 2573/13824
f 2573/13825 2557/13826 2574/13827
f 2557/13828 2558/13829 2574/13830
f 2574/13831 2558/13832 2575/13833
f 2558/13834 2559/13835 2575/13836
f 2575/13837 2559/13838 2576/13839
f 2559/13840 2560/13841 2576/13842
f 2576/13843 2560/13844 2561/13845
f 2560/13846 2545/13847 2561/13848
