v -0.97799 -0.06284 0
v -0.97799 -0.06284 0
v -0.97799 -0.06284 0
v -0.97799 -0.06284 0
v -0.97799 -0.06284 0
v -0.97799 -0.06284 0
v -0.97799 -0.06284 0
v -0.97799 -0.06284 0
v -0.98792 -0.06406 0.1
v -0.98361 -0.09915 0.07071
v -0.98182 -0.11369 0
v -0.98361 -0.09915 -0.07071
v -0.98792 -0.06406 -0.1
v -0.99223 -0.02897 -0.07071
v -0.99401 -0.01444 0
v -0.99223 -0.02897 0.07071
v -1.02762 -0.06894 0.19
v -1.01986 -0.1321 0.13435
v -1.01665 -0.15827 0
v -1.01986 -0.1321 -0.13435
v -1.02762 -0.06894 -0.19
v -1.03537 -0.00577 -0.13435
v -1.03859 0.02039 0
v -1.03537 -0.00577 0.13435
v -0.98792 -0.06406 0.2
v -0.9793 -0.13425 0.14142
v -0.97573 -0.16332 0
v -0.9793 -0.13425 -0.14142
v -0.98792 -0.06406 -0.2
v -0.99653 0.00612 -0.14142
v -1.0001 0.03519 0
v -0.99653 0.00612 0.14142
v -0.90346 -0.01339 0.24
v -0.8914 -0.11165 0.16971
v -0.8864 -0.15235 0
v -0.8914 -0.11165 -0.16971
v -0.90346 -0.01339 -0.24
v -0.91553 0.08486 -0.16971
v -0.92052 0.12556 0
v -0.91553 0.08486 0.16971
v -0.76694 0.02352 0.24
v -0.75488 -0.07474 0.16971
v -0.74988 -0.11544 0
v -0.75488 -0.07474 -0.16971
v -0.76694 0.02352 -0.24
v -0.77901 0.12178 -0.16971
v -0.784 0.16248 0
v -0.77901 0.12178 0.16971
v -0.66891 0.04563 0.24
v -0.65684 -0.05262 0.16971
v -0.65185 -0.09332 0
v -0.65684 -0.05262 -0.16971
v -0.66891 0.04563 -0.24
v -0.68097 0.14389 -0.16971
v -0.68597 0.18459 0
v -0.68097 0.14389 0.16971
v -0.68876 0.04319 0.14
v -0.67669 -0.05506 0.09899
v -0.6717 -0.09576 0
v -0.67669 -0.05506 -0.09899
v -0.68876 0.04319 -0.14
v -0.70082 0.14145 -0.09899
v -0.70582 0.18215 0
v -0.70082 0.14145 0.09899
v -0.68876 0.04319 0.12
v -0.68359 0.00108 0.08485
v -0.68145 -0.01636 0
v -0.68359 0.00108 -0.08485
v -0.68876 0.04319 -0.12
v -0.69393 0.0853 -0.08485
v -0.69607 0.10275 0
v -0.69393 0.0853 0.08485
v -0.68876 0.04319 0.14
v -0.68359 0.00108 0.09899
v -0.68145 -0.01636 0
v -0.68359 0.00108 -0.09899
v -0.68876 0.04319 -0.14
v -0.69393 0.0853 -0.09899
v -0.69607 0.10275 0
v -0.69393 0.0853 0.09899
v -0.68876 0.04319 0.14
v -0.68359 0.00108 0.09899
v -0.68145 -0.01636 0
v -0.68359 0.00108 -0.09899
v -0.68876 0.04319 -0.14
v -0.69393 0.0853 -0.09899
v -0.69607 0.10275 0
v -0.69393 0.0853 0.09899
v -0.68876 0.04319 0.14
v -0.68359 0.00108 0.09899
v -0.68145 -0.01636 0
v -0.68359 0.00108 -0.09899
v -0.68876 0.04319 -0.14
v -0.69393 0.0853 -0.09899
v -0.69607 0.10275 0
v -0.69393 0.0853 0.09899
v -0.68876 0.04319 0.14
v -0.68359 0.00108 0.09899
v -0.68145 -0.01636 0
v -0.68359 0.00108 -0.09899
v -0.68876 0.04319 -0.14
v -0.69393 0.0853 -0.09899
v -0.69607 0.10275 0
v -0.69393 0.0853 0.09899
v -0.68876 0.04319 0.14
v -0.68359 0.00108 0.09899
v -0.68145 -0.01636 0
v -0.68359 0.00108 -0.09899
v -0.68876 0.04319 -0.14
v -0.69393 0.0853 -0.09899
v -0.69607 0.10275 0
v -0.69393 0.0853 0.09899
v -0.68876 0.04319 0.14
v -0.68359 0.00108 0.09899
v -0.68145 -0.01636 0
v -0.68359 0.00108 -0.09899
v -0.68876 0.04319 -0.14
v -0.69393 0.0853 -0.09899
v -0.69607 0.10275 0
v -0.69393 0.0853 0.09899
v -0.68876 0.04319 0
v -0.68876 0.04319 0
v -0.68876 0.04319 0
v -0.68876 0.04319 0
v -0.68876 0.04319 0
v -0.68876 0.04319 0
v -0.68876 0.04319 0
v -0.68876 0.04319 0
v -0.95636 -0.56754 0
v -0.95636 -0.56754 0
v -0.95636 -0.56754 0
v -0.95636 -0.56754 0
v -0.95636 -0.56754 0
v -0.95636 -0.56754 0
v -0.95636 -0.56754 0
v -0.95636 -0.56754 0
v -0.96331 -0.57473 0.1
v -0.93787 -0.59929 0.07071
v -0.92734 -0.60946 0
v -0.93787 -0.59929 -0.07071
v -0.96331 -0.57473 -0.1
v -0.98874 -0.55017 -0.07071
v -0.99927 -0.54 0
v -0.98874 -0.55017 0.07071
v -0.99109 -0.6035 0.19
v -0.94531 -0.64771 0.13435
v -0.92635 -0.66602 0
v -0.94531 -0.64771 -0.13435
v -0.99109 -0.6035 -0.19
v -1.03687 -0.5593 -0.13435
v -1.05583 -0.54099 0
v -1.03687 -0.5593 0.13435
v -0.96331 -0.57473 0.2
v -0.91244 -0.62385 0.14142
v -0.89137 -0.6442 0
v -0.91244 -0.62385 -0.14142
v -0.96331 -0.57473 -0.2
v -1.01417 -0.52561 -0.14142
v -1.03524 -0.50527 0
v -1.01417 -0.52561 0.14142
v -0.87201 -0.53778 0.24
v -0.8008 -0.60654 0.16971
v -0.77131 -0.63503 0
v -0.8008 -0.60654 -0.16971
v -0.87201 -0.53778 -0.24
v -0.94322 -0.46901 -0.16971
v -0.97272 -0.44052 0
v -0.94322 -0.46901 0.16971
v -0.76037 -0.45096 0.24
v -0.68916 -0.51973 0.16971
v -0.65967 -0.54821 0
v -0.68916 -0.51973 -0.16971
v -0.76037 -0.45096 -0.24
v -0.83159 -0.3822 -0.16971
v -0.86108 -0.35371 0
v -0.83159 -0.3822 0.16971
v -0.68372 -0.38598 0.24
v -0.6125 -0.45474 0.16971
v -0.58301 -0.48323 0
v -0.6125 -0.45474 -0.16971
v -0.68372 -0.38598 -0.24
v -0.75493 -0.31721 -0.16971
v -0.78442 -0.28872 0
v -0.75493 -0.31721 0.16971
v -0.69761 -0.40036 0.14
v -0.6264 -0.46913 0.09899
v -0.5969 -0.49761 0
v -0.6264 -0.46913 -0.09899
v -0.69761 -0.40036 -0.14
v -0.76882 -0.33159 -0.09899
v -0.79832 -0.30311 0
v -0.76882 -0.33159 0.09899
v -0.69761 -0.40036 0.12
v -0.66709 -0.42983 0.08485
v -0.65445 -0.44204 0
v -0.66709 -0.42983 -0.08485
v -0.69761 -0.40036 -0.12
v -0.72813 -0.37089 -0.08485
v -0.74077 -0.35868 0
v -0.72813 -0.37089 0.08485
v -0.69761 -0.40036 0.14
v -0.66709 -0.42983 0.09899
v -0.65445 -0.44204 0
v -0.66709 -0.42983 -0.09899
v -0.69761 -0.40036 -0.14
v -0.72813 -0.37089 -0.09899
v -0.74077 -0.35868 0
v -0.72813 -0.37089 0.09899
v -0.69761 -0.40036 0.14
v -0.66709 -0.42983 0.09899
v -0.65445 -0.44204 0
v -0.66709 -0.42983 -0.09899
v -0.69761 -0.40036 -0.14
v -0.72813 -0.37089 -0.09899
v -0.74077 -0.35868 0
v -0.72813 -0.37089 0.09899
v -0.69761 -0.40036 0.14
v -0.66709 -0.42983 0.09899
v -0.65445 -0.44204 0
v -0.66709 -0.42983 -0.09899
v -0.69761 -0.40036 -0.14
v -0.72813 -0.37089 -0.09899
v -0.74077 -0.35868 0
v -0.72813 -0.37089 0.09899
v -0.69761 -0.40036 0.14
v -0.66709 -0.42983 0.09899
v -0.65445 -0.44204 0
v -0.66709 -0.42983 -0.09899
v -0.69761 -0.40036 -0.14
v -0.72813 -0.37089 -0.09899
v -0.74077 -0.35868 0
v -0.72813 -0.37089 0.09899
v -0.69761 -0.40036 0.14
v -0.66709 -0.42983 0.09899
v -0.65445 -0.44204 0
v -0.66709 -0.42983 -0.09899
v -0.69761 -0.40036 -0.14
v -0.72813 -0.37089 -0.09899
v -0.74077 -0.35868 0
v -0.72813 -0.37089 0.09899
v -0.69761 -0.40036 0.14
v -0.66709 -0.42983 0.09899
v -0.65445 -0.44204 0
v -0.66709 -0.42983 -0.09899
v -0.69761 -0.40036 -0.14
v -0.72813 -0.37089 -0.09899
v -0.74077 -0.35868 0
v -0.72813 -0.37089 0.09899
v -0.69761 -0.40036 0
v -0.69761 -0.40036 0
v -0.69761 -0.40036 0
v -0.69761 -0.40036 0
v -0.69761 -0.40036 0
v -0.69761 -0.40036 0
v -0.69761 -0.40036 0
v -0.69761 -0.40036 0
v -0.50552 -0.06402 0
v -0.50552 -0.06402 0
v -0.50552 -0.06402 0
v -0.50552 -0.06402 0
v -0.50552 -0.06402 0
v -0.50552 -0.06402 0
v -0.50552 -0.06402 0
v -0.50552 -0.06402 0
v -0.50552 -0.06402 0.1
v -0.48978 -0.17606 0.07071
v -0.48326 -0.22246 0
v -0.48978 -0.17606 -0.07071
v -0.50552 -0.06402 -0.1
v -0.52127 0.04802 -0.07071
v -0.52779 0.09442 0
v -0.52127 0.04802 0.07071
v -0.50552 -0.06402 0.14
v -0.48978 -0.17606 0.09899
v -0.48326 -0.22246 0
v -0.48978 -0.17606 -0.09899
v -0.50552 -0.06402 -0.14
v -0.52127 0.04802 -0.09899
v -0.52779 0.09442 0
v -0.52127 0.04802 0.09899
v -0.50552 -0.06402 0.14
v -0.48978 -0.17606 0.09899
v -0.48326 -0.22246 0
v -0.48978 -0.17606 -0.09899
v -0.50552 -0.06402 -0.14
v -0.52127 0.04802 -0.09899
v -0.52779 0.09442 0
v -0.52127 0.04802 0.09899
v -0.50552 -0.06402 0.14
v -0.48978 -0.17606 0.09899
v -0.48326 -0.22246 0
v -0.48978 -0.17606 -0.09899
v -0.50552 -0.06402 -0.14
v -0.52127 0.04802 -0.09899
v -0.52779 0.09442 0
v -0.52127 0.04802 0.09899
v -0.50552 -0.06402 0.14
v -0.48978 -0.17606 0.09899
v -0.48326 -0.22246 0
v -0.48978 -0.17606 -0.09899
v -0.50552 -0.06402 -0.14
v -0.52127 0.04802 -0.09899
v -0.52779 0.09442 0
v -0.52127 0.04802 0.09899
v -0.50552 -0.06402 0.14
v -0.48978 -0.17606 0.09899
v -0.48326 -0.22246 0
v -0.48978 -0.17606 -0.09899
v -0.50552 -0.06402 -0.14
v -0.52127 0.04802 -0.09899
v -0.52779 0.09442 0
v -0.52127 0.04802 0.09899
v -0.50552 -0.06402 0.14
v -0.48978 -0.17606 0.09899
v -0.48326 -0.22246 0
v -0.48978 -0.17606 -0.09899
v -0.50552 -0.06402 -0.14
v -0.52127 0.04802 -0.09899
v -0.52779 0.09442 0
v -0.52127 0.04802 0.09899
v -0.38669 -0.04732 0.22
v -0.36701 -0.18736 0.15556
v -0.35886 -0.24537 0
v -0.36701 -0.18736 -0.15556
v -0.38669 -0.04732 -0.22
v -0.40637 0.09273 -0.15556
v -0.41453 0.15073 0
v -0.40637 0.09273 0.15556
v -0.14903 -0.01392 0.24
v -0.12344 -0.19598 0.16971
v -0.11284 -0.27139 0
v -0.12344 -0.19598 -0.16971
v -0.14903 -0.01392 -0.24
v -0.17461 0.16814 -0.16971
v -0.18521 0.24355 0
v -0.17461 0.16814 0.16971
v -0.02029 0.00418 0.24
v 0.00529 -0.17788 0.16971
v 0.01589 -0.25329 0
v 0.00529 -0.17788 -0.16971
v -0.02029 0.00418 -0.24
v -0.04588 0.18623 -0.16971
v -0.05648 0.26164 0
v -0.04588 0.18623 0.16971
v -0.02029 0.00418 0.24
v 0.00529 -0.17788 0.16971
v 0.01589 -0.25329 0
v 0.00529 -0.17788 -0.16971
v -0.02029 0.00418 -0.24
v -0.04588 0.18623 -0.16971
v -0.05648 0.26164 0
v -0.04588 0.18623 0.16971
v -0.02029 0.00418 0.24
v 0.00529 -0.17788 0.16971
v 0.01589 -0.25329 0
v 0.00529 -0.17788 -0.16971
v -0.02029 0.00418 -0.24
v -0.04588 0.18623 -0.16971
v -0.05648 0.26164 0
v -0.04588 0.18623 0.16971
v -0.02029 0.00418 0.24
v 0.00529 -0.17788 0.16971
v 0.01589 -0.25329 0
v 0.00529 -0.17788 -0.16971
v -0.02029 0.00418 -0.24
v -0.04588 0.18623 -0.16971
v -0.05648 0.26164 0
v -0.04588 0.18623 0.16971
v -0.02029 0.00418 0.14
v -0.00651 -0.09386 0.09899
v -0.00081 -0.13446 0
v -0.00651 -0.09386 -0.09899
v -0.02029 0.00418 -0.14
v -0.03407 0.10221 -0.09899
v -0.03978 0.14281 0
v -0.03407 0.10221 0.09899
v -0.02029 0.00418 0
v -0.02029 0.00418 0
v -0.02029 0.00418 0
v -0.02029 0.00418 0
v -0.02029 0.00418 0
v -0.02029 0.00418 0
v -0.02029 0.00418 0
v -0.02029 0.00418 0
v 0.01978 -0.00366 0
v 0.01978 -0.00366 0
v 0.01978 -0.00366 0
v 0.01978 -0.00366 0
v 0.01978 -0.00366 0
v 0.01978 -0.00366 0
v 0.01978 -0.00366 0
v 0.01978 -0.00366 0
v 0.01978 -0.00366 0.1
v 0.01116 -0.07384 0.07071
v 0.00759 -0.10291 0
v 0.01116 -0.07384 -0.07071
v 0.01978 -0.00366 -0.1
v 0.02839 0.06653 -0.07071
v 0.03196 0.0956 0
v 0.02839 0.06653 0.07071
v 0.01978 -0.00366 0.14
v 0.0034 -0.137 0.09899
v -0.00338 -0.19224 0
v 0.0034 -0.137 -0.09899
v 0.01978 -0.00366 -0.14
v 0.03615 0.12969 -0.09899
v 0.04293 0.18493 0
v 0.03615 0.12969 0.09899
v 0.01978 -0.00366 0.14
v -0.00263 -0.18613 0.09899
v -0.01191 -0.26172 0
v -0.00263 -0.18613 -0.09899
v 0.01978 -0.00366 -0.14
v 0.04218 0.17882 -0.09899
v 0.05146 0.25441 0
v 0.04218 0.17882 0.09899
v 0.01978 -0.00366 0.14
v -0.00263 -0.18613 0.09899
v -0.01191 -0.26172 0
v -0.00263 -0.18613 -0.09899
v 0.01978 -0.00366 -0.14
v 0.04218 0.17882 -0.09899
v 0.05146 0.25441 0
v 0.04218 0.17882 0.09899
v 0.01978 -0.00366 0.14
v -0.00263 -0.18613 0.09899
v -0.01191 -0.26172 0
v -0.00263 -0.18613 -0.09899
v 0.01978 -0.00366 -0.14
v 0.04218 0.17882 -0.09899
v 0.05146 0.25441 0
v 0.04218 0.17882 0.09899
v 0.01978 -0.00366 0.14
v -0.00263 -0.18613 0.09899
v -0.01191 -0.26172 0
v -0.00263 -0.18613 -0.09899
v 0.01978 -0.00366 -0.14
v 0.04218 0.17882 -0.09899
v 0.05146 0.25441 0
v 0.04218 0.17882 0.09899
v 0.01978 -0.00366 0.14
v -0.00263 -0.18613 0.09899
v -0.01191 -0.26172 0
v -0.00263 -0.18613 -0.09899
v 0.01978 -0.00366 -0.14
v 0.04218 0.17882 -0.09899
v 0.05146 0.25441 0
v 0.04218 0.17882 0.09899
v 0.01978 -0.00366 0.22
v -0.00263 -0.18613 0.15556
v -0.01191 -0.26172 0
v -0.00263 -0.18613 -0.15556
v 0.01978 -0.00366 -0.22
v 0.04218 0.17882 -0.15556
v 0.05146 0.25441 0
v 0.04218 0.17882 0.15556
v 0.01978 -0.00366 0.24
v -0.00263 -0.18613 0.16971
v -0.01191 -0.26172 0
v -0.00263 -0.18613 -0.16971
v 0.01978 -0.00366 -0.24
v 0.04218 0.17882 -0.16971
v 0.05146 0.25441 0
v 0.04218 0.17882 0.16971
v 0.01978 -0.00366 0.24
v -0.00263 -0.18613 0.16971
v -0.01191 -0.26172 0
v -0.00263 -0.18613 -0.16971
v 0.01978 -0.00366 -0.24
v 0.04218 0.17882 -0.16971
v 0.05146 0.25441 0
v 0.04218 0.17882 0.16971
v 0.16866 -0.02194 0.24
v 0.14625 -0.20441 0.16971
v 0.13697 -0.28 0
v 0.14625 -0.20441 -0.16971
v 0.16866 -0.02194 -0.24
v 0.19106 0.16054 -0.16971
v 0.20034 0.23613 0
v 0.19106 0.16054 0.16971
v 0.38702 -0.04875 0.24
v 0.36461 -0.23123 0.16971
v 0.35533 -0.30681 0
v 0.36461 -0.23123 -0.16971
v 0.38702 -0.04875 -0.24
v 0.40942 0.13373 -0.16971
v 0.4187 0.20931 0
v 0.40942 0.13373 0.16971
v 0.5359 -0.06703 0.24
v 0.51349 -0.24951 0.16971
v 0.50421 -0.32509 0
v 0.51349 -0.24951 -0.16971
v 0.5359 -0.06703 -0.24
v 0.55831 0.11545 -0.16971
v 0.56759 0.19103 0
v 0.55831 0.11545 0.16971
v 0.68478 -0.08531 0.14
v 0.67272 -0.18357 0.09899
v 0.66772 -0.22427 0
v 0.67272 -0.18357 -0.09899
v 0.68478 -0.08531 -0.14
v 0.69685 0.01295 -0.09899
v 0.70184 0.05365 0
v 0.69685 0.01295 0.09899
v 0.60538 -0.07556 0
v 0.60538 -0.07556 0
v 0.60538 -0.07556 0
v 0.60538 -0.07556 0
v 0.60538 -0.07556 0
v 0.60538 -0.07556 0
v 0.60538 -0.07556 0
v 0.60538 -0.07556 0
v -0.42867 -0.32824 0.2
v -0.42867 -0.32824 0.2
v -0.42867 -0.32824 0.2
v -0.42867 -0.32824 0.2
v -0.42867 -0.32824 0.2
v -0.42867 -0.32824 0.2
v -0.42867 -0.32824 0.2
v -0.42867 -0.32824 0.2
v -0.40918 -0.33274 0.26
v -0.41236 -0.34652 0.24243
v -0.41368 -0.35223 0.2
v -0.41236 -0.34652 0.15757
v -0.40918 -0.33274 0.14
v -0.406 -0.31896 0.15757
v -0.40468 -0.31325 0.2
v -0.406 -0.31896 0.24243
v -0.25479 -0.4197 0.28
v -0.26274 -0.45415 0.25657
v -0.26603 -0.46842 0.2
v -0.26274 -0.45415 0.14343
v -0.25479 -0.4197 0.12
v -0.24683 -0.38525 0.14343
v -0.24354 -0.37098 0.2
v -0.24683 -0.38525 0.25657
v -0.13786 -0.44669 0.28
v -0.14582 -0.48114 0.25657
v -0.14911 -0.49541 0.2
v -0.14582 -0.48114 0.14343
v -0.13786 -0.44669 0.12
v -0.12991 -0.41224 0.14343
v -0.12661 -0.39798 0.2
v -0.12991 -0.41224 0.25657
v -0.13786 -0.44669 0.29
v -0.14582 -0.48114 0.26657
v -0.14911 -0.49541 0.21
v -0.14582 -0.48114 0.15343
v -0.13786 -0.44669 0.13
v -0.12991 -0.41224 0.15343
v -0.12661 -0.39798 0.21
v -0.12991 -0.41224 0.26657
v -0.13786 -0.44669 0.26
v -0.14263 -0.46736 0.24243
v -0.14461 -0.47592 0.2
v -0.14263 -0.46736 0.15757
v -0.13786 -0.44669 0.14
v -0.13309 -0.42602 0.15757
v -0.13111 -0.41746 0.2
v -0.13309 -0.42602 0.24243
v -0.13786 -0.44669 0.2
v -0.13786 -0.44669 0.2
v -0.13786 -0.44669 0.2
v -0.13786 -0.44669 0.2
v -0.13786 -0.44669 0.2
v -0.13786 -0.44669 0.2
v -0.13786 -0.44669 0.2
v -0.13786 -0.44669 0.2
v 0.05153 -0.34648 0.2
v 0.05153 -0.34648 0.2
v 0.05153 -0.34648 0.2
v 0.05153 -0.34648 0.2
v 0.05153 -0.34648 0.2
v 0.05153 -0.34648 0.2
v 0.05153 -0.34648 0.2
v 0.05153 -0.34648 0.2
v 0.05153 -0.34648 0.26
v 0.05705 -0.3595 0.24243
v 0.05934 -0.36489 0.2
v 0.05705 -0.3595 0.15757
v 0.05153 -0.34648 0.14
v 0.046 -0.33347 0.15757
v 0.04371 -0.32807 0.2
v 0.046 -0.33347 0.24243
v 0.05153 -0.34648 0.28
v 0.06534 -0.37903 0.25657
v 0.07107 -0.39251 0.2
v 0.06534 -0.37903 0.14343
v 0.05153 -0.34648 0.12
v 0.03771 -0.31394 0.14343
v 0.03199 -0.30046 0.2
v 0.03771 -0.31394 0.25657
v 0.05153 -0.34648 0.28
v 0.06534 -0.37903 0.25657
v 0.07107 -0.39251 0.2
v 0.06534 -0.37903 0.14343
v 0.05153 -0.34648 0.12
v 0.03771 -0.31394 0.14343
v 0.03199 -0.30046 0.2
v 0.03771 -0.31394 0.25657
v 0.21722 -0.27615 0.29
v 0.23103 -0.3087 0.26657
v 0.23676 -0.32218 0.21
v 0.23103 -0.3087 0.15343
v 0.21722 -0.27615 0.13
v 0.2034 -0.24361 0.15343
v 0.19768 -0.23013 0.21
v 0.2034 -0.24361 0.26657
v 0.29364 -0.20026 0.26
v 0.30193 -0.21979 0.24243
v 0.30536 -0.22787 0.2
v 0.30193 -0.21979 0.15757
v 0.29364 -0.20026 0.14
v 0.28535 -0.18073 0.15757
v 0.28192 -0.17264 0.2
v 0.28535 -0.18073 0.24243
v 0.22808 -0.17377 0.2
v 0.22808 -0.17377 0.2
v 0.22808 -0.17377 0.2
v 0.22808 -0.17377 0.2
v 0.22808 -0.17377 0.2
v 0.22808 -0.17377 0.2
v 0.22808 -0.17377 0.2
v 0.22808 -0.17377 0.2
v -0.7912 0.42511 0.05
v -0.7912 0.42511 0.05
v -0.7912 0.42511 0.05
v -0.7912 0.42511 0.05
v -0.7912 0.42511 0.05
v -0.7912 0.42511 0.05
v -0.7912 0.42511 0.05
v -0.7912 0.42511 0.05
v -0.77834 0.40979 0.07
v -0.78918 0.4007 0.06414
v -0.79366 0.39694 0.05
v -0.78918 0.4007 0.03586
v -0.77834 0.40979 0.03
v -0.76751 0.41888 0.03586
v -0.76302 0.42265 0.05
v -0.76751 0.41888 0.06414
v -0.68342 0.3589 0.11
v -0.71592 0.33163 0.09243
v -0.72939 0.32033 0.05
v -0.71592 0.33163 0.00757
v -0.68342 0.3589 -0.01
v -0.65092 0.38617 0.00757
v -0.63746 0.39747 0.05
v -0.65092 0.38617 0.09243
v -0.64362 0.32703 0.11
v -0.67612 0.29976 0.09243
v -0.68959 0.28846 0.05
v -0.67612 0.29976 0.00757
v -0.64362 0.32703 -0.01
v -0.61112 0.3543 0.00757
v -0.59766 0.36559 0.05
v -0.61112 0.3543 0.09243
v -0.61914 0.2823 0.11
v -0.65165 0.25503 0.09243
v -0.66511 0.24373 0.05
v -0.65165 0.25503 0.00757
v -0.61914 0.2823 -0.01
v -0.58664 0.30957 0.00757
v -0.57318 0.32086 0.05
v -0.58664 0.30957 0.09243
v -0.58947 0.21582 0.09
v -0.61114 0.19764 0.07828
v -0.62011 0.19011 0.05
v -0.61114 0.19764 0.02172
v -0.58947 0.21582 0.01
v -0.5678 0.234 0.02172
v -0.55883 0.24153 0.05
v -0.5678 0.234 0.07828
v -0.57019 0.19284 0.05
v -0.57019 0.19284 0.05
v -0.57019 0.19284 0.05
v -0.57019 0.19284 0.05
v -0.57019 0.19284 0.05
v -0.57019 0.19284 0.05
v -0.57019 0.19284 0.05
v -0.57019 0.19284 0.05
v 0.19979 -0.66858 -0.01
v 0.19979 -0.66858 -0.01
v 0.19979 -0.66858 -0.01
v 0.19979 -0.66858 -0.01
v 0.19979 -0.66858 -0.01
v 0.19979 -0.66858 -0.01
v 0.19979 -0.66858 -0.01
v 0.19979 -0.66858 -0.01
v 0.15485 -0.6905 0.11
v 0.17345 -0.72863 0.07485
v 0.18115 -0.74443 -0.01
v 0.17345 -0.72863 -0.09485
v 0.15485 -0.6905 -0.13
v 0.13625 -0.65237 -0.09485
v 0.12855 -0.63657 -0.01
v 0.13625 -0.65237 0.07485
v 0.30764 -0.61598 0.15
v 0.34174 -0.68589 0.10314
v 0.35586 -0.71485 -0.01
v 0.34174 -0.68589 -0.12314
v 0.30764 -0.61598 -0.17
v 0.27355 -0.54607 -0.12314
v 0.25942 -0.51711 -0.01
v 0.27355 -0.54607 0.10314
v 0.40191 -0.58113 0.17
v 0.4391 -0.65739 0.12314
v 0.45451 -0.68898 0.01
v 0.4391 -0.65739 -0.10314
v 0.40191 -0.58113 -0.15
v 0.36471 -0.50486 -0.10314
v 0.3493 -0.47327 0.01
v 0.36471 -0.50486 0.12314
v 0.53212 -0.52874 0.17
v 0.56622 -0.59865 0.12314
v 0.58034 -0.62761 0.01
v 0.56622 -0.59865 -0.10314
v 0.53212 -0.52874 -0.15
v 0.49802 -0.45884 -0.10314
v 0.4839 -0.42988 0.01
v 0.49802 -0.45884 0.12314
v 0.622 -0.48491 0.14
v 0.6499 -0.54211 0.10485
v 0.66145 -0.5658 0.02
v 0.6499 -0.54211 -0.06485
v 0.622 -0.48491 -0.1
v 0.5941 -0.42771 -0.06485
v 0.58255 -0.40402 0.02
v 0.5941 -0.42771 0.10485
v 0.70289 -0.44545 0.08
v 0.71529 -0.47088 0.06536
v 0.72043 -0.48141 0.03
v 0.71529 -0.47088 -0.00536
v 0.70289 -0.44545 -0.02
v 0.69049 -0.42003 -0.00536
v 0.68536 -0.4095 0.03
v 0.69049 -0.42003 0.06536
v 0.06 0.23 0.01
v 0.06 0.23 0.01
v 0.06 0.23 0.01
v 0.06 0.23 0.01
v 0.06 0.23 0.01
v 0.06 0.23 0.01
v 0.06 0.23 0.01
v 0.06 0.23 0.01
v 0.06 0.23 0.13
v 0.06 0.18757 0.09485
v 0.06 0.17 0.01
v 0.06 0.18757 -0.07485
v 0.06 0.23 -0.11
v 0.06 0.27243 -0.07485
v 0.06 0.29 0.01
v 0.06 0.27243 0.09485
v 0.06 0.24 0.17
v 0.06 0.16222 0.12314
v 0.06 0.13 0.01
v 0.06 0.16222 -0.10314
v 0.06 0.24 -0.15
v 0.06 0.31778 -0.10314
v 0.06 0.35 0.01
v 0.06 0.31778 0.12314
v 0.06 0.24 0.19
v 0.06 0.15515 0.14314
v 0.06 0.12 0.03
v 0.06 0.15515 -0.08314
v 0.06 0.24 -0.13
v 0.06 0.32485 -0.08314
v 0.06 0.36 0.03
v 0.06 0.32485 0.14314
v 0.2 0.24 0.19
v 0.2 0.16222 0.14314
v 0.2 0.13 0.03
v 0.2 0.16222 -0.08314
v 0.2 0.24 -0.13
v 0.2 0.31778 -0.08314
v 0.2 0.35 0.03
v 0.2 0.31778 0.14314
v 0.3 0.24 0.16
v 0.3 0.17636 0.12485
v 0.3 0.15 0.04
v 0.3 0.17636 -0.04485
v 0.3 0.24 -0.08
v 0.3 0.30364 -0.04485
v 0.3 0.33 0.04
v 0.3 0.30364 0.12485
v 0.39 0.24 0.13
v 0.39 0.18343 0.10657
v 0.39 0.16 0.05
v 0.39 0.18343 -0.00657
v 0.39 0.24 -0.03
v 0.39 0.29657 -0.00657
v 0.39 0.32 0.05
v 0.39 0.29657 0.10657
v -0.29176 0.27593 0.01
v -0.29176 0.27593 0.01
v -0.29176 0.27593 0.01
v -0.29176 0.27593 0.01
v -0.29176 0.27593 0.01
v -0.29176 0.27593 0.01
v -0.29176 0.27593 0.01
v -0.29176 0.27593 0.01
v -0.34148 0.2707 0.13
v -0.33705 0.22851 0.09485
v -0.33521 0.21103 0.01
v -0.33705 0.22851 -0.07485
v -0.34148 0.2707 -0.11
v -0.34592 0.3129 -0.07485
v -0.34775 0.33037 0.01
v -0.34592 0.3129 0.09485
v -0.17346 0.29842 0.17
v -0.16533 0.22106 0.12314
v -0.16196 0.18902 0.01
v -0.16533 0.22106 -0.10314
v -0.17346 0.29842 -0.15
v -0.18159 0.37577 -0.10314
v -0.18496 0.40781 0.01
v -0.18159 0.37577 0.12314
v -0.07401 0.30887 0.19
v -0.06514 0.22448 0.14314
v -0.06146 0.18953 0.03
v -0.06514 0.22448 -0.08314
v -0.07401 0.30887 -0.13
v -0.08288 0.39326 -0.08314
v -0.08655 0.42821 0.03
v -0.08288 0.39326 0.14314
v -0.07401 0.30887 0.19
v -0.06588 0.23151 0.14314
v -0.06251 0.19947 0.03
v -0.06588 0.23151 -0.08314
v -0.07401 0.30887 -0.13
v -0.08214 0.38623 -0.08314
v -0.0855 0.41827 0.03
v -0.08214 0.38623 0.14314
v -0.07401 0.30887 0.16
v -0.06735 0.24558 0.12485
v -0.0646 0.21936 0.04
v -0.06735 0.24558 -0.04485
v -0.07401 0.30887 -0.08
v -0.08066 0.37216 -0.04485
v -0.08341 0.39838 0.04
v -0.08066 0.37216 0.12485
v -0.07401 0.30887 0.13
v -0.06809 0.25261 0.10657
v -0.06564 0.22931 0.05
v -0.06809 0.25261 -0.00657
v -0.07401 0.30887 -0.03
v -0.07992 0.36513 -0.00657
v -0.08237 0.38843 0.05
v -0.07992 0.36513 0.10657
v -0.31059 0.7225 -0.16
v -0.31059 0.7225 -0.16
v -0.31059 0.7225 -0.16
v -0.31059 0.7225 -0.16
v -0.31059 0.7225 -0.16
v -0.31059 0.7225 -0.16
v -0.31059 0.7225 -0.16
v -0.31059 0.7225 -0.16
v -0.31059 0.7225 -0.16
v -0.31059 0.7225 -0.16
v -0.31059 0.7225 -0.16
v -0.31059 0.7225 -0.16
v -0.35661 0.74204 -0.11
v -0.36638 0.71902 -0.1167
v -0.37353 0.70218 -0.135
v -0.37615 0.69601 -0.16
v -0.37353 0.70218 -0.185
v -0.36638 0.71902 -0.2033
v -0.35661 0.74204 -0.21
v -0.34685 0.76505 -0.2033
v -0.3397 0.7819 -0.185
v -0.33708 0.78806 -0.16
v -0.3397 0.7819 -0.135
v -0.34685 0.76505 -0.1167
v -0.23695 0.69124 -0.1
v -0.24867 0.66363 -0.10804
v -0.25725 0.64341 -0.13
v -0.26039 0.63601 -0.16
v -0.25725 0.64341 -0.19
v -0.24867 0.66363 -0.21196
v -0.23695 0.69124 -0.22
v -0.22523 0.71886 -0.21196
v -0.21665 0.73907 -0.19
v -0.2135 0.74647 -0.16
v -0.21665 0.73907 -0.13
v -0.22523 0.71886 -0.10804
v -0.21854 0.68343 -0.07
v -0.23612 0.642 -0.08206
v -0.24899 0.61168 -0.115
v -0.2537 0.60058 -0.16
v -0.24899 0.61168 -0.205
v -0.23612 0.642 -0.23794
v -0.21854 0.68343 -0.25
v -0.20096 0.72485 -0.23794
v -0.18808 0.75517 -0.205
v -0.18337 0.76627 -0.16
v -0.18808 0.75517 -0.115
v -0.20096 0.72485 -0.08206
v -0.09887 0.63263 -0.07
v -0.11646 0.59121 -0.08206
v -0.12933 0.56089 -0.115
v -0.13404 0.54979 -0.16
v -0.12933 0.56089 -0.205
v -0.11646 0.59121 -0.23794
v -0.09887 0.63263 -0.25
v -0.08129 0.67405 -0.23794
v -0.06842 0.70438 -0.205
v -0.06371 0.71548 -0.16
v -0.06842 0.70438 -0.115
v -0.08129 0.67405 -0.08206
v 0.00238 0.58965 -0.07
v -0.0152 0.54823 -0.08206
v -0.02807 0.5179 -0.115
v -0.03278 0.50681 -0.16
v -0.02807 0.5179 -0.205
v -0.0152 0.54823 -0.23794
v 0.00238 0.58965 -0.25
v 0.01997 0.63107 -0.23794
v 0.03284 0.6614 -0.205
v 0.03755 0.6725 -0.16
v 0.03284 0.6614 -0.115
v 0.01997 0.63107 -0.08206
v 0.0392 0.57402 -0.11
v 0.02943 0.55101 -0.1167
v 0.02228 0.53416 -0.135
v 0.01967 0.528 -0.16
v 0.02228 0.53416 -0.185
v 0.02943 0.55101 -0.2033
v 0.0392 0.57402 -0.21
v 0.04897 0.59703 -0.2033
v 0.05612 0.61388 -0.185
v 0.05874 0.62005 -0.16
v 0.05612 0.61388 -0.135
v 0.04897 0.59703 -0.1167
v 0.14966 0.52713 -0.11
v 0.13989 0.50412 -0.1167
v 0.13274 0.48728 -0.135
v 0.13013 0.48111 -0.16
v 0.13274 0.48728 -0.185
v 0.13989 0.50412 -0.2033
v 0.14966 0.52713 -0.21
v 0.15943 0.55015 -0.2033
v 0.16658 0.56699 -0.185
v 0.1692 0.57316 -0.16
v 0.16658 0.56699 -0.135
v 0.15943 0.55015 -0.1167
v 0.14966 0.52713 -0.11
v 0.13989 0.50412 -0.1167
v 0.13274 0.48728 -0.135
v 0.13013 0.48111 -0.16
v 0.13274 0.48728 -0.185
v 0.13989 0.50412 -0.2033
v 0.14966 0.52713 -0.21
v 0.15943 0.55015 -0.2033
v 0.16658 0.56699 -0.185
v 0.1692 0.57316 -0.16
v 0.16658 0.56699 -0.135
v 0.15943 0.55015 -0.1167
v 0.14966 0.52713 -0.11
v 0.13989 0.50412 -0.1167
v 0.13274 0.48728 -0.135
v 0.13013 0.48111 -0.16
v 0.13274 0.48728 -0.185
v 0.13989 0.50412 -0.2033
v 0.14966 0.52713 -0.21
v 0.15943 0.55015 -0.2033
v 0.16658 0.56699 -0.185
v 0.1692 0.57316 -0.16
v 0.16658 0.56699 -0.135
v 0.15943 0.55015 -0.1167
v 0.14966 0.52713 -0.14
v 0.14576 0.51793 -0.14268
v 0.1429 0.51119 -0.15
v 0.14185 0.50872 -0.16
v 0.1429 0.51119 -0.17
v 0.14576 0.51793 -0.17732
v 0.14966 0.52713 -0.18
v 0.15357 0.53634 -0.17732
v 0.15643 0.54308 -0.17
v 0.15748 0.54554 -0.16
v 0.15643 0.54308 -0.15
v 0.15357 0.53634 -0.14268
v 0.19523 0.45004 -0.12
v 0.19965 0.42211 -0.13172
v 0.20149 0.41053 -0.16
v 0.19965 0.42211 -0.18828
v 0.19523 0.45004 -0.2
v 0.19081 0.47798 -0.18828
v 0.18897 0.48955 -0.16
v 0.19081 0.47798 -0.13172
v 0.22486 0.45474 -0.06
v 0.23592 0.3849 -0.08929
v 0.2405 0.35597 -0.16
v 0.23592 0.3849 -0.23071
v 0.22486 0.45474 -0.26
v 0.2138 0.52458 -0.23071
v 0.20922 0.5535 -0.16
v 0.2138 0.52458 -0.08929
v 0.30388 0.46725 -0.06
v 0.31494 0.39741 -0.08929
v 0.31952 0.36848 -0.16
v 0.31494 0.39741 -0.23071
v 0.30388 0.46725 -0.26
v 0.29281 0.53709 -0.23071
v 0.28823 0.56602 -0.16
v 0.29281 0.53709 -0.08929
v 0.4224 0.48602 -0.04
v 0.43567 0.40221 -0.07515
v 0.44117 0.3675 -0.16
v 0.43567 0.40221 -0.24485
v 0.4224 0.48602 -0.28
v 0.40912 0.56983 -0.24485
v 0.40363 0.60455 -0.16
v 0.40912 0.56983 -0.07515
v 0.53104 0.50323 -0.06
v 0.54211 0.43339 -0.08929
v 0.54669 0.40446 -0.16
v 0.54211 0.43339 -0.23071
v 0.53104 0.50323 -0.26
v 0.51998 0.57307 -0.23071
v 0.5154 0.602 -0.16
v 0.51998 0.57307 -0.08929
v 0.61994 0.51731 -0.11
v 0.62547 0.48239 -0.12464
v 0.62776 0.46792 -0.16
v 0.62547 0.48239 -0.19536
v 0.61994 0.51731 -0.21
v 0.61441 0.55223 -0.19536
v 0.61211 0.56669 -0.16
v 0.61441 0.55223 -0.12464
v 0.57055 0.50949 -0.16
v 0.57055 0.50949 -0.16
v 0.57055 0.50949 -0.16
v 0.57055 0.50949 -0.16
v 0.57055 0.50949 -0.16
v 0.57055 0.50949 -0.16
v 0.57055 0.50949 -0.16
v 0.57055 0.50949 -0.16
v -0.25013 0.14139 0.214
v -0.25627 0.10658 0.21107
v -0.25881 0.09215 0.204
v -0.25627 0.10658 0.19693
v -0.25013 0.14139 0.194
v -0.24399 0.17621 0.19693
v -0.24145 0.19063 0.204
v -0.24399 0.17621 0.21107
v -0.15165 0.12403 0.25
v -0.16393 0.05439 0.23243
v -0.16902 0.02555 0.19
v -0.16393 0.05439 0.14757
v -0.15165 0.12403 0.13
v -0.13937 0.19367 0.14757
v -0.13429 0.22251 0.19
v -0.13937 0.19367 0.23243
v -0.09256 0.11361 0.28
v -0.10853 0.02308 0.25364
v -0.11514 -0.01441 0.19
v -0.10853 0.02308 0.12636
v -0.09256 0.11361 0.1
v -0.0766 0.20414 0.12636
v -0.06999 0.24164 0.19
v -0.0766 0.20414 0.25364
v -0.09256 0.11361 0.29
v -0.10853 0.02308 0.25778
v -0.11514 -0.01441 0.18
v -0.10853 0.02308 0.10222
v -0.09256 0.11361 0.07
v -0.0766 0.20414 0.10222
v -0.06999 0.24164 0.18
v -0.0766 0.20414 0.25778
v -0.09256 0.11361 0.293
v -0.10853 0.02308 0.25405
v -0.11514 -0.01441 0.16
v -0.10853 0.02308 0.06595
v -0.09256 0.11361 0.027
v -0.0766 0.20414 0.06595
v -0.06999 0.24164 0.16
v -0.0766 0.20414 0.25405
v 0.07934 0.02512 0.214
v 0.08065 0.00016 0.21266
v 0.08161 -0.01812 0.209
v 0.08196 -0.02481 0.204
v 0.08161 -0.01812 0.199
v 0.08065 0.00016 0.19534
v 0.07934 0.02512 0.194
v 0.07803 0.05009 0.19534
v 0.07708 0.06836 0.199
v 0.07673 0.07505 0.204
v 0.07708 0.06836 0.209
v 0.07803 0.05009 0.21266
v 0.07934 0.02512 0.25
v 0.08248 -0.0348 0.24196
v 0.08478 -0.07866 0.22
v 0.08562 -0.09471 0.19
v 0.08478 -0.07866 0.16
v 0.08248 -0.0348 0.13804
v 0.07934 0.02512 0.13
v 0.0762 0.08504 0.13804
v 0.0739 0.1289 0.16
v 0.07306 0.14496 0.19
v 0.0739 0.1289 0.22
v 0.0762 0.08504 0.24196
v 0.11929 0.02721 0.28
v 0.12269 -0.0377 0.26794
v 0.12518 -0.08521 0.235
v 0.12609 -0.10261 0.19
v 0.12518 -0.08521 0.145
v 0.12269 -0.0377 0.11206
v 0.11929 0.02721 0.1
v 0.11589 0.09213 0.11206
v 0.1134 0.13964 0.145
v 0.11248 0.15704 0.19
v 0.1134 0.13964 0.235
v 0.11589 0.09213 0.26794
v 0.21915 0.03245 0.29
v 0.22255 -0.03246 0.27526
v 0.22504 -0.07998 0.235
v 0.22595 -0.09737 0.18
v 0.22504 -0.07998 0.125
v 0.22255 -0.03246 0.08474
v 0.21915 0.03245 0.07
v 0.21575 0.09736 0.08474
v 0.21326 0.14488 0.125
v 0.21235 0.16227 0.18
v 0.21326 0.14488 0.235
v 0.21575 0.09736 0.27526
v 0.21915 0.03245 0.293
v 0.22255 -0.03246 0.27518
v 0.22504 -0.07998 0.2265
v 0.22595 -0.09737 0.16
v 0.22504 -0.07998 0.0935
v 0.22255 -0.03246 0.04482
v 0.21915 0.03245 0.027
v 0.21575 0.09736 0.04482
v 0.21326 0.14488 0.0935
v 0.21235 0.16227 0.16
v 0.21326 0.14488 0.2265
v 0.21575 0.09736 0.27518
v 0.3591 -0.03454 0.214
v 0.35725 -0.06985 0.21107
v 0.35648 -0.08447 0.204
v 0.35725 -0.06985 0.19693
v 0.3591 -0.03454 0.194
v 0.36095 0.00077 0.19693
v 0.36171 0.01539 0.204
v 0.36095 0.00077 0.21107
v 0.3591 -0.03454 0.25
v 0.35539 -0.10516 0.23243
v 0.35386 -0.1344 0.19
v 0.35539 -0.10516 0.14757
v 0.3591 -0.03454 0.13
v 0.3628 0.03607 0.14757
v 0.36433 0.06532 0.19
v 0.3628 0.03607 0.23243
v 0.29918 -0.0314 0.28
v 0.29437 -0.1232 0.25364
v 0.29237 -0.16122 0.19
v 0.29437 -0.1232 0.12636
v 0.29918 -0.0314 0.1
v 0.30399 0.0604 0.12636
v 0.30598 0.09842 0.19
v 0.30399 0.0604 0.25364
v 0.3591 -0.03454 0.29
v 0.35428 -0.12634 0.25778
v 0.35229 -0.16436 0.18
v 0.35428 -0.12634 0.10222
v 0.3591 -0.03454 0.07
v 0.36391 0.05726 0.10222
v 0.3659 0.09528 0.18
v 0.36391 0.05726 0.25778
v 0.44897 -0.03925 0.293
v 0.44527 -0.10987 0.25405
v 0.44374 -0.13911 0.16
v 0.44527 -0.10987 0.06595
v 0.44897 -0.03925 0.027
v 0.45267 0.03136 0.06595
v 0.45421 0.06061 0.16
v 0.45267 0.03136 0.25405
v -0.07317 -0.00231 0.264
v -0.07795 -0.02298 0.25228
v -0.07992 -0.03154 0.224
v -0.07795 -0.02298 0.19572
v -0.07317 -0.00231 0.184
v -0.0684 0.01836 0.19572
v -0.06642 0.02692 0.224
v -0.0684 0.01836 0.25228
v -0.13164 0.01118 0.28
v -0.13641 -0.00948 0.2595
v -0.13838 -0.01805 0.21
v -0.13641 -0.00948 0.1605
v -0.13164 0.01118 0.14
v -0.12686 0.03185 0.1605
v -0.12489 0.04042 0.21
v -0.12686 0.03185 0.2595
v -0.11215 0.00669 0.28
v -0.11851 -0.02087 0.2595
v -0.12115 -0.03229 0.21
v -0.11851 -0.02087 0.1605
v -0.11215 0.00669 0.14
v -0.10579 0.03425 0.1605
v -0.10315 0.04566 0.21
v -0.10579 0.03425 0.2595
v -0.07317 -0.00231 0.28
v -0.07954 -0.02987 0.25657
v -0.08217 -0.04129 0.2
v -0.07954 -0.02987 0.14343
v -0.07317 -0.00231 0.12
v -0.06681 0.02525 0.14343
v -0.06418 0.03666 0.2
v -0.06681 0.02525 0.25657
v -0.05369 -0.00681 0.263
v -0.05846 -0.02748 0.23869
v -0.06043 -0.03604 0.18
v -0.05846 -0.02748 0.12131
v -0.05369 -0.00681 0.097
v -0.04891 0.01386 0.12131
v -0.04694 0.02242 0.18
v -0.04891 0.01386 0.23869
v -0.00692 0.14847 0.264
v -0.00214 0.1278 0.25228
v -0.00017 0.11924 0.224
v -0.00214 0.1278 0.19572
v -0.00692 0.14847 0.184
v -0.01169 0.16914 0.19572
v -0.01366 0.1777 0.224
v -0.01169 0.16914 0.25228
v -0.06538 0.13497 0.26
v -0.06061 0.1143 0.24536
v -0.05863 0.10574 0.21
v -0.06061 0.1143 0.17464
v -0.06538 0.13497 0.16
v -0.07015 0.15564 0.17464
v -0.07213 0.1642 0.21
v -0.07015 0.15564 0.24536
v -0.04589 0.13947 0.26
v -0.03953 0.11191 0.24536
v -0.03689 0.10049 0.21
v -0.03953 0.11191 0.17464
v -0.04589 0.13947 0.16
v -0.05225 0.16703 0.17464
v -0.05489 0.17844 0.21
v -0.05225 0.16703 0.24536
v -0.00692 0.14847 0.25
v -0.00055 0.12091 0.23536
v 0.00208 0.10949 0.2
v -0.00055 0.12091 0.16464
v -0.00692 0.14847 0.15
v -0.01328 0.17603 0.16464
v -0.01591 0.18744 0.2
v -0.01328 0.17603 0.23536
v 0.01257 0.15297 0.223
v 0.01734 0.1323 0.21041
v 0.01932 0.12374 0.18
v 0.01734 0.1323 0.14959
v 0.01257 0.15297 0.137
v 0.0078 0.17364 0.14959
v 0.00582 0.1822 0.18
v 0.0078 0.17364 0.21041
v 0.39031 -0.80644 0.05
v 0.40911 -0.7996 0.04598
v 0.42286 -0.79459 0.035
v 0.4279 -0.79276 0.02
v 0.42286 -0.79459 0.005
v 0.40911 -0.7996 -0.00598
v 0.39031 -0.80644 -0.01
v 0.37152 -0.81328 -0.00598
v 0.35776 -0.81829 0.005
v 0.35272 -0.82012 0.02
v 0.35776 -0.81829 0.035
v 0.37152 -0.81328 0.04598
v 0.38005 -0.77825 0.05
v 0.46932 -0.74576 0.0433
v 0.53467 -0.72197 0.025
v 0.55859 -0.71327 0
v 0.53467 -0.72197 -0.025
v 0.46932 -0.74576 -0.0433
v 0.38005 -0.77825 -0.05
v 0.29078 -0.81074 -0.0433
v 0.22543 -0.83453 -0.025
v 0.20151 -0.84324 0
v 0.22543 -0.83453 0.025
v 0.29078 -0.81074 0.0433
v 0.50815 -0.60393 0.04
v 0.62092 -0.56288 0.03196
v 0.70347 -0.53284 0.01
v 0.73368 -0.52184 -0.02
v 0.70347 -0.53284 -0.05
v 0.62092 -0.56288 -0.07196
v 0.50815 -0.60393 -0.08
v 0.39539 -0.64497 -0.07196
v 0.31284 -0.67501 -0.05
v 0.28263 -0.68601 -0.02
v 0.31284 -0.67501 0.01
v 0.39539 -0.64497 0.03196
v 0.39021 -0.4553 0.06
v 0.52177 -0.40742 0.05062
v 0.61807 -0.37237 0.025
v 0.65332 -0.35954 -0.01
v 0.61807 -0.37237 -0.045
v 0.52177 -0.40742 -0.07062
v 0.39021 -0.4553 -0.08
v 0.25865 -0.50318 -0.07062
v 0.16235 -0.53824 -0.045
v 0.12709 -0.55107 -0.01
v 0.16235 -0.53824 0.025
v 0.25865 -0.50318 0.05062
v 0.30218 -0.35964 0.1
v 0.45253 -0.30492 0.08928
v 0.5626 -0.26486 0.06
v 0.60288 -0.25019 0.02
v 0.5626 -0.26486 -0.02
v 0.45253 -0.30492 -0.04928
v 0.30218 -0.35964 -0.06
v 0.15183 -0.41436 -0.04928
v 0.04177 -0.45442 -0.02
v 0.00148 -0.46909 0.02
v 0.04177 -0.45442 0.06
v 0.15183 -0.41436 0.08928
v 0.50095 0.19568 -0.07
v 0.50095 0.19568 -0.07
v 0.50095 0.19568 -0.07
v 0.50095 0.19568 -0.07
v 0.50095 0.19568 -0.07
v 0.50095 0.19568 -0.07
v 0.50095 0.19568 -0.07
v 0.50095 0.19568 -0.07
v 0.50095 0.19568 -0.04
v 0.4816 0.14252 -0.04879
v 0.47359 0.1205 -0.07
v 0.4816 0.14252 -0.09121
v 0.50095 0.19568 -0.1
v 0.5203 0.24883 -0.09121
v 0.52831 0.27085 -0.07
v 0.5203 0.24883 -0.04879
v 0.56417 0.19395 0.02
v 0.54241 0.13415 -0.00636
v 0.53339 0.10938 -0.07
v 0.54241 0.13415 -0.13364
v 0.56417 0.19395 -0.16
v 0.58594 0.25375 -0.13364
v 0.59496 0.27852 -0.07
v 0.58594 0.25375 -0.00636
v 0.6684 0.18794 0.02
v 0.64664 0.12814 -0.00636
v 0.63762 0.10337 -0.07
v 0.64664 0.12814 -0.13364
v 0.6684 0.18794 -0.16
v 0.69017 0.24774 -0.13364
v 0.69919 0.27251 -0.07
v 0.69017 0.24774 -0.00636
v 0.85634 0.11953 0.02
v 0.83458 0.05973 -0.00636
v 0.82556 0.03496 -0.07
v 0.83458 0.05973 -0.13364
v 0.85634 0.11953 -0.16
v 0.87811 0.17934 -0.13364
v 0.88712 0.20411 -0.07
v 0.87811 0.17934 -0.00636
v 1.00669 0.06481 0
v 0.98976 0.0183 -0.0205
v 0.98275 -0.00097 -0.07
v 0.98976 0.0183 -0.1195
v 1.00669 0.06481 -0.14
v 1.02362 0.11132 -0.1195
v 1.03063 0.13059 -0.07
v 1.02362 0.11132 -0.0205
v 0.96911 0.07849 -0.07
v 0.96911 0.07849 -0.07
v 0.96911 0.07849 -0.07
v 0.96911 0.07849 -0.07
v 0.96911 0.07849 -0.07
v 0.96911 0.07849 -0.07
v 0.96911 0.07849 -0.07
v 0.96911 0.07849 -0.07
v 0.44584 -0.27399 0.05
v 0.44584 -0.27399 0.05
v 0.44584 -0.27399 0.05
v 0.44584 -0.27399 0.05
v 0.44584 -0.27399 0.05
v 0.44584 -0.27399 0.05
v 0.44584 -0.27399 0.05
v 0.44584 -0.27399 0.05
v 0.44584 -0.27399 0.08
v 0.45567 -0.32969 0.07121
v 0.45973 -0.35277 0.05
v 0.45567 -0.32969 0.02879
v 0.44584 -0.27399 0.02
v 0.43602 -0.21828 0.02879
v 0.43195 -0.1952 0.05
v 0.43602 -0.21828 0.07121
v 0.51014 -0.29311 0.14
v 0.52119 -0.35578 0.11364
v 0.52577 -0.38174 0.05
v 0.52119 -0.35578 -0.01364
v 0.51014 -0.29311 -0.04
v 0.49909 -0.23044 -0.01364
v 0.49451 -0.20448 0.05
v 0.49909 -0.23044 0.11364
v 0.61209 -0.29544 0.14
v 0.62315 -0.35812 0.11364
v 0.62772 -0.38408 0.05
v 0.62315 -0.35812 -0.01364
v 0.61209 -0.29544 -0.04
v 0.60104 -0.23277 -0.01364
v 0.59647 -0.20681 0.05
v 0.60104 -0.23277 0.11364
v 0.61209 -0.29544 0.14
v 0.62315 -0.35812 0.11364
v 0.62772 -0.38408 0.05
v 0.62315 -0.35812 -0.01364
v 0.61209 -0.29544 -0.04
v 0.60104 -0.23277 -0.01364
v 0.59647 -0.20681 0.05
v 0.60104 -0.23277 0.11364
v 0.61209 -0.29544 0.12
v 0.62069 -0.34419 0.0995
v 0.62425 -0.36438 0.05
v 0.62069 -0.34419 0.0005
v 0.61209 -0.29544 -0.02
v 0.6035 -0.2467 0.0005
v 0.59994 -0.22651 0.05
v 0.6035 -0.2467 0.0995
v 0.61209 -0.29544 0.05
v 0.61209 -0.29544 0.05
v 0.61209 -0.29544 0.05
v 0.61209 -0.29544 0.05
v 0.61209 -0.29544 0.05
v 0.61209 -0.29544 0.05
v 0.61209 -0.29544 0.05
v 0.61209 -0.29544 0.05
v 0.67821 -0.24905 0.05
v 0.67821 -0.24905 0.05
v 0.67821 -0.24905 0.05
v 0.67821 -0.24905 0.05
v 0.67821 -0.24905 0.05
v 0.67821 -0.24905 0.05
v 0.67821 -0.24905 0.05
v 0.67821 -0.24905 0.05
v 0.67821 -0.24905 0.08
v 0.67328 -0.3054 0.07121
v 0.67124 -0.32874 0.05
v 0.67328 -0.3054 0.02879
v 0.67821 -0.24905 0.02
v 0.68314 -0.1927 0.02879
v 0.68518 -0.16935 0.05
v 0.68314 -0.1927 0.07121
v 0.6756 -0.27893 0.14
v 0.67005 -0.34233 0.11364
v 0.66775 -0.36859 0.05
v 0.67005 -0.34233 -0.01364
v 0.6756 -0.27893 -0.04
v 0.68114 -0.21554 -0.01364
v 0.68344 -0.18928 0.05
v 0.68114 -0.21554 0.11364
v 0.67385 -0.29886 0.14
v 0.66831 -0.36226 0.11364
v 0.66601 -0.38852 0.05
v 0.66831 -0.36226 -0.01364
v 0.67385 -0.29886 -0.04
v 0.6794 -0.23546 -0.01364
v 0.6817 -0.2092 0.05
v 0.6794 -0.23546 0.11364
v 0.87309 -0.31629 0.14
v 0.86755 -0.37969 0.11364
v 0.86525 -0.40595 0.05
v 0.86755 -0.37969 -0.01364
v 0.87309 -0.31629 -0.04
v 0.87864 -0.25289 -0.01364
v 0.88094 -0.22663 0.05
v 0.87864 -0.25289 0.11364
v 0.87309 -0.31629 0.12
v 0.86878 -0.3656 0.0995
v 0.86699 -0.38602 0.05
v 0.86878 -0.3656 0.0005
v 0.87309 -0.31629 -0.02
v 0.87741 -0.26698 0.0005
v 0.87919 -0.24656 0.05
v 0.87741 -0.26698 0.0995
v 0.87309 -0.31629 0.05
v 0.87309 -0.31629 0.05
v 0.87309 -0.31629 0.05
v 0.87309 -0.31629 0.05
v 0.87309 -0.31629 0.05
v 0.87309 -0.31629 0.05
v 0.87309 -0.31629 0.05
v 0.87309 -0.31629 0.05
v 0.92083 -0.23801 0.05
v 0.92083 -0.23801 0.05
v 0.92083 -0.23801 0.05
v 0.92083 -0.23801 0.05
v 0.92083 -0.23801 0.05
v 0.92083 -0.23801 0.05
v 0.92083 -0.23801 0.05
v 0.92083 -0.23801 0.05
v 0.92083 -0.23801 0.08
v 0.93547 -0.29265 0.07121
v 0.94154 -0.31529 0.05
v 0.93547 -0.29265 0.02879
v 0.92083 -0.23801 0.02
v 0.90619 -0.18337 0.02879
v 0.90013 -0.16074 0.05
v 0.90619 -0.18337 0.07121
v 0.92083 -0.23801 0.14
v 0.9373 -0.29949 0.11364
v 0.94412 -0.32495 0.05
v 0.9373 -0.29949 -0.01364
v 0.92083 -0.23801 -0.04
v 0.90436 -0.17654 -0.01364
v 0.89754 -0.15108 0.05
v 0.90436 -0.17654 0.11364
v 0.92083 -0.23801 0.14
v 0.9373 -0.29949 0.11364
v 0.94412 -0.32495 0.05
v 0.9373 -0.29949 -0.01364
v 0.92083 -0.23801 -0.04
v 0.90436 -0.17654 -0.01364
v 0.89754 -0.15108 0.05
v 0.90436 -0.17654 0.11364
v 0.92083 -0.23801 0.14
v 0.9373 -0.29949 0.11364
v 0.94412 -0.32495 0.05
v 0.9373 -0.29949 -0.01364
v 0.92083 -0.23801 -0.04
v 0.90436 -0.17654 -0.01364
v 0.89754 -0.15108 0.05
v 0.90436 -0.17654 0.11364
v 1.07538 -0.1966 0.12
v 1.08819 -0.24441 0.0995
v 1.0935 -0.26422 0.05
v 1.08819 -0.24441 0.0005
v 1.07538 -0.1966 -0.02
v 1.06257 -0.14879 0.0005
v 1.05726 -0.12899 0.05
v 1.06257 -0.14879 0.0995
v 1.03674 -0.20696 0.05
v 1.03674 -0.20696 0.05
v 1.03674 -0.20696 0.05
v 1.03674 -0.20696 0.05
v 1.03674 -0.20696 0.05
v 1.03674 -0.20696 0.05
v 1.03674 -0.20696 0.05
v 1.03674 -0.20696 0.05
v -0.44 0.14 0
v -0.23 0.14 0.0336
v -0.23 0.14 -0.0336
v -0.02 0.14 0
v -0.525 0.3 0
v -0.375 0.3 0
v -0.44 -0.14 0
v -0.23 -0.14 0.0336
v -0.23 -0.14 -0.0336
v -0.02 -0.14 0
v -0.525 -0.3 0
v -0.375 -0.3 0

vt 0.1375 0.275
vt 0.1375 0.475
vt 0.2375 0.475
vt 0.2375 0.275
vt 0.1375 0.275
vt 0.2375 0.475
vt 0.1375 0.275
vt 0.1375 0.475
vt 0.2375 0.475
vt 0.2375 0.275
vt 0.1375 0.275
vt 0.2375 0.475
vt 0.1375 0.275
vt 0.1375 0.475
vt 0.2375 0.475
vt 0.2375 0.275
vt 0.1375 0.275
vt 0.2375 0.475
vt 0.1375 0.275
vt 0.1375 0.475
vt 0.2375 0.475
vt 0.2375 0.275
vt 0.1375 0.275
vt 0.2375 0.475
vt 0.1375 0.275
vt 0.1375 0.475
vt 0.2375 0.275
vt 0.1375 0.475
vt 0.2375 0.475
vt 0.2375 0.275
vt 0.1375 0.275
vt 0.1375 0.475
vt 0.2375 0.275
vt 0.1375 0.475
vt 0.2375 0.475
vt 0.2375 0.275
vt 0.1375 0.275
vt 0.1375 0.475
vt 0.2375 0.275
vt 0.1375 0.475
vt 0.2375 0.475
vt 0.2375 0.275
vt 0.1375 0.275
vt 0.1375 0.475
vt 0.2375 0.275
vt 0.1375 0.475
vt 0.2375 0.475
vt 0.2375 0.275
vt 0.2625 0.775
vt 0.2625 0.975
vt 0.3625 0.975
vt 0.3625 0.775
vt 0.2625 0.775
vt 0.3625 0.975
vt 0.2625 0.775
vt 0.2625 0.975
vt 0.3625 0.975
vt 0.3625 0.775
vt 0.2625 0.775
vt 0.3625 0.975
vt 0.2625 0.775
vt 0.2625 0.975
vt 0.3625 0.975
vt 0.3625 0.775
vt 0.2625 0.775
vt 0.3625 0.975
vt 0.2625 0.775
vt 0.2625 0.975
vt 0.3625 0.975
vt 0.3625 0.775
vt 0.2625 0.775
vt 0.3625 0.975
vt 0.2625 0.775
vt 0.2625 0.975
vt 0.3625 0.775
vt 0.2625 0.975
vt 0.3625 0.975
vt 0.3625 0.775
vt 0.2625 0.775
vt 0.2625 0.975
vt 0.3625 0.775
vt 0.2625 0.975
vt 0.3625 0.975
vt 0.3625 0.775
vt 0.2625 0.775
vt 0.2625 0.975
vt 0.3625 0.775
vt 0.2625 0.975
vt 0.3625 0.975
vt 0.3625 0.775
vt 0.2625 0.775
vt 0.2625 0.975
vt 0.3625 0.775
vt 0.2625 0.975
vt 0.3625 0.975
vt 0.3625 0.775
vt 0.7625 0.775
vt 0.7625 0.975
vt 0.8625 0.975
vt 0.8625 0.775
vt 0.7625 0.775
vt 0.8625 0.975
vt 0.7625 0.775
vt 0.7625 0.975
vt 0.8625 0.975
vt 0.8625 0.775
vt 0.7625 0.775
vt 0.8625 0.975
vt 0.7625 0.775
vt 0.7625 0.975
vt 0.8625 0.975
vt 0.8625 0.775
vt 0.7625 0.775
vt 0.8625 0.975
vt 0.7625 0.775
vt 0.7625 0.975
vt 0.8625 0.975
vt 0.8625 0.775
vt 0.7625 0.775
vt 0.8625 0.975
vt 0.7625 0.775
vt 0.7625 0.975
vt 0.8625 0.775
vt 0.7625 0.975
vt 0.8625 0.975
vt 0.8625 0.775
vt 0.7625 0.775
vt 0.7625 0.975
vt 0.8625 0.775
vt 0.7625 0.975
vt 0.8625 0.975
vt 0.8625 0.775
vt 0.7625 0.775
vt 0.7625 0.975
vt 0.8625 0.775
vt 0.7625 0.975
vt 0.8625 0.975
vt 0.8625 0.775
vt 0.7625 0.775
vt 0.7625 0.975
vt 0.8625 0.775
vt 0.7625 0.975
vt 0.8625 0.975
vt 0.8625 0.775
vt 0.6375 0.525
vt 0.6375 0.725
vt 0.7375 0.725
vt 0.7375 0.525
vt 0.6375 0.525
vt 0.7375 0.725
vt 0.6375 0.525
vt 0.6375 0.725
vt 0.7375 0.725
vt 0.7375 0.525
vt 0.6375 0.525
vt 0.7375 0.725
vt 0.6375 0.525
vt 0.6375 0.725
vt 0.7375 0.725
vt 0.7375 0.525
vt 0.6375 0.525
vt 0.7375 0.725
vt 0.6375 0.525
vt 0.6375 0.725
vt 0.7375 0.725
vt 0.7375 0.525
vt 0.6375 0.525
vt 0.7375 0.725
vt 0.6375 0.525
vt 0.6375 0.725
vt 0.7375 0.525
vt 0.6375 0.725
vt 0.7375 0.725
vt 0.7375 0.525
vt 0.6375 0.525
vt 0.6375 0.725
vt 0.7375 0.525
vt 0.6375 0.725
vt 0.7375 0.725
vt 0.7375 0.525
vt 0.6375 0.525
vt 0.6375 0.725
vt 0.7375 0.525
vt 0.6375 0.725
vt 0.7375 0.725
vt 0.7375 0.525
vt 0.6375 0.525
vt 0.6375 0.725
vt 0.7375 0.525
vt 0.6375 0.725
vt 0.7375 0.725
vt 0.7375 0.525
vt 0.6375 0.525
vt 0.6375 0.725
vt 0.7375 0.725
vt 0.7375 0.525
vt 0.6375 0.525
vt 0.7375 0.725
vt 0.6375 0.525
vt 0.6375 0.725
vt 0.7375 0.725
vt 0.7375 0.525
vt 0.6375 0.525
vt 0.7375 0.725
vt 0.6375 0.525
vt 0.6375 0.725
vt 0.7375 0.725
vt 0.7375 0.525
vt 0.6375 0.525
vt 0.7375 0.725
vt 0.6375 0.525
vt 0.6375 0.725
vt 0.7375 0.725
vt 0.7375 0.525
vt 0.6375 0.525
vt 0.7375 0.725
vt 0.6375 0.525
vt 0.6375 0.725
vt 0.7375 0.525
vt 0.6375 0.725
vt 0.7375 0.725
vt 0.7375 0.525
vt 0.6375 0.525
vt 0.6375 0.725
vt 0.7375 0.525
vt 0.6375 0.725
vt 0.7375 0.725
vt 0.7375 0.525
vt 0.6375 0.525
vt 0.6375 0.725
vt 0.7375 0.525
vt 0.6375 0.725
vt 0.7375 0.725
vt 0.7375 0.525
vt 0.6375 0.525
vt 0.6375 0.725
vt 0.7375 0.525
vt 0.6375 0.725
vt 0.7375 0.725
vt 0.7375 0.525
vt 0.87625 0.025
vt 0.87625 0.225
vt 0.87625 0.225
vt 0.87625 0.025
vt 0.87625 0.025
vt 0.87625 0.225
vt 0.87625 0.025
vt 0.87625 0.225
vt 0.87625 0.225
vt 0.87625 0.025
vt 0.87625 0.025
vt 0.87625 0.225
vt 0.87625 0.025
vt 0.87625 0.225
vt 0.87625 0.225
vt 0.87625 0.025
vt 0.87625 0.025
vt 0.87625 0.225
vt 0.87625 0.025
vt 0.87625 0.225
vt 0.87625 0.225
vt 0.87625 0.025
vt 0.87625 0.025
vt 0.87625 0.225
vt 0.87625 0.025
vt 0.87625 0.225
vt 0.87625 0.025
vt 0.87625 0.225
vt 0.87625 0.225
vt 0.87625 0.025
vt 0.87625 0.025
vt 0.87625 0.225
vt 0.87625 0.025
vt 0.87625 0.225
vt 0.87625 0.225
vt 0.87625 0.025
vt 0.87625 0.025
vt 0.87625 0.225
vt 0.87625 0.025
vt 0.87625 0.225
vt 0.87625 0.225
vt 0.87625 0.025
vt 0.87625 0.025
vt 0.87625 0.225
vt 0.87625 0.025
vt 0.87625 0.225
vt 0.87625 0.225
vt 0.87625 0.025
vt 0.1375 0.275
vt 0.1375 0.475
vt 0.2375 0.475
vt 0.2375 0.275
vt 0.1375 0.275
vt 0.2375 0.475
vt 0.1375 0.275
vt 0.1375 0.475
vt 0.2375 0.475
vt 0.2375 0.275
vt 0.1375 0.275
vt 0.2375 0.475
vt 0.1375 0.275
vt 0.1375 0.475
vt 0.2375 0.475
vt 0.2375 0.275
vt 0.1375 0.275
vt 0.2375 0.475
vt 0.1375 0.275
vt 0.1375 0.475
vt 0.2375 0.475
vt 0.2375 0.275
vt 0.1375 0.275
vt 0.2375 0.475
vt 0.1375 0.275
vt 0.1375 0.475
vt 0.2375 0.275
vt 0.1375 0.475
vt 0.2375 0.475
vt 0.2375 0.275
vt 0.1375 0.275
vt 0.1375 0.475
vt 0.2375 0.275
vt 0.1375 0.475
vt 0.2375 0.475
vt 0.2375 0.275
vt 0.1375 0.275
vt 0.1375 0.475
vt 0.2375 0.275
vt 0.1375 0.475
vt 0.2375 0.475
vt 0.2375 0.275
vt 0.1375 0.275
vt 0.1375 0.475
vt 0.2375 0.275
vt 0.1375 0.475
vt 0.2375 0.475
vt 0.2375 0.275
vt 0.3125 0.775
vt 0.3125 0.975
vt 0.3375 0.975
vt 0.3375 0.775
vt 0.3125 0.775
vt 0.3375 0.975
vt 0.3375 0.775
vt 0.3375 0.975
vt 0.3625 0.975
vt 0.3625 0.775
vt 0.3375 0.775
vt 0.3625 0.975
vt 0.2625 0.775
vt 0.2625 0.975
vt 0.2875 0.975
vt 0.2875 0.775
vt 0.2625 0.775
vt 0.2875 0.975
vt 0.2875 0.775
vt 0.2875 0.975
vt 0.3125 0.975
vt 0.3125 0.775
vt 0.2875 0.775
vt 0.3125 0.975
vt 0.3125 0.775
vt 0.3125 0.975
vt 0.3375 0.775
vt 0.3125 0.975
vt 0.3375 0.975
vt 0.3375 0.775
vt 0.3375 0.775
vt 0.3375 0.975
vt 0.3625 0.775
vt 0.3375 0.975
vt 0.3625 0.975
vt 0.3625 0.775
vt 0.2625 0.775
vt 0.2625 0.975
vt 0.2875 0.775
vt 0.2625 0.975
vt 0.2875 0.975
vt 0.2875 0.775
vt 0.2875 0.775
vt 0.2875 0.975
vt 0.3125 0.775
vt 0.2875 0.975
vt 0.3125 0.975
vt 0.3125 0.775
vt 0.3125 0.525
vt 0.3125 0.725
vt 0.3375 0.725
vt 0.3375 0.525
vt 0.3125 0.525
vt 0.3375 0.725
vt 0.3375 0.525
vt 0.3375 0.725
vt 0.3625 0.725
vt 0.3625 0.525
vt 0.3375 0.525
vt 0.3625 0.725
vt 0.2625 0.525
vt 0.2625 0.725
vt 0.2875 0.725
vt 0.2875 0.525
vt 0.2625 0.525
vt 0.2875 0.725
vt 0.2875 0.525
vt 0.2875 0.725
vt 0.3125 0.725
vt 0.3125 0.525
vt 0.2875 0.525
vt 0.3125 0.725
vt 0.3125 0.525
vt 0.3125 0.725
vt 0.3375 0.525
vt 0.3125 0.725
vt 0.3375 0.725
vt 0.3375 0.525
vt 0.3375 0.525
vt 0.3375 0.725
vt 0.3625 0.525
vt 0.3375 0.725
vt 0.3625 0.725
vt 0.3625 0.525
vt 0.2625 0.525
vt 0.2625 0.725
vt 0.2875 0.525
vt 0.2625 0.725
vt 0.2875 0.725
vt 0.2875 0.525
vt 0.2875 0.525
vt 0.2875 0.725
vt 0.3125 0.525
vt 0.2875 0.725
vt 0.3125 0.725
vt 0.3125 0.525
vt 0.5625 0.775
vt 0.5625 0.975
vt 0.5875 0.975
vt 0.5875 0.775
vt 0.5625 0.775
vt 0.5875 0.975
vt 0.5875 0.775
vt 0.5875 0.975
vt 0.6125 0.975
vt 0.6125 0.775
vt 0.5875 0.775
vt 0.6125 0.975
vt 0.5125 0.775
vt 0.5125 0.975
vt 0.5375 0.975
vt 0.5375 0.775
vt 0.5125 0.775
vt 0.5375 0.975
vt 0.5375 0.775
vt 0.5375 0.975
vt 0.5625 0.975
vt 0.5625 0.775
vt 0.5375 0.775
vt 0.5625 0.975
vt 0.5625 0.775
vt 0.5625 0.975
vt 0.5875 0.775
vt 0.5625 0.975
vt 0.5875 0.975
vt 0.5875 0.775
vt 0.5875 0.775
vt 0.5875 0.975
vt 0.6125 0.775
vt 0.5875 0.975
vt 0.6125 0.975
vt 0.6125 0.775
vt 0.5125 0.775
vt 0.5125 0.975
vt 0.5375 0.775
vt 0.5125 0.975
vt 0.5375 0.975
vt 0.5375 0.775
vt 0.5375 0.775
vt 0.5375 0.975
vt 0.5625 0.775
vt 0.5375 0.975
vt 0.5625 0.975
vt 0.5625 0.775
vt 0.4375 0.775
vt 0.4375 0.975
vt 0.4625 0.975
vt 0.4625 0.775
vt 0.4375 0.775
vt 0.4625 0.975
vt 0.4625 0.775
vt 0.4625 0.975
vt 0.4875 0.975
vt 0.4875 0.775
vt 0.4625 0.775
vt 0.4875 0.975
vt 0.3875 0.775
vt 0.3875 0.975
vt 0.4125 0.975
vt 0.4125 0.775
vt 0.3875 0.775
vt 0.4125 0.975
vt 0.4125 0.775
vt 0.4125 0.975
vt 0.4375 0.975
vt 0.4375 0.775
vt 0.4125 0.775
vt 0.4375 0.975
vt 0.4375 0.775
vt 0.4375 0.975
vt 0.4625 0.775
vt 0.4375 0.975
vt 0.4625 0.975
vt 0.4625 0.775
vt 0.4625 0.775
vt 0.4625 0.975
vt 0.4875 0.775
vt 0.4625 0.975
vt 0.4875 0.975
vt 0.4875 0.775
vt 0.3875 0.775
vt 0.3875 0.975
vt 0.4125 0.775
vt 0.3875 0.975
vt 0.4125 0.975
vt 0.4125 0.775
vt 0.4125 0.775
vt 0.4125 0.975
vt 0.4375 0.775
vt 0.4125 0.975
vt 0.4375 0.975
vt 0.4375 0.775
vt 0.3125 0.525
vt 0.3125 0.725
vt 0.3375 0.725
vt 0.3375 0.525
vt 0.3125 0.525
vt 0.3375 0.725
vt 0.3375 0.525
vt 0.3375 0.725
vt 0.3625 0.725
vt 0.3625 0.525
vt 0.3375 0.525
vt 0.3625 0.725
vt 0.2625 0.525
vt 0.2625 0.725
vt 0.2875 0.725
vt 0.2875 0.525
vt 0.2625 0.525
vt 0.2875 0.725
vt 0.2875 0.525
vt 0.2875 0.725
vt 0.3125 0.725
vt 0.3125 0.525
vt 0.2875 0.525
vt 0.3125 0.725
vt 0.3125 0.525
vt 0.3125 0.725
vt 0.3375 0.525
vt 0.3125 0.725
vt 0.3375 0.725
vt 0.3375 0.525
vt 0.3375 0.525
vt 0.3375 0.725
vt 0.3625 0.525
vt 0.3375 0.725
vt 0.3625 0.725
vt 0.3625 0.525
vt 0.2625 0.525
vt 0.2625 0.725
vt 0.2875 0.525
vt 0.2625 0.725
vt 0.2875 0.725
vt 0.2875 0.525
vt 0.2875 0.525
vt 0.2875 0.725
vt 0.3125 0.525
vt 0.2875 0.725
vt 0.3125 0.725
vt 0.3125 0.525
vt 0.87625 0.025
vt 0.87625 0.225
vt 0.87625 0.225
vt 0.87625 0.025
vt 0.87625 0.025
vt 0.87625 0.225
vt 0.87625 0.025
vt 0.87625 0.225
vt 0.87625 0.225
vt 0.87625 0.025
vt 0.87625 0.025
vt 0.87625 0.225
vt 0.87625 0.025
vt 0.87625 0.225
vt 0.87625 0.225
vt 0.87625 0.025
vt 0.87625 0.025
vt 0.87625 0.225
vt 0.87625 0.025
vt 0.87625 0.225
vt 0.87625 0.225
vt 0.87625 0.025
vt 0.87625 0.025
vt 0.87625 0.225
vt 0.87625 0.025
vt 0.87625 0.225
vt 0.87625 0.025
vt 0.87625 0.225
vt 0.87625 0.225
vt 0.87625 0.025
vt 0.87625 0.025
vt 0.87625 0.225
vt 0.87625 0.025
vt 0.87625 0.225
vt 0.87625 0.225
vt 0.87625 0.025
vt 0.87625 0.025
vt 0.87625 0.225
vt 0.87625 0.025
vt 0.87625 0.225
vt 0.87625 0.225
vt 0.87625 0.025
vt 0.87625 0.025
vt 0.87625 0.225
vt 0.87625 0.025
vt 0.87625 0.225
vt 0.87625 0.225
vt 0.87625 0.025
vt 0.6875 0.525
vt 0.6875 0.725
vt 0.7125 0.725
vt 0.7125 0.525
vt 0.6875 0.525
vt 0.7125 0.725
vt 0.7125 0.525
vt 0.7125 0.725
vt 0.7375 0.725
vt 0.7375 0.525
vt 0.7125 0.525
vt 0.7375 0.725
vt 0.6375 0.525
vt 0.6375 0.725
vt 0.6625 0.725
vt 0.6625 0.525
vt 0.6375 0.525
vt 0.6625 0.725
vt 0.6625 0.525
vt 0.6625 0.725
vt 0.6875 0.725
vt 0.6875 0.525
vt 0.6625 0.525
vt 0.6875 0.725
vt 0.6875 0.525
vt 0.6875 0.725
vt 0.7125 0.525
vt 0.6875 0.725
vt 0.7125 0.725
vt 0.7125 0.525
vt 0.7125 0.525
vt 0.7125 0.725
vt 0.7375 0.525
vt 0.7125 0.725
vt 0.7375 0.725
vt 0.7375 0.525
vt 0.6375 0.525
vt 0.6375 0.725
vt 0.6625 0.525
vt 0.6375 0.725
vt 0.6625 0.725
vt 0.6625 0.525
vt 0.6625 0.525
vt 0.6625 0.725
vt 0.6875 0.525
vt 0.6625 0.725
vt 0.6875 0.725
vt 0.6875 0.525
vt 0.1875 0.275
vt 0.1875 0.475
vt 0.2125 0.475
vt 0.2125 0.275
vt 0.1875 0.275
vt 0.2125 0.475
vt 0.2125 0.275
vt 0.2125 0.475
vt 0.2375 0.475
vt 0.2375 0.275
vt 0.2125 0.275
vt 0.2375 0.475
vt 0.1375 0.275
vt 0.1375 0.475
vt 0.1625 0.475
vt 0.1625 0.275
vt 0.1375 0.275
vt 0.1625 0.475
vt 0.1625 0.275
vt 0.1625 0.475
vt 0.1875 0.475
vt 0.1875 0.275
vt 0.1625 0.275
vt 0.1875 0.475
vt 0.1875 0.275
vt 0.1875 0.475
vt 0.2125 0.275
vt 0.1875 0.475
vt 0.2125 0.475
vt 0.2125 0.275
vt 0.2125 0.275
vt 0.2125 0.475
vt 0.2375 0.275
vt 0.2125 0.475
vt 0.2375 0.475
vt 0.2375 0.275
vt 0.1375 0.275
vt 0.1375 0.475
vt 0.1625 0.275
vt 0.1375 0.475
vt 0.1625 0.475
vt 0.1625 0.275
vt 0.1625 0.275
vt 0.1625 0.475
vt 0.1875 0.275
vt 0.1625 0.475
vt 0.1875 0.475
vt 0.1875 0.275
vt 0.1375 0.275
vt 0.1375 0.475
vt 0.2375 0.475
vt 0.2375 0.275
vt 0.1375 0.275
vt 0.2375 0.475
vt 0.1375 0.275
vt 0.1375 0.475
vt 0.2375 0.475
vt 0.2375 0.275
vt 0.1375 0.275
vt 0.2375 0.475
vt 0.1375 0.275
vt 0.1375 0.475
vt 0.2375 0.475
vt 0.2375 0.275
vt 0.1375 0.275
vt 0.2375 0.475
vt 0.1375 0.275
vt 0.1375 0.475
vt 0.2375 0.475
vt 0.2375 0.275
vt 0.1375 0.275
vt 0.2375 0.475
vt 0.1375 0.275
vt 0.1375 0.475
vt 0.2375 0.275
vt 0.1375 0.475
vt 0.2375 0.475
vt 0.2375 0.275
vt 0.1375 0.275
vt 0.1375 0.475
vt 0.2375 0.275
vt 0.1375 0.475
vt 0.2375 0.475
vt 0.2375 0.275
vt 0.1375 0.275
vt 0.1375 0.475
vt 0.2375 0.275
vt 0.1375 0.475
vt 0.2375 0.475
vt 0.2375 0.275
vt 0.1375 0.275
vt 0.1375 0.475
vt 0.2375 0.275
vt 0.1375 0.475
vt 0.2375 0.475
vt 0.2375 0.275
vt 0.2625 0.775
vt 0.2625 0.975
vt 0.3625 0.975
vt 0.3625 0.775
vt 0.2625 0.775
vt 0.3625 0.975
vt 0.2625 0.775
vt 0.2625 0.975
vt 0.3625 0.975
vt 0.3625 0.775
vt 0.2625 0.775
vt 0.3625 0.975
vt 0.2625 0.775
vt 0.2625 0.975
vt 0.3625 0.975
vt 0.3625 0.775
vt 0.2625 0.775
vt 0.3625 0.975
vt 0.2625 0.775
vt 0.2625 0.975
vt 0.3625 0.975
vt 0.3625 0.775
vt 0.2625 0.775
vt 0.3625 0.975
vt 0.2625 0.775
vt 0.2625 0.975
vt 0.3625 0.775
vt 0.2625 0.975
vt 0.3625 0.975
vt 0.3625 0.775
vt 0.2625 0.775
vt 0.2625 0.975
vt 0.3625 0.775
vt 0.2625 0.975
vt 0.3625 0.975
vt 0.3625 0.775
vt 0.2625 0.775
vt 0.2625 0.975
vt 0.3625 0.775
vt 0.2625 0.975
vt 0.3625 0.975
vt 0.3625 0.775
vt 0.2625 0.775
vt 0.2625 0.975
vt 0.3625 0.775
vt 0.2625 0.975
vt 0.3625 0.975
vt 0.3625 0.775
vt 0.7625 0.775
vt 0.7625 0.975
vt 0.8625 0.975
vt 0.8625 0.775
vt 0.7625 0.775
vt 0.8625 0.975
vt 0.7625 0.775
vt 0.7625 0.975
vt 0.8625 0.975
vt 0.8625 0.775
vt 0.7625 0.775
vt 0.8625 0.975
vt 0.7625 0.775
vt 0.7625 0.975
vt 0.8625 0.975
vt 0.8625 0.775
vt 0.7625 0.775
vt 0.8625 0.975
vt 0.7625 0.775
vt 0.7625 0.975
vt 0.8625 0.975
vt 0.8625 0.775
vt 0.7625 0.775
vt 0.8625 0.975
vt 0.7625 0.775
vt 0.7625 0.975
vt 0.8625 0.775
vt 0.7625 0.975
vt 0.8625 0.975
vt 0.8625 0.775
vt 0.7625 0.775
vt 0.7625 0.975
vt 0.8625 0.775
vt 0.7625 0.975
vt 0.8625 0.975
vt 0.8625 0.775
vt 0.7625 0.775
vt 0.7625 0.975
vt 0.8625 0.775
vt 0.7625 0.975
vt 0.8625 0.975
vt 0.8625 0.775
vt 0.7625 0.775
vt 0.7625 0.975
vt 0.8625 0.775
vt 0.7625 0.975
vt 0.8625 0.975
vt 0.8625 0.775
vt 0.6375 0.525
vt 0.6375 0.725
vt 0.7375 0.725
vt 0.7375 0.525
vt 0.6375 0.525
vt 0.7375 0.725
vt 0.6375 0.525
vt 0.6375 0.725
vt 0.7375 0.725
vt 0.7375 0.525
vt 0.6375 0.525
vt 0.7375 0.725
vt 0.6375 0.525
vt 0.6375 0.725
vt 0.7375 0.725
vt 0.7375 0.525
vt 0.6375 0.525
vt 0.7375 0.725
vt 0.6375 0.525
vt 0.6375 0.725
vt 0.7375 0.725
vt 0.7375 0.525
vt 0.6375 0.525
vt 0.7375 0.725
vt 0.6375 0.525
vt 0.6375 0.725
vt 0.7375 0.525
vt 0.6375 0.725
vt 0.7375 0.725
vt 0.7375 0.525
vt 0.6375 0.525
vt 0.6375 0.725
vt 0.7375 0.525
vt 0.6375 0.725
vt 0.7375 0.725
vt 0.7375 0.525
vt 0.6375 0.525
vt 0.6375 0.725
vt 0.7375 0.525
vt 0.6375 0.725
vt 0.7375 0.725
vt 0.7375 0.525
vt 0.6375 0.525
vt 0.6375 0.725
vt 0.7375 0.525
vt 0.6375 0.725
vt 0.7375 0.725
vt 0.7375 0.525
vt 0.6375 0.525
vt 0.6375 0.725
vt 0.7375 0.725
vt 0.7375 0.525
vt 0.6375 0.525
vt 0.7375 0.725
vt 0.6375 0.525
vt 0.6375 0.725
vt 0.7375 0.725
vt 0.7375 0.525
vt 0.6375 0.525
vt 0.7375 0.725
vt 0.6375 0.525
vt 0.6375 0.725
vt 0.7375 0.725
vt 0.7375 0.525
vt 0.6375 0.525
vt 0.7375 0.725
vt 0.6375 0.525
vt 0.6375 0.725
vt 0.7375 0.725
vt 0.7375 0.525
vt 0.6375 0.525
vt 0.7375 0.725
vt 0.6375 0.525
vt 0.6375 0.725
vt 0.7375 0.525
vt 0.6375 0.725
vt 0.7375 0.725
vt 0.7375 0.525
vt 0.6375 0.525
vt 0.6375 0.725
vt 0.7375 0.525
vt 0.6375 0.725
vt 0.7375 0.725
vt 0.7375 0.525
vt 0.6375 0.525
vt 0.6375 0.725
vt 0.7375 0.525
vt 0.6375 0.725
vt 0.7375 0.725
vt 0.7375 0.525
vt 0.6375 0.525
vt 0.6375 0.725
vt 0.7375 0.525
vt 0.6375 0.725
vt 0.7375 0.725
vt 0.7375 0.525
vt 0.87625 0.025
vt 0.87625 0.225
vt 0.87625 0.225
vt 0.87625 0.025
vt 0.87625 0.025
vt 0.87625 0.225
vt 0.87625 0.025
vt 0.87625 0.225
vt 0.87625 0.225
vt 0.87625 0.025
vt 0.87625 0.025
vt 0.87625 0.225
vt 0.87625 0.025
vt 0.87625 0.225
vt 0.87625 0.225
vt 0.87625 0.025
vt 0.87625 0.025
vt 0.87625 0.225
vt 0.87625 0.025
vt 0.87625 0.225
vt 0.87625 0.225
vt 0.87625 0.025
vt 0.87625 0.025
vt 0.87625 0.225
vt 0.87625 0.025
vt 0.87625 0.225
vt 0.87625 0.025
vt 0.87625 0.225
vt 0.87625 0.225
vt 0.87625 0.025
vt 0.87625 0.025
vt 0.87625 0.225
vt 0.87625 0.025
vt 0.87625 0.225
vt 0.87625 0.225
vt 0.87625 0.025
vt 0.87625 0.025
vt 0.87625 0.225
vt 0.87625 0.025
vt 0.87625 0.225
vt 0.87625 0.225
vt 0.87625 0.025
vt 0.87625 0.025
vt 0.87625 0.225
vt 0.87625 0.025
vt 0.87625 0.225
vt 0.87625 0.225
vt 0.87625 0.025
vt 0.1375 0.275
vt 0.1375 0.475
vt 0.2375 0.475
vt 0.2375 0.275
vt 0.1375 0.275
vt 0.2375 0.475
vt 0.1375 0.275
vt 0.1375 0.475
vt 0.2375 0.475
vt 0.2375 0.275
vt 0.1375 0.275
vt 0.2375 0.475
vt 0.1375 0.275
vt 0.1375 0.475
vt 0.2375 0.475
vt 0.2375 0.275
vt 0.1375 0.275
vt 0.2375 0.475
vt 0.1375 0.275
vt 0.1375 0.475
vt 0.2375 0.475
vt 0.2375 0.275
vt 0.1375 0.275
vt 0.2375 0.475
vt 0.1375 0.275
vt 0.1375 0.475
vt 0.2375 0.275
vt 0.1375 0.475
vt 0.2375 0.475
vt 0.2375 0.275
vt 0.1375 0.275
vt 0.1375 0.475
vt 0.2375 0.275
vt 0.1375 0.475
vt 0.2375 0.475
vt 0.2375 0.275
vt 0.1375 0.275
vt 0.1375 0.475
vt 0.2375 0.275
vt 0.1375 0.475
vt 0.2375 0.475
vt 0.2375 0.275
vt 0.1375 0.275
vt 0.1375 0.475
vt 0.2375 0.275
vt 0.1375 0.475
vt 0.2375 0.475
vt 0.2375 0.275
vt 0.3125 0.775
vt 0.3125 0.975
vt 0.3375 0.975
vt 0.3375 0.775
vt 0.3125 0.775
vt 0.3375 0.975
vt 0.3375 0.775
vt 0.3375 0.975
vt 0.3625 0.975
vt 0.3625 0.775
vt 0.3375 0.775
vt 0.3625 0.975
vt 0.2625 0.775
vt 0.2625 0.975
vt 0.2875 0.975
vt 0.2875 0.775
vt 0.2625 0.775
vt 0.2875 0.975
vt 0.2875 0.775
vt 0.2875 0.975
vt 0.3125 0.975
vt 0.3125 0.775
vt 0.2875 0.775
vt 0.3125 0.975
vt 0.3125 0.775
vt 0.3125 0.975
vt 0.3375 0.775
vt 0.3125 0.975
vt 0.3375 0.975
vt 0.3375 0.775
vt 0.3375 0.775
vt 0.3375 0.975
vt 0.3625 0.775
vt 0.3375 0.975
vt 0.3625 0.975
vt 0.3625 0.775
vt 0.2625 0.775
vt 0.2625 0.975
vt 0.2875 0.775
vt 0.2625 0.975
vt 0.2875 0.975
vt 0.2875 0.775
vt 0.2875 0.775
vt 0.2875 0.975
vt 0.3125 0.775
vt 0.2875 0.975
vt 0.3125 0.975
vt 0.3125 0.775
vt 0.3125 0.525
vt 0.3125 0.725
vt 0.3375 0.725
vt 0.3375 0.525
vt 0.3125 0.525
vt 0.3375 0.725
vt 0.3375 0.525
vt 0.3375 0.725
vt 0.3625 0.725
vt 0.3625 0.525
vt 0.3375 0.525
vt 0.3625 0.725
vt 0.2625 0.525
vt 0.2625 0.725
vt 0.2875 0.725
vt 0.2875 0.525
vt 0.2625 0.525
vt 0.2875 0.725
vt 0.2875 0.525
vt 0.2875 0.725
vt 0.3125 0.725
vt 0.3125 0.525
vt 0.2875 0.525
vt 0.3125 0.725
vt 0.3125 0.525
vt 0.3125 0.725
vt 0.3375 0.525
vt 0.3125 0.725
vt 0.3375 0.725
vt 0.3375 0.525
vt 0.3375 0.525
vt 0.3375 0.725
vt 0.3625 0.525
vt 0.3375 0.725
vt 0.3625 0.725
vt 0.3625 0.525
vt 0.2625 0.525
vt 0.2625 0.725
vt 0.2875 0.525
vt 0.2625 0.725
vt 0.2875 0.725
vt 0.2875 0.525
vt 0.2875 0.525
vt 0.2875 0.725
vt 0.3125 0.525
vt 0.2875 0.725
vt 0.3125 0.725
vt 0.3125 0.525
vt 0.5625 0.775
vt 0.5625 0.975
vt 0.5875 0.975
vt 0.5875 0.775
vt 0.5625 0.775
vt 0.5875 0.975
vt 0.5875 0.775
vt 0.5875 0.975
vt 0.6125 0.975
vt 0.6125 0.775
vt 0.5875 0.775
vt 0.6125 0.975
vt 0.5125 0.775
vt 0.5125 0.975
vt 0.5375 0.975
vt 0.5375 0.775
vt 0.5125 0.775
vt 0.5375 0.975
vt 0.5375 0.775
vt 0.5375 0.975
vt 0.5625 0.975
vt 0.5625 0.775
vt 0.5375 0.775
vt 0.5625 0.975
vt 0.5625 0.775
vt 0.5625 0.975
vt 0.5875 0.775
vt 0.5625 0.975
vt 0.5875 0.975
vt 0.5875 0.775
vt 0.5875 0.775
vt 0.5875 0.975
vt 0.6125 0.775
vt 0.5875 0.975
vt 0.6125 0.975
vt 0.6125 0.775
vt 0.5125 0.775
vt 0.5125 0.975
vt 0.5375 0.775
vt 0.5125 0.975
vt 0.5375 0.975
vt 0.5375 0.775
vt 0.5375 0.775
vt 0.5375 0.975
vt 0.5625 0.775
vt 0.5375 0.975
vt 0.5625 0.975
vt 0.5625 0.775
vt 0.4375 0.775
vt 0.4375 0.975
vt 0.4625 0.975
vt 0.4625 0.775
vt 0.4375 0.775
vt 0.4625 0.975
vt 0.4625 0.775
vt 0.4625 0.975
vt 0.4875 0.975
vt 0.4875 0.775
vt 0.4625 0.775
vt 0.4875 0.975
vt 0.3875 0.775
vt 0.3875 0.975
vt 0.4125 0.975
vt 0.4125 0.775
vt 0.3875 0.775
vt 0.4125 0.975
vt 0.4125 0.775
vt 0.4125 0.975
vt 0.4375 0.975
vt 0.4375 0.775
vt 0.4125 0.775
vt 0.4375 0.975
vt 0.4375 0.775
vt 0.4375 0.975
vt 0.4625 0.775
vt 0.4375 0.975
vt 0.4625 0.975
vt 0.4625 0.775
vt 0.4625 0.775
vt 0.4625 0.975
vt 0.4875 0.775
vt 0.4625 0.975
vt 0.4875 0.975
vt 0.4875 0.775
vt 0.3875 0.775
vt 0.3875 0.975
vt 0.4125 0.775
vt 0.3875 0.975
vt 0.4125 0.975
vt 0.4125 0.775
vt 0.4125 0.775
vt 0.4125 0.975
vt 0.4375 0.775
vt 0.4125 0.975
vt 0.4375 0.975
vt 0.4375 0.775
vt 0.3125 0.525
vt 0.3125 0.725
vt 0.3375 0.725
vt 0.3375 0.525
vt 0.3125 0.525
vt 0.3375 0.725
vt 0.3375 0.525
vt 0.3375 0.725
vt 0.3625 0.725
vt 0.3625 0.525
vt 0.3375 0.525
vt 0.3625 0.725
vt 0.2625 0.525
vt 0.2625 0.725
vt 0.2875 0.725
vt 0.2875 0.525
vt 0.2625 0.525
vt 0.2875 0.725
vt 0.2875 0.525
vt 0.2875 0.725
vt 0.3125 0.725
vt 0.3125 0.525
vt 0.2875 0.525
vt 0.3125 0.725
vt 0.3125 0.525
vt 0.3125 0.725
vt 0.3375 0.525
vt 0.3125 0.725
vt 0.3375 0.725
vt 0.3375 0.525
vt 0.3375 0.525
vt 0.3375 0.725
vt 0.3625 0.525
vt 0.3375 0.725
vt 0.3625 0.725
vt 0.3625 0.525
vt 0.2625 0.525
vt 0.2625 0.725
vt 0.2875 0.525
vt 0.2625 0.725
vt 0.2875 0.725
vt 0.2875 0.525
vt 0.2875 0.525
vt 0.2875 0.725
vt 0.3125 0.525
vt 0.2875 0.725
vt 0.3125 0.725
vt 0.3125 0.525
vt 0.87625 0.025
vt 0.87625 0.225
vt 0.87625 0.225
vt 0.87625 0.025
vt 0.87625 0.025
vt 0.87625 0.225
vt 0.87625 0.025
vt 0.87625 0.225
vt 0.87625 0.225
vt 0.87625 0.025
vt 0.87625 0.025
vt 0.87625 0.225
vt 0.87625 0.025
vt 0.87625 0.225
vt 0.87625 0.225
vt 0.87625 0.025
vt 0.87625 0.025
vt 0.87625 0.225
vt 0.87625 0.025
vt 0.87625 0.225
vt 0.87625 0.225
vt 0.87625 0.025
vt 0.87625 0.025
vt 0.87625 0.225
vt 0.87625 0.025
vt 0.87625 0.225
vt 0.87625 0.025
vt 0.87625 0.225
vt 0.87625 0.225
vt 0.87625 0.025
vt 0.87625 0.025
vt 0.87625 0.225
vt 0.87625 0.025
vt 0.87625 0.225
vt 0.87625 0.225
vt 0.87625 0.025
vt 0.87625 0.025
vt 0.87625 0.225
vt 0.87625 0.025
vt 0.87625 0.225
vt 0.87625 0.225
vt 0.87625 0.025
vt 0.87625 0.025
vt 0.87625 0.225
vt 0.87625 0.025
vt 0.87625 0.225
vt 0.87625 0.225
vt 0.87625 0.025
vt 0.6875 0.525
vt 0.6875 0.725
vt 0.7125 0.725
vt 0.7125 0.525
vt 0.6875 0.525
vt 0.7125 0.725
vt 0.7125 0.525
vt 0.7125 0.725
vt 0.7375 0.725
vt 0.7375 0.525
vt 0.7125 0.525
vt 0.7375 0.725
vt 0.6375 0.525
vt 0.6375 0.725
vt 0.6625 0.725
vt 0.6625 0.525
vt 0.6375 0.525
vt 0.6625 0.725
vt 0.6625 0.525
vt 0.6625 0.725
vt 0.6875 0.725
vt 0.6875 0.525
vt 0.6625 0.525
vt 0.6875 0.725
vt 0.6875 0.525
vt 0.6875 0.725
vt 0.7125 0.525
vt 0.6875 0.725
vt 0.7125 0.725
vt 0.7125 0.525
vt 0.7125 0.525
vt 0.7125 0.725
vt 0.7375 0.525
vt 0.7125 0.725
vt 0.7375 0.725
vt 0.7375 0.525
vt 0.6375 0.525
vt 0.6375 0.725
vt 0.6625 0.525
vt 0.6375 0.725
vt 0.6625 0.725
vt 0.6625 0.525
vt 0.6625 0.525
vt 0.6625 0.725
vt 0.6875 0.525
vt 0.6625 0.725
vt 0.6875 0.725
vt 0.6875 0.525
vt 0.1875 0.275
vt 0.1875 0.475
vt 0.2125 0.475
vt 0.2125 0.275
vt 0.1875 0.275
vt 0.2125 0.475
vt 0.2125 0.275
vt 0.2125 0.475
vt 0.2375 0.475
vt 0.2375 0.275
vt 0.2125 0.275
vt 0.2375 0.475
vt 0.1375 0.275
vt 0.1375 0.475
vt 0.1625 0.475
vt 0.1625 0.275
vt 0.1375 0.275
vt 0.1625 0.475
vt 0.1625 0.275
vt 0.1625 0.475
vt 0.1875 0.475
vt 0.1875 0.275
vt 0.1625 0.275
vt 0.1875 0.475
vt 0.1875 0.275
vt 0.1875 0.475
vt 0.2125 0.275
vt 0.1875 0.475
vt 0.2125 0.475
vt 0.2125 0.275
vt 0.2125 0.275
vt 0.2125 0.475
vt 0.2375 0.275
vt 0.2125 0.475
vt 0.2375 0.475
vt 0.2375 0.275
vt 0.1375 0.275
vt 0.1375 0.475
vt 0.1625 0.275
vt 0.1375 0.475
vt 0.1625 0.475
vt 0.1625 0.275
vt 0.1625 0.275
vt 0.1625 0.475
vt 0.1875 0.275
vt 0.1625 0.475
vt 0.1875 0.475
vt 0.1875 0.275
vt 0.1875 0.275
vt 0.1875 0.475
vt 0.2125 0.475
vt 0.2125 0.275
vt 0.1875 0.275
vt 0.2125 0.475
vt 0.2125 0.275
vt 0.2125 0.475
vt 0.2375 0.475
vt 0.2375 0.275
vt 0.2125 0.275
vt 0.2375 0.475
vt 0.1375 0.275
vt 0.1375 0.475
vt 0.1625 0.475
vt 0.1625 0.275
vt 0.1375 0.275
vt 0.1625 0.475
vt 0.1625 0.275
vt 0.1625 0.475
vt 0.1875 0.475
vt 0.1875 0.275
vt 0.1625 0.275
vt 0.1875 0.475
vt 0.1875 0.275
vt 0.1875 0.475
vt 0.2125 0.275
vt 0.1875 0.475
vt 0.2125 0.475
vt 0.2125 0.275
vt 0.2125 0.275
vt 0.2125 0.475
vt 0.2375 0.275
vt 0.2125 0.475
vt 0.2375 0.475
vt 0.2375 0.275
vt 0.1375 0.275
vt 0.1375 0.475
vt 0.1625 0.275
vt 0.1375 0.475
vt 0.1625 0.475
vt 0.1625 0.275
vt 0.1625 0.275
vt 0.1625 0.475
vt 0.1875 0.275
vt 0.1625 0.475
vt 0.1875 0.475
vt 0.1875 0.275
vt 0.3125 0.775
vt 0.3125 0.975
vt 0.3375 0.975
vt 0.3375 0.775
vt 0.3125 0.775
vt 0.3375 0.975
vt 0.3375 0.775
vt 0.3375 0.975
vt 0.3625 0.975
vt 0.3625 0.775
vt 0.3375 0.775
vt 0.3625 0.975
vt 0.2625 0.775
vt 0.2625 0.975
vt 0.2875 0.975
vt 0.2875 0.775
vt 0.2625 0.775
vt 0.2875 0.975
vt 0.2875 0.775
vt 0.2875 0.975
vt 0.3125 0.975
vt 0.3125 0.775
vt 0.2875 0.775
vt 0.3125 0.975
vt 0.3125 0.775
vt 0.3125 0.975
vt 0.3375 0.775
vt 0.3125 0.975
vt 0.3375 0.975
vt 0.3375 0.775
vt 0.3375 0.775
vt 0.3375 0.975
vt 0.3625 0.775
vt 0.3375 0.975
vt 0.3625 0.975
vt 0.3625 0.775
vt 0.2625 0.775
vt 0.2625 0.975
vt 0.2875 0.775
vt 0.2625 0.975
vt 0.2875 0.975
vt 0.2875 0.775
vt 0.2875 0.775
vt 0.2875 0.975
vt 0.3125 0.775
vt 0.2875 0.975
vt 0.3125 0.975
vt 0.3125 0.775
vt 0.8125 0.775
vt 0.8125 0.975
vt 0.8375 0.975
vt 0.8375 0.775
vt 0.8125 0.775
vt 0.8375 0.975
vt 0.8375 0.775
vt 0.8375 0.975
vt 0.8625 0.975
vt 0.8625 0.775
vt 0.8375 0.775
vt 0.8625 0.975
vt 0.7625 0.775
vt 0.7625 0.975
vt 0.7875 0.975
vt 0.7875 0.775
vt 0.7625 0.775
vt 0.7875 0.975
vt 0.7875 0.775
vt 0.7875 0.975
vt 0.8125 0.975
vt 0.8125 0.775
vt 0.7875 0.775
vt 0.8125 0.975
vt 0.8125 0.775
vt 0.8125 0.975
vt 0.8375 0.775
vt 0.8125 0.975
vt 0.8375 0.975
vt 0.8375 0.775
vt 0.8375 0.775
vt 0.8375 0.975
vt 0.8625 0.775
vt 0.8375 0.975
vt 0.8625 0.975
vt 0.8625 0.775
vt 0.7625 0.775
vt 0.7625 0.975
vt 0.7875 0.775
vt 0.7625 0.975
vt 0.7875 0.975
vt 0.7875 0.775
vt 0.7875 0.775
vt 0.7875 0.975
vt 0.8125 0.775
vt 0.7875 0.975
vt 0.8125 0.975
vt 0.8125 0.775
vt 0.6875 0.525
vt 0.6875 0.725
vt 0.7125 0.725
vt 0.7125 0.525
vt 0.6875 0.525
vt 0.7125 0.725
vt 0.7125 0.525
vt 0.7125 0.725
vt 0.7375 0.725
vt 0.7375 0.525
vt 0.7125 0.525
vt 0.7375 0.725
vt 0.6375 0.525
vt 0.6375 0.725
vt 0.6625 0.725
vt 0.6625 0.525
vt 0.6375 0.525
vt 0.6625 0.725
vt 0.6625 0.525
vt 0.6625 0.725
vt 0.6875 0.725
vt 0.6875 0.525
vt 0.6625 0.525
vt 0.6875 0.725
vt 0.6875 0.525
vt 0.6875 0.725
vt 0.7125 0.525
vt 0.6875 0.725
vt 0.7125 0.725
vt 0.7125 0.525
vt 0.7125 0.525
vt 0.7125 0.725
vt 0.7375 0.525
vt 0.7125 0.725
vt 0.7375 0.725
vt 0.7375 0.525
vt 0.6375 0.525
vt 0.6375 0.725
vt 0.6625 0.525
vt 0.6375 0.725
vt 0.6625 0.725
vt 0.6625 0.525
vt 0.6625 0.525
vt 0.6625 0.725
vt 0.6875 0.525
vt 0.6625 0.725
vt 0.6875 0.725
vt 0.6875 0.525
vt 0.6875 0.525
vt 0.6875 0.725
vt 0.7125 0.725
vt 0.7125 0.525
vt 0.6875 0.525
vt 0.7125 0.725
vt 0.7125 0.525
vt 0.7125 0.725
vt 0.7375 0.725
vt 0.7375 0.525
vt 0.7125 0.525
vt 0.7375 0.725
vt 0.6375 0.525
vt 0.6375 0.725
vt 0.6625 0.725
vt 0.6625 0.525
vt 0.6375 0.525
vt 0.6625 0.725
vt 0.6625 0.525
vt 0.6625 0.725
vt 0.6875 0.725
vt 0.6875 0.525
vt 0.6625 0.525
vt 0.6875 0.725
vt 0.6875 0.525
vt 0.6875 0.725
vt 0.7125 0.525
vt 0.6875 0.725
vt 0.7125 0.725
vt 0.7125 0.525
vt 0.7125 0.525
vt 0.7125 0.725
vt 0.7375 0.525
vt 0.7125 0.725
vt 0.7375 0.725
vt 0.7375 0.525
vt 0.6375 0.525
vt 0.6375 0.725
vt 0.6625 0.525
vt 0.6375 0.725
vt 0.6625 0.725
vt 0.6625 0.525
vt 0.6625 0.525
vt 0.6625 0.725
vt 0.6875 0.525
vt 0.6625 0.725
vt 0.6875 0.725
vt 0.6875 0.525
vt 0.87625 0.025
vt 0.87625 0.225
vt 0.87625 0.225
vt 0.87625 0.025
vt 0.87625 0.025
vt 0.87625 0.225
vt 0.87625 0.025
vt 0.87625 0.225
vt 0.87625 0.225
vt 0.87625 0.025
vt 0.87625 0.025
vt 0.87625 0.225
vt 0.87625 0.025
vt 0.87625 0.225
vt 0.87625 0.225
vt 0.87625 0.025
vt 0.87625 0.025
vt 0.87625 0.225
vt 0.87625 0.025
vt 0.87625 0.225
vt 0.87625 0.225
vt 0.87625 0.025
vt 0.87625 0.025
vt 0.87625 0.225
vt 0.87625 0.025
vt 0.87625 0.225
vt 0.87625 0.025
vt 0.87625 0.225
vt 0.87625 0.225
vt 0.87625 0.025
vt 0.87625 0.025
vt 0.87625 0.225
vt 0.87625 0.025
vt 0.87625 0.225
vt 0.87625 0.225
vt 0.87625 0.025
vt 0.87625 0.025
vt 0.87625 0.225
vt 0.87625 0.025
vt 0.87625 0.225
vt 0.87625 0.225
vt 0.87625 0.025
vt 0.87625 0.025
vt 0.87625 0.225
vt 0.87625 0.025
vt 0.87625 0.225
vt 0.87625 0.225
vt 0.87625 0.025
vt 0.1875 0.275
vt 0.1875 0.475
vt 0.2125 0.475
vt 0.2125 0.275
vt 0.1875 0.275
vt 0.2125 0.475
vt 0.2125 0.275
vt 0.2125 0.475
vt 0.2375 0.475
vt 0.2375 0.275
vt 0.2125 0.275
vt 0.2375 0.475
vt 0.1375 0.275
vt 0.1375 0.475
vt 0.1625 0.475
vt 0.1625 0.275
vt 0.1375 0.275
vt 0.1625 0.475
vt 0.1625 0.275
vt 0.1625 0.475
vt 0.1875 0.475
vt 0.1875 0.275
vt 0.1625 0.275
vt 0.1875 0.475
vt 0.1875 0.275
vt 0.1875 0.475
vt 0.2125 0.275
vt 0.1875 0.475
vt 0.2125 0.475
vt 0.2125 0.275
vt 0.2125 0.275
vt 0.2125 0.475
vt 0.2375 0.275
vt 0.2125 0.475
vt 0.2375 0.475
vt 0.2375 0.275
vt 0.1375 0.275
vt 0.1375 0.475
vt 0.1625 0.275
vt 0.1375 0.475
vt 0.1625 0.475
vt 0.1625 0.275
vt 0.1625 0.275
vt 0.1625 0.475
vt 0.1875 0.275
vt 0.1625 0.475
vt 0.1875 0.475
vt 0.1875 0.275
vt 0.2625 0.775
vt 0.2625 0.975
vt 0.3625 0.975
vt 0.3625 0.775
vt 0.2625 0.775
vt 0.3625 0.975
vt 0.2625 0.775
vt 0.2625 0.975
vt 0.3625 0.975
vt 0.3625 0.775
vt 0.2625 0.775
vt 0.3625 0.975
vt 0.2625 0.775
vt 0.2625 0.975
vt 0.3625 0.975
vt 0.3625 0.775
vt 0.2625 0.775
vt 0.3625 0.975
vt 0.2625 0.775
vt 0.2625 0.975
vt 0.3625 0.975
vt 0.3625 0.775
vt 0.2625 0.775
vt 0.3625 0.975
vt 0.2625 0.775
vt 0.2625 0.975
vt 0.3625 0.775
vt 0.2625 0.975
vt 0.3625 0.975
vt 0.3625 0.775
vt 0.2625 0.775
vt 0.2625 0.975
vt 0.3625 0.775
vt 0.2625 0.975
vt 0.3625 0.975
vt 0.3625 0.775
vt 0.2625 0.775
vt 0.2625 0.975
vt 0.3625 0.775
vt 0.2625 0.975
vt 0.3625 0.975
vt 0.3625 0.775
vt 0.2625 0.775
vt 0.2625 0.975
vt 0.3625 0.775
vt 0.2625 0.975
vt 0.3625 0.975
vt 0.3625 0.775
vt 0.2625 0.525
vt 0.2625 0.725
vt 0.3625 0.725
vt 0.3625 0.525
vt 0.2625 0.525
vt 0.3625 0.725
vt 0.2625 0.525
vt 0.2625 0.725
vt 0.3625 0.725
vt 0.3625 0.525
vt 0.2625 0.525
vt 0.3625 0.725
vt 0.2625 0.525
vt 0.2625 0.725
vt 0.3625 0.725
vt 0.3625 0.525
vt 0.2625 0.525
vt 0.3625 0.725
vt 0.2625 0.525
vt 0.2625 0.725
vt 0.3625 0.725
vt 0.3625 0.525
vt 0.2625 0.525
vt 0.3625 0.725
vt 0.2625 0.525
vt 0.2625 0.725
vt 0.3625 0.525
vt 0.2625 0.725
vt 0.3625 0.725
vt 0.3625 0.525
vt 0.2625 0.525
vt 0.2625 0.725
vt 0.3625 0.525
vt 0.2625 0.725
vt 0.3625 0.725
vt 0.3625 0.525
vt 0.2625 0.525
vt 0.2625 0.725
vt 0.3625 0.525
vt 0.2625 0.725
vt 0.3625 0.725
vt 0.3625 0.525
vt 0.2625 0.525
vt 0.2625 0.725
vt 0.3625 0.525
vt 0.2625 0.725
vt 0.3625 0.725
vt 0.3625 0.525
vt 0.5125 0.775
vt 0.5125 0.975
vt 0.6125 0.975
vt 0.6125 0.775
vt 0.5125 0.775
vt 0.6125 0.975
vt 0.5125 0.775
vt 0.5125 0.975
vt 0.6125 0.975
vt 0.6125 0.775
vt 0.5125 0.775
vt 0.6125 0.975
vt 0.5125 0.775
vt 0.5125 0.975
vt 0.6125 0.975
vt 0.6125 0.775
vt 0.5125 0.775
vt 0.6125 0.975
vt 0.5125 0.775
vt 0.5125 0.975
vt 0.6125 0.975
vt 0.6125 0.775
vt 0.5125 0.775
vt 0.6125 0.975
vt 0.5125 0.775
vt 0.5125 0.975
vt 0.6125 0.775
vt 0.5125 0.975
vt 0.6125 0.975
vt 0.6125 0.775
vt 0.5125 0.775
vt 0.5125 0.975
vt 0.6125 0.775
vt 0.5125 0.975
vt 0.6125 0.975
vt 0.6125 0.775
vt 0.5125 0.775
vt 0.5125 0.975
vt 0.6125 0.775
vt 0.5125 0.975
vt 0.6125 0.975
vt 0.6125 0.775
vt 0.5125 0.775
vt 0.5125 0.975
vt 0.6125 0.775
vt 0.5125 0.975
vt 0.6125 0.975
vt 0.6125 0.775
vt 0.4375 0.775
vt 0.4375 0.975
vt 0.4625 0.975
vt 0.4625 0.775
vt 0.4375 0.775
vt 0.4625 0.975
vt 0.4625 0.775
vt 0.4625 0.975
vt 0.4875 0.975
vt 0.4875 0.775
vt 0.4625 0.775
vt 0.4875 0.975
vt 0.3875 0.775
vt 0.3875 0.975
vt 0.4125 0.975
vt 0.4125 0.775
vt 0.3875 0.775
vt 0.4125 0.975
vt 0.4125 0.775
vt 0.4125 0.975
vt 0.4375 0.975
vt 0.4375 0.775
vt 0.4125 0.775
vt 0.4375 0.975
vt 0.4375 0.775
vt 0.4375 0.975
vt 0.4625 0.775
vt 0.4375 0.975
vt 0.4625 0.975
vt 0.4625 0.775
vt 0.4625 0.775
vt 0.4625 0.975
vt 0.4875 0.775
vt 0.4625 0.975
vt 0.4875 0.975
vt 0.4875 0.775
vt 0.3875 0.775
vt 0.3875 0.975
vt 0.4125 0.775
vt 0.3875 0.975
vt 0.4125 0.975
vt 0.4125 0.775
vt 0.4125 0.775
vt 0.4125 0.975
vt 0.4375 0.775
vt 0.4125 0.975
vt 0.4375 0.975
vt 0.4375 0.775
vt 0.3125 0.525
vt 0.3125 0.725
vt 0.3375 0.725
vt 0.3375 0.525
vt 0.3125 0.525
vt 0.3375 0.725
vt 0.3375 0.525
vt 0.3375 0.725
vt 0.3625 0.725
vt 0.3625 0.525
vt 0.3375 0.525
vt 0.3625 0.725
vt 0.2625 0.525
vt 0.2625 0.725
vt 0.2875 0.725
vt 0.2875 0.525
vt 0.2625 0.525
vt 0.2875 0.725
vt 0.2875 0.525
vt 0.2875 0.725
vt 0.3125 0.725
vt 0.3125 0.525
vt 0.2875 0.525
vt 0.3125 0.725
vt 0.3125 0.525
vt 0.3125 0.725
vt 0.3375 0.525
vt 0.3125 0.725
vt 0.3375 0.725
vt 0.3375 0.525
vt 0.3375 0.525
vt 0.3375 0.725
vt 0.3625 0.525
vt 0.3375 0.725
vt 0.3625 0.725
vt 0.3625 0.525
vt 0.2625 0.525
vt 0.2625 0.725
vt 0.2875 0.525
vt 0.2625 0.725
vt 0.2875 0.725
vt 0.2875 0.525
vt 0.2875 0.525
vt 0.2875 0.725
vt 0.3125 0.525
vt 0.2875 0.725
vt 0.3125 0.725
vt 0.3125 0.525
vt 0.87625 0.025
vt 0.87625 0.225
vt 0.87625 0.225
vt 0.87625 0.025
vt 0.87625 0.025
vt 0.87625 0.225
vt 0.87625 0.025
vt 0.87625 0.225
vt 0.87625 0.225
vt 0.87625 0.025
vt 0.87625 0.025
vt 0.87625 0.225
vt 0.87625 0.025
vt 0.87625 0.225
vt 0.87625 0.225
vt 0.87625 0.025
vt 0.87625 0.025
vt 0.87625 0.225
vt 0.87625 0.025
vt 0.87625 0.225
vt 0.87625 0.225
vt 0.87625 0.025
vt 0.87625 0.025
vt 0.87625 0.225
vt 0.87625 0.025
vt 0.87625 0.225
vt 0.87625 0.025
vt 0.87625 0.225
vt 0.87625 0.225
vt 0.87625 0.025
vt 0.87625 0.025
vt 0.87625 0.225
vt 0.87625 0.025
vt 0.87625 0.225
vt 0.87625 0.225
vt 0.87625 0.025
vt 0.87625 0.025
vt 0.87625 0.225
vt 0.87625 0.025
vt 0.87625 0.225
vt 0.87625 0.225
vt 0.87625 0.025
vt 0.87625 0.025
vt 0.87625 0.225
vt 0.87625 0.025
vt 0.87625 0.225
vt 0.87625 0.225
vt 0.87625 0.025
vt 0.6875 0.525
vt 0.6875 0.725
vt 0.7125 0.725
vt 0.7125 0.525
vt 0.6875 0.525
vt 0.7125 0.725
vt 0.7125 0.525
vt 0.7125 0.725
vt 0.7375 0.725
vt 0.7375 0.525
vt 0.7125 0.525
vt 0.7375 0.725
vt 0.6375 0.525
vt 0.6375 0.725
vt 0.6625 0.725
vt 0.6625 0.525
vt 0.6375 0.525
vt 0.6625 0.725
vt 0.6625 0.525
vt 0.6625 0.725
vt 0.6875 0.725
vt 0.6875 0.525
vt 0.6625 0.525
vt 0.6875 0.725
vt 0.6875 0.525
vt 0.6875 0.725
vt 0.7125 0.525
vt 0.6875 0.725
vt 0.7125 0.725
vt 0.7125 0.525
vt 0.7125 0.525
vt 0.7125 0.725
vt 0.7375 0.525
vt 0.7125 0.725
vt 0.7375 0.725
vt 0.7375 0.525
vt 0.6375 0.525
vt 0.6375 0.725
vt 0.6625 0.525
vt 0.6375 0.725
vt 0.6625 0.725
vt 0.6625 0.525
vt 0.6625 0.525
vt 0.6625 0.725
vt 0.6875 0.525
vt 0.6625 0.725
vt 0.6875 0.725
vt 0.6875 0.525
vt 0.1875 0.275
vt 0.1875 0.475
vt 0.2125 0.475
vt 0.2125 0.275
vt 0.1875 0.275
vt 0.2125 0.475
vt 0.2125 0.275
vt 0.2125 0.475
vt 0.2375 0.475
vt 0.2375 0.275
vt 0.2125 0.275
vt 0.2375 0.475
vt 0.1375 0.275
vt 0.1375 0.475
vt 0.1625 0.475
vt 0.1625 0.275
vt 0.1375 0.275
vt 0.1625 0.475
vt 0.1625 0.275
vt 0.1625 0.475
vt 0.1875 0.475
vt 0.1875 0.275
vt 0.1625 0.275
vt 0.1875 0.475
vt 0.1875 0.275
vt 0.1875 0.475
vt 0.2125 0.275
vt 0.1875 0.475
vt 0.2125 0.475
vt 0.2125 0.275
vt 0.2125 0.275
vt 0.2125 0.475
vt 0.2375 0.275
vt 0.2125 0.475
vt 0.2375 0.475
vt 0.2375 0.275
vt 0.1375 0.275
vt 0.1375 0.475
vt 0.1625 0.275
vt 0.1375 0.475
vt 0.1625 0.475
vt 0.1625 0.275
vt 0.1625 0.275
vt 0.1625 0.475
vt 0.1875 0.275
vt 0.1625 0.475
vt 0.1875 0.475
vt 0.1875 0.275
vt 0.1875 0.275
vt 0.1875 0.475
vt 0.2125 0.475
vt 0.2125 0.275
vt 0.1875 0.275
vt 0.2125 0.475
vt 0.2125 0.275
vt 0.2125 0.475
vt 0.2375 0.475
vt 0.2375 0.275
vt 0.2125 0.275
vt 0.2375 0.475
vt 0.1375 0.275
vt 0.1375 0.475
vt 0.1625 0.475
vt 0.1625 0.275
vt 0.1375 0.275
vt 0.1625 0.475
vt 0.1625 0.275
vt 0.1625 0.475
vt 0.1875 0.475
vt 0.1875 0.275
vt 0.1625 0.275
vt 0.1875 0.475
vt 0.1875 0.275
vt 0.1875 0.475
vt 0.2125 0.275
vt 0.1875 0.475
vt 0.2125 0.475
vt 0.2125 0.275
vt 0.2125 0.275
vt 0.2125 0.475
vt 0.2375 0.275
vt 0.2125 0.475
vt 0.2375 0.475
vt 0.2375 0.275
vt 0.1375 0.275
vt 0.1375 0.475
vt 0.1625 0.275
vt 0.1375 0.475
vt 0.1625 0.475
vt 0.1625 0.275
vt 0.1625 0.275
vt 0.1625 0.475
vt 0.1875 0.275
vt 0.1625 0.475
vt 0.1875 0.475
vt 0.1875 0.275
vt 0.3125 0.775
vt 0.3125 0.975
vt 0.3375 0.975
vt 0.3375 0.775
vt 0.3125 0.775
vt 0.3375 0.975
vt 0.3375 0.775
vt 0.3375 0.975
vt 0.3625 0.975
vt 0.3625 0.775
vt 0.3375 0.775
vt 0.3625 0.975
vt 0.2625 0.775
vt 0.2625 0.975
vt 0.2875 0.975
vt 0.2875 0.775
vt 0.2625 0.775
vt 0.2875 0.975
vt 0.2875 0.775
vt 0.2875 0.975
vt 0.3125 0.975
vt 0.3125 0.775
vt 0.2875 0.775
vt 0.3125 0.975
vt 0.3125 0.775
vt 0.3125 0.975
vt 0.3375 0.775
vt 0.3125 0.975
vt 0.3375 0.975
vt 0.3375 0.775
vt 0.3375 0.775
vt 0.3375 0.975
vt 0.3625 0.775
vt 0.3375 0.975
vt 0.3625 0.975
vt 0.3625 0.775
vt 0.2625 0.775
vt 0.2625 0.975
vt 0.2875 0.775
vt 0.2625 0.975
vt 0.2875 0.975
vt 0.2875 0.775
vt 0.2875 0.775
vt 0.2875 0.975
vt 0.3125 0.775
vt 0.2875 0.975
vt 0.3125 0.975
vt 0.3125 0.775
vt 0.5625 0.775
vt 0.5625 0.975
vt 0.5875 0.975
vt 0.5875 0.775
vt 0.5625 0.775
vt 0.5875 0.975
vt 0.5875 0.775
vt 0.5875 0.975
vt 0.6125 0.975
vt 0.6125 0.775
vt 0.5875 0.775
vt 0.6125 0.975
vt 0.5125 0.775
vt 0.5125 0.975
vt 0.5375 0.975
vt 0.5375 0.775
vt 0.5125 0.775
vt 0.5375 0.975
vt 0.5375 0.775
vt 0.5375 0.975
vt 0.5625 0.975
vt 0.5625 0.775
vt 0.5375 0.775
vt 0.5625 0.975
vt 0.5625 0.775
vt 0.5625 0.975
vt 0.5875 0.775
vt 0.5625 0.975
vt 0.5875 0.975
vt 0.5875 0.775
vt 0.5875 0.775
vt 0.5875 0.975
vt 0.6125 0.775
vt 0.5875 0.975
vt 0.6125 0.975
vt 0.6125 0.775
vt 0.5125 0.775
vt 0.5125 0.975
vt 0.5375 0.775
vt 0.5125 0.975
vt 0.5375 0.975
vt 0.5375 0.775
vt 0.5375 0.775
vt 0.5375 0.975
vt 0.5625 0.775
vt 0.5375 0.975
vt 0.5625 0.975
vt 0.5625 0.775
vt 0.6875 0.525
vt 0.6875 0.725
vt 0.7125 0.725
vt 0.7125 0.525
vt 0.6875 0.525
vt 0.7125 0.725
vt 0.7125 0.525
vt 0.7125 0.725
vt 0.7375 0.725
vt 0.7375 0.525
vt 0.7125 0.525
vt 0.7375 0.725
vt 0.6375 0.525
vt 0.6375 0.725
vt 0.6625 0.725
vt 0.6625 0.525
vt 0.6375 0.525
vt 0.6625 0.725
vt 0.6625 0.525
vt 0.6625 0.725
vt 0.6875 0.725
vt 0.6875 0.525
vt 0.6625 0.525
vt 0.6875 0.725
vt 0.6875 0.525
vt 0.6875 0.725
vt 0.7125 0.525
vt 0.6875 0.725
vt 0.7125 0.725
vt 0.7125 0.525
vt 0.7125 0.525
vt 0.7125 0.725
vt 0.7375 0.525
vt 0.7125 0.725
vt 0.7375 0.725
vt 0.7375 0.525
vt 0.6375 0.525
vt 0.6375 0.725
vt 0.6625 0.525
vt 0.6375 0.725
vt 0.6625 0.725
vt 0.6625 0.525
vt 0.6625 0.525
vt 0.6625 0.725
vt 0.6875 0.525
vt 0.6625 0.725
vt 0.6875 0.725
vt 0.6875 0.525
vt 0.6875 0.525
vt 0.6875 0.725
vt 0.7125 0.725
vt 0.7125 0.525
vt 0.6875 0.525
vt 0.7125 0.725
vt 0.7125 0.525
vt 0.7125 0.725
vt 0.7375 0.725
vt 0.7375 0.525
vt 0.7125 0.525
vt 0.7375 0.725
vt 0.6375 0.525
vt 0.6375 0.725
vt 0.6625 0.725
vt 0.6625 0.525
vt 0.6375 0.525
vt 0.6625 0.725
vt 0.6625 0.525
vt 0.6625 0.725
vt 0.6875 0.725
vt 0.6875 0.525
vt 0.6625 0.525
vt 0.6875 0.725
vt 0.6875 0.525
vt 0.6875 0.725
vt 0.7125 0.525
vt 0.6875 0.725
vt 0.7125 0.725
vt 0.7125 0.525
vt 0.7125 0.525
vt 0.7125 0.725
vt 0.7375 0.525
vt 0.7125 0.725
vt 0.7375 0.725
vt 0.7375 0.525
vt 0.6375 0.525
vt 0.6375 0.725
vt 0.6625 0.525
vt 0.6375 0.725
vt 0.6625 0.725
vt 0.6625 0.525
vt 0.6625 0.525
vt 0.6625 0.725
vt 0.6875 0.525
vt 0.6625 0.725
vt 0.6875 0.725
vt 0.6875 0.525
vt 0.87625 0.025
vt 0.87625 0.225
vt 0.87625 0.225
vt 0.87625 0.025
vt 0.87625 0.025
vt 0.87625 0.225
vt 0.87625 0.025
vt 0.87625 0.225
vt 0.87625 0.225
vt 0.87625 0.025
vt 0.87625 0.025
vt 0.87625 0.225
vt 0.87625 0.025
vt 0.87625 0.225
vt 0.87625 0.225
vt 0.87625 0.025
vt 0.87625 0.025
vt 0.87625 0.225
vt 0.87625 0.025
vt 0.87625 0.225
vt 0.87625 0.225
vt 0.87625 0.025
vt 0.87625 0.025
vt 0.87625 0.225
vt 0.87625 0.025
vt 0.87625 0.225
vt 0.87625 0.025
vt 0.87625 0.225
vt 0.87625 0.225
vt 0.87625 0.025
vt 0.87625 0.025
vt 0.87625 0.225
vt 0.87625 0.025
vt 0.87625 0.225
vt 0.87625 0.225
vt 0.87625 0.025
vt 0.87625 0.025
vt 0.87625 0.225
vt 0.87625 0.025
vt 0.87625 0.225
vt 0.87625 0.225
vt 0.87625 0.025
vt 0.87625 0.025
vt 0.87625 0.225
vt 0.87625 0.025
vt 0.87625 0.225
vt 0.87625 0.225
vt 0.87625 0.025
vt 0.1875 0.275
vt 0.1875 0.475
vt 0.2125 0.475
vt 0.2125 0.275
vt 0.1875 0.275
vt 0.2125 0.475
vt 0.2125 0.275
vt 0.2125 0.475
vt 0.2375 0.475
vt 0.2375 0.275
vt 0.2125 0.275
vt 0.2375 0.475
vt 0.1375 0.275
vt 0.1375 0.475
vt 0.1625 0.475
vt 0.1625 0.275
vt 0.1375 0.275
vt 0.1625 0.475
vt 0.1625 0.275
vt 0.1625 0.475
vt 0.1875 0.475
vt 0.1875 0.275
vt 0.1625 0.275
vt 0.1875 0.475
vt 0.1875 0.275
vt 0.1875 0.475
vt 0.2125 0.275
vt 0.1875 0.475
vt 0.2125 0.475
vt 0.2125 0.275
vt 0.2125 0.275
vt 0.2125 0.475
vt 0.2375 0.275
vt 0.2125 0.475
vt 0.2375 0.475
vt 0.2375 0.275
vt 0.1375 0.275
vt 0.1375 0.475
vt 0.1625 0.275
vt 0.1375 0.475
vt 0.1625 0.475
vt 0.1625 0.275
vt 0.1625 0.275
vt 0.1625 0.475
vt 0.1875 0.275
vt 0.1625 0.475
vt 0.1875 0.475
vt 0.1875 0.275
vt 0.3125 0.775
vt 0.3125 0.975
vt 0.3375 0.975
vt 0.3375 0.775
vt 0.3125 0.775
vt 0.3375 0.975
vt 0.3375 0.775
vt 0.3375 0.975
vt 0.3625 0.975
vt 0.3625 0.775
vt 0.3375 0.775
vt 0.3625 0.975
vt 0.2625 0.775
vt 0.2625 0.975
vt 0.2875 0.975
vt 0.2875 0.775
vt 0.2625 0.775
vt 0.2875 0.975
vt 0.2875 0.775
vt 0.2875 0.975
vt 0.3125 0.975
vt 0.3125 0.775
vt 0.2875 0.775
vt 0.3125 0.975
vt 0.3125 0.775
vt 0.3125 0.975
vt 0.3375 0.775
vt 0.3125 0.975
vt 0.3375 0.975
vt 0.3375 0.775
vt 0.3375 0.775
vt 0.3375 0.975
vt 0.3625 0.775
vt 0.3375 0.975
vt 0.3625 0.975
vt 0.3625 0.775
vt 0.2625 0.775
vt 0.2625 0.975
vt 0.2875 0.775
vt 0.2625 0.975
vt 0.2875 0.975
vt 0.2875 0.775
vt 0.2875 0.775
vt 0.2875 0.975
vt 0.3125 0.775
vt 0.2875 0.975
vt 0.3125 0.975
vt 0.3125 0.775
vt 0.3125 0.525
vt 0.3125 0.725
vt 0.3375 0.725
vt 0.3375 0.525
vt 0.3125 0.525
vt 0.3375 0.725
vt 0.3375 0.525
vt 0.3375 0.725
vt 0.3625 0.725
vt 0.3625 0.525
vt 0.3375 0.525
vt 0.3625 0.725
vt 0.2625 0.525
vt 0.2625 0.725
vt 0.2875 0.725
vt 0.2875 0.525
vt 0.2625 0.525
vt 0.2875 0.725
vt 0.2875 0.525
vt 0.2875 0.725
vt 0.3125 0.725
vt 0.3125 0.525
vt 0.2875 0.525
vt 0.3125 0.725
vt 0.3125 0.525
vt 0.3125 0.725
vt 0.3375 0.525
vt 0.3125 0.725
vt 0.3375 0.725
vt 0.3375 0.525
vt 0.3375 0.525
vt 0.3375 0.725
vt 0.3625 0.525
vt 0.3375 0.725
vt 0.3625 0.725
vt 0.3625 0.525
vt 0.2625 0.525
vt 0.2625 0.725
vt 0.2875 0.525
vt 0.2625 0.725
vt 0.2875 0.725
vt 0.2875 0.525
vt 0.2875 0.525
vt 0.2875 0.725
vt 0.3125 0.525
vt 0.2875 0.725
vt 0.3125 0.725
vt 0.3125 0.525
vt 0.5625 0.775
vt 0.5625 0.975
vt 0.5875 0.975
vt 0.5875 0.775
vt 0.5625 0.775
vt 0.5875 0.975
vt 0.5875 0.775
vt 0.5875 0.975
vt 0.6125 0.975
vt 0.6125 0.775
vt 0.5875 0.775
vt 0.6125 0.975
vt 0.5125 0.775
vt 0.5125 0.975
vt 0.5375 0.975
vt 0.5375 0.775
vt 0.5125 0.775
vt 0.5375 0.975
vt 0.5375 0.775
vt 0.5375 0.975
vt 0.5625 0.975
vt 0.5625 0.775
vt 0.5375 0.775
vt 0.5625 0.975
vt 0.5625 0.775
vt 0.5625 0.975
vt 0.5875 0.775
vt 0.5625 0.975
vt 0.5875 0.975
vt 0.5875 0.775
vt 0.5875 0.775
vt 0.5875 0.975
vt 0.6125 0.775
vt 0.5875 0.975
vt 0.6125 0.975
vt 0.6125 0.775
vt 0.5125 0.775
vt 0.5125 0.975
vt 0.5375 0.775
vt 0.5125 0.975
vt 0.5375 0.975
vt 0.5375 0.775
vt 0.5375 0.775
vt 0.5375 0.975
vt 0.5625 0.775
vt 0.5375 0.975
vt 0.5625 0.975
vt 0.5625 0.775
vt 0.3875 0.775
vt 0.3875 0.975
vt 0.4875 0.975
vt 0.4875 0.775
vt 0.3875 0.775
vt 0.4875 0.975
vt 0.3875 0.775
vt 0.3875 0.975
vt 0.4875 0.975
vt 0.4875 0.775
vt 0.3875 0.775
vt 0.4875 0.975
vt 0.3875 0.775
vt 0.3875 0.975
vt 0.4875 0.975
vt 0.4875 0.775
vt 0.3875 0.775
vt 0.4875 0.975
vt 0.3875 0.775
vt 0.3875 0.975
vt 0.4875 0.975
vt 0.4875 0.775
vt 0.3875 0.775
vt 0.4875 0.975
vt 0.3875 0.775
vt 0.3875 0.975
vt 0.4875 0.775
vt 0.3875 0.975
vt 0.4875 0.975
vt 0.4875 0.775
vt 0.3875 0.775
vt 0.3875 0.975
vt 0.4875 0.775
vt 0.3875 0.975
vt 0.4875 0.975
vt 0.4875 0.775
vt 0.3875 0.775
vt 0.3875 0.975
vt 0.4875 0.775
vt 0.3875 0.975
vt 0.4875 0.975
vt 0.4875 0.775
vt 0.3875 0.775
vt 0.3875 0.975
vt 0.4875 0.775
vt 0.3875 0.975
vt 0.4875 0.975
vt 0.4875 0.775
vt 0.2625 0.525
vt 0.2625 0.725
vt 0.3625 0.725
vt 0.3625 0.525
vt 0.2625 0.525
vt 0.3625 0.725
vt 0.2625 0.525
vt 0.2625 0.725
vt 0.3625 0.725
vt 0.3625 0.525
vt 0.2625 0.525
vt 0.3625 0.725
vt 0.2625 0.525
vt 0.2625 0.725
vt 0.3625 0.725
vt 0.3625 0.525
vt 0.2625 0.525
vt 0.3625 0.725
vt 0.2625 0.525
vt 0.2625 0.725
vt 0.3625 0.725
vt 0.3625 0.525
vt 0.2625 0.525
vt 0.3625 0.725
vt 0.2625 0.525
vt 0.2625 0.725
vt 0.3625 0.525
vt 0.2625 0.725
vt 0.3625 0.725
vt 0.3625 0.525
vt 0.2625 0.525
vt 0.2625 0.725
vt 0.3625 0.525
vt 0.2625 0.725
vt 0.3625 0.725
vt 0.3625 0.525
vt 0.2625 0.525
vt 0.2625 0.725
vt 0.3625 0.525
vt 0.2625 0.725
vt 0.3625 0.725
vt 0.3625 0.525
vt 0.2625 0.525
vt 0.2625 0.725
vt 0.3625 0.525
vt 0.2625 0.725
vt 0.3625 0.725
vt 0.3625 0.525
vt 0.87625 0.025
vt 0.87625 0.225
vt 0.87625 0.225
vt 0.87625 0.025
vt 0.87625 0.025
vt 0.87625 0.225
vt 0.87625 0.025
vt 0.87625 0.225
vt 0.87625 0.225
vt 0.87625 0.025
vt 0.87625 0.025
vt 0.87625 0.225
vt 0.87625 0.025
vt 0.87625 0.225
vt 0.87625 0.225
vt 0.87625 0.025
vt 0.87625 0.025
vt 0.87625 0.225
vt 0.87625 0.025
vt 0.87625 0.225
vt 0.87625 0.225
vt 0.87625 0.025
vt 0.87625 0.025
vt 0.87625 0.225
vt 0.87625 0.025
vt 0.87625 0.225
vt 0.87625 0.025
vt 0.87625 0.225
vt 0.87625 0.225
vt 0.87625 0.025
vt 0.87625 0.025
vt 0.87625 0.225
vt 0.87625 0.025
vt 0.87625 0.225
vt 0.87625 0.225
vt 0.87625 0.025
vt 0.87625 0.025
vt 0.87625 0.225
vt 0.87625 0.025
vt 0.87625 0.225
vt 0.87625 0.225
vt 0.87625 0.025
vt 0.87625 0.025
vt 0.87625 0.225
vt 0.87625 0.025
vt 0.87625 0.225
vt 0.87625 0.225
vt 0.87625 0.025
vt 0.6375 0.525
vt 0.6375 0.725
vt 0.7375 0.725
vt 0.7375 0.525
vt 0.6375 0.525
vt 0.7375 0.725
vt 0.6375 0.525
vt 0.6375 0.725
vt 0.7375 0.725
vt 0.7375 0.525
vt 0.6375 0.525
vt 0.7375 0.725
vt 0.6375 0.525
vt 0.6375 0.725
vt 0.7375 0.725
vt 0.7375 0.525
vt 0.6375 0.525
vt 0.7375 0.725
vt 0.6375 0.525
vt 0.6375 0.725
vt 0.7375 0.725
vt 0.7375 0.525
vt 0.6375 0.525
vt 0.7375 0.725
vt 0.6375 0.525
vt 0.6375 0.725
vt 0.7375 0.525
vt 0.6375 0.725
vt 0.7375 0.725
vt 0.7375 0.525
vt 0.6375 0.525
vt 0.6375 0.725
vt 0.7375 0.525
vt 0.6375 0.725
vt 0.7375 0.725
vt 0.7375 0.525
vt 0.6375 0.525
vt 0.6375 0.725
vt 0.7375 0.525
vt 0.6375 0.725
vt 0.7375 0.725
vt 0.7375 0.525
vt 0.6375 0.525
vt 0.6375 0.725
vt 0.7375 0.525
vt 0.6375 0.725
vt 0.7375 0.725
vt 0.7375 0.525
vt 0.1375 0.275
vt 0.1375 0.475
vt 0.2375 0.475
vt 0.2375 0.275
vt 0.1375 0.275
vt 0.2375 0.475
vt 0.1375 0.275
vt 0.1375 0.475
vt 0.2375 0.475
vt 0.2375 0.275
vt 0.1375 0.275
vt 0.2375 0.475
vt 0.1375 0.275
vt 0.1375 0.475
vt 0.2375 0.475
vt 0.2375 0.275
vt 0.1375 0.275
vt 0.2375 0.475
vt 0.1375 0.275
vt 0.1375 0.475
vt 0.2375 0.475
vt 0.2375 0.275
vt 0.1375 0.275
vt 0.2375 0.475
vt 0.1375 0.275
vt 0.1375 0.475
vt 0.2375 0.275
vt 0.1375 0.475
vt 0.2375 0.475
vt 0.2375 0.275
vt 0.1375 0.275
vt 0.1375 0.475
vt 0.2375 0.275
vt 0.1375 0.475
vt 0.2375 0.475
vt 0.2375 0.275
vt 0.1375 0.275
vt 0.1375 0.475
vt 0.2375 0.275
vt 0.1375 0.475
vt 0.2375 0.475
vt 0.2375 0.275
vt 0.1375 0.275
vt 0.1375 0.475
vt 0.2375 0.275
vt 0.1375 0.475
vt 0.2375 0.475
vt 0.2375 0.275
vt 0.1375 0.775
vt 0.1375 0.975
vt 0.2375 0.975
vt 0.2375 0.775
vt 0.1375 0.775
vt 0.2375 0.975
vt 0.1375 0.775
vt 0.1375 0.975
vt 0.2375 0.975
vt 0.2375 0.775
vt 0.1375 0.775
vt 0.2375 0.975
vt 0.1375 0.775
vt 0.1375 0.975
vt 0.2375 0.975
vt 0.2375 0.775
vt 0.1375 0.775
vt 0.2375 0.975
vt 0.1375 0.775
vt 0.1375 0.975
vt 0.2375 0.975
vt 0.2375 0.775
vt 0.1375 0.775
vt 0.2375 0.975
vt 0.1375 0.775
vt 0.1375 0.975
vt 0.2375 0.775
vt 0.1375 0.975
vt 0.2375 0.975
vt 0.2375 0.775
vt 0.1375 0.775
vt 0.1375 0.975
vt 0.2375 0.775
vt 0.1375 0.975
vt 0.2375 0.975
vt 0.2375 0.775
vt 0.1375 0.775
vt 0.1375 0.975
vt 0.2375 0.775
vt 0.1375 0.975
vt 0.2375 0.975
vt 0.2375 0.775
vt 0.1375 0.775
vt 0.1375 0.975
vt 0.2375 0.775
vt 0.1375 0.975
vt 0.2375 0.975
vt 0.2375 0.775
vt 0.4375 0.775
vt 0.4375 0.975
vt 0.4625 0.975
vt 0.4625 0.775
vt 0.4375 0.775
vt 0.4625 0.975
vt 0.4625 0.775
vt 0.4625 0.975
vt 0.4875 0.975
vt 0.4875 0.775
vt 0.4625 0.775
vt 0.4875 0.975
vt 0.3875 0.775
vt 0.3875 0.975
vt 0.4125 0.975
vt 0.4125 0.775
vt 0.3875 0.775
vt 0.4125 0.975
vt 0.4125 0.775
vt 0.4125 0.975
vt 0.4375 0.975
vt 0.4375 0.775
vt 0.4125 0.775
vt 0.4375 0.975
vt 0.4375 0.775
vt 0.4375 0.975
vt 0.4625 0.775
vt 0.4375 0.975
vt 0.4625 0.975
vt 0.4625 0.775
vt 0.4625 0.775
vt 0.4625 0.975
vt 0.4875 0.775
vt 0.4625 0.975
vt 0.4875 0.975
vt 0.4875 0.775
vt 0.3875 0.775
vt 0.3875 0.975
vt 0.4125 0.775
vt 0.3875 0.975
vt 0.4125 0.975
vt 0.4125 0.775
vt 0.4125 0.775
vt 0.4125 0.975
vt 0.4375 0.775
vt 0.4125 0.975
vt 0.4375 0.975
vt 0.4375 0.775
vt 0.2625 0.775
vt 0.2625 0.975
vt 0.3125 0.975
vt 0.3125 0.775
vt 0.2625 0.775
vt 0.3125 0.975
vt 0.3125 0.775
vt 0.3125 0.975
vt 0.3625 0.975
vt 0.3625 0.775
vt 0.3125 0.775
vt 0.3625 0.975
vt 0.2625 0.775
vt 0.2625 0.975
vt 0.3125 0.975
vt 0.3125 0.775
vt 0.2625 0.775
vt 0.3125 0.975
vt 0.3125 0.775
vt 0.3125 0.975
vt 0.3625 0.975
vt 0.3625 0.775
vt 0.3125 0.775
vt 0.3625 0.975
vt 0.2625 0.775
vt 0.2625 0.975
vt 0.3125 0.775
vt 0.2625 0.975
vt 0.3125 0.975
vt 0.3125 0.775
vt 0.3125 0.775
vt 0.3125 0.975
vt 0.3625 0.775
vt 0.3125 0.975
vt 0.3625 0.975
vt 0.3625 0.775
vt 0.2625 0.775
vt 0.2625 0.975
vt 0.3125 0.775
vt 0.2625 0.975
vt 0.3125 0.975
vt 0.3125 0.775
vt 0.3125 0.775
vt 0.3125 0.975
vt 0.3625 0.775
vt 0.3125 0.975
vt 0.3625 0.975
vt 0.3625 0.775
vt 0.87625 0.025
vt 0.87625 0.225
vt 0.87625 0.225
vt 0.87625 0.025
vt 0.87625 0.025
vt 0.87625 0.225
vt 0.87625 0.025
vt 0.87625 0.225
vt 0.87625 0.225
vt 0.87625 0.025
vt 0.87625 0.025
vt 0.87625 0.225
vt 0.87625 0.025
vt 0.87625 0.225
vt 0.87625 0.225
vt 0.87625 0.025
vt 0.87625 0.025
vt 0.87625 0.225
vt 0.87625 0.025
vt 0.87625 0.225
vt 0.87625 0.225
vt 0.87625 0.025
vt 0.87625 0.025
vt 0.87625 0.225
vt 0.87625 0.025
vt 0.87625 0.225
vt 0.87625 0.025
vt 0.87625 0.225
vt 0.87625 0.225
vt 0.87625 0.025
vt 0.87625 0.025
vt 0.87625 0.225
vt 0.87625 0.025
vt 0.87625 0.225
vt 0.87625 0.225
vt 0.87625 0.025
vt 0.87625 0.025
vt 0.87625 0.225
vt 0.87625 0.025
vt 0.87625 0.225
vt 0.87625 0.225
vt 0.87625 0.025
vt 0.87625 0.025
vt 0.87625 0.225
vt 0.87625 0.025
vt 0.87625 0.225
vt 0.87625 0.225
vt 0.87625 0.025
vt 0.3125 0.775
vt 0.3125 0.975
vt 0.3375 0.975
vt 0.3375 0.775
vt 0.3125 0.775
vt 0.3375 0.975
vt 0.3375 0.775
vt 0.3375 0.975
vt 0.3625 0.975
vt 0.3625 0.775
vt 0.3375 0.775
vt 0.3625 0.975
vt 0.2625 0.775
vt 0.2625 0.975
vt 0.2875 0.975
vt 0.2875 0.775
vt 0.2625 0.775
vt 0.2875 0.975
vt 0.2875 0.775
vt 0.2875 0.975
vt 0.3125 0.975
vt 0.3125 0.775
vt 0.2875 0.775
vt 0.3125 0.975
vt 0.3125 0.775
vt 0.3125 0.975
vt 0.3375 0.775
vt 0.3125 0.975
vt 0.3375 0.975
vt 0.3375 0.775
vt 0.3375 0.775
vt 0.3375 0.975
vt 0.3625 0.775
vt 0.3375 0.975
vt 0.3625 0.975
vt 0.3625 0.775
vt 0.2625 0.775
vt 0.2625 0.975
vt 0.2875 0.775
vt 0.2625 0.975
vt 0.2875 0.975
vt 0.2875 0.775
vt 0.2875 0.775
vt 0.2875 0.975
vt 0.3125 0.775
vt 0.2875 0.975
vt 0.3125 0.975
vt 0.3125 0.775
vt 0.4375 0.775
vt 0.4375 0.975
vt 0.4625 0.975
vt 0.4625 0.775
vt 0.4375 0.775
vt 0.4625 0.975
vt 0.4625 0.775
vt 0.4625 0.975
vt 0.4875 0.975
vt 0.4875 0.775
vt 0.4625 0.775
vt 0.4875 0.975
vt 0.3875 0.775
vt 0.3875 0.975
vt 0.4125 0.975
vt 0.4125 0.775
vt 0.3875 0.775
vt 0.4125 0.975
vt 0.4125 0.775
vt 0.4125 0.975
vt 0.4375 0.975
vt 0.4375 0.775
vt 0.4125 0.775
vt 0.4375 0.975
vt 0.4375 0.775
vt 0.4375 0.975
vt 0.4625 0.775
vt 0.4375 0.975
vt 0.4625 0.975
vt 0.4625 0.775
vt 0.4625 0.775
vt 0.4625 0.975
vt 0.4875 0.775
vt 0.4625 0.975
vt 0.4875 0.975
vt 0.4875 0.775
vt 0.3875 0.775
vt 0.3875 0.975
vt 0.4125 0.775
vt 0.3875 0.975
vt 0.4125 0.975
vt 0.4125 0.775
vt 0.4125 0.775
vt 0.4125 0.975
vt 0.4375 0.775
vt 0.4125 0.975
vt 0.4375 0.975
vt 0.4375 0.775
vt 0.4375 0.525
vt 0.4375 0.725
vt 0.4625 0.725
vt 0.4625 0.525
vt 0.4375 0.525
vt 0.4625 0.725
vt 0.4625 0.525
vt 0.4625 0.725
vt 0.4875 0.725
vt 0.4875 0.525
vt 0.4625 0.525
vt 0.4875 0.725
vt 0.3875 0.525
vt 0.3875 0.725
vt 0.4125 0.725
vt 0.4125 0.525
vt 0.3875 0.525
vt 0.4125 0.725
vt 0.4125 0.525
vt 0.4125 0.725
vt 0.4375 0.725
vt 0.4375 0.525
vt 0.4125 0.525
vt 0.4375 0.725
vt 0.4375 0.525
vt 0.4375 0.725
vt 0.4625 0.525
vt 0.4375 0.725
vt 0.4625 0.725
vt 0.4625 0.525
vt 0.4625 0.525
vt 0.4625 0.725
vt 0.4875 0.525
vt 0.4625 0.725
vt 0.4875 0.725
vt 0.4875 0.525
vt 0.3875 0.525
vt 0.3875 0.725
vt 0.4125 0.525
vt 0.3875 0.725
vt 0.4125 0.725
vt 0.4125 0.525
vt 0.4125 0.525
vt 0.4125 0.725
vt 0.4375 0.525
vt 0.4125 0.725
vt 0.4375 0.725
vt 0.4375 0.525
vt 0.4375 0.525
vt 0.4375 0.725
vt 0.4625 0.725
vt 0.4625 0.525
vt 0.4375 0.525
vt 0.4625 0.725
vt 0.4625 0.525
vt 0.4625 0.725
vt 0.4875 0.725
vt 0.4875 0.525
vt 0.4625 0.525
vt 0.4875 0.725
vt 0.3875 0.525
vt 0.3875 0.725
vt 0.4125 0.725
vt 0.4125 0.525
vt 0.3875 0.525
vt 0.4125 0.725
vt 0.4125 0.525
vt 0.4125 0.725
vt 0.4375 0.725
vt 0.4375 0.525
vt 0.4125 0.525
vt 0.4375 0.725
vt 0.4375 0.525
vt 0.4375 0.725
vt 0.4625 0.525
vt 0.4375 0.725
vt 0.4625 0.725
vt 0.4625 0.525
vt 0.4625 0.525
vt 0.4625 0.725
vt 0.4875 0.525
vt 0.4625 0.725
vt 0.4875 0.725
vt 0.4875 0.525
vt 0.3875 0.525
vt 0.3875 0.725
vt 0.4125 0.525
vt 0.3875 0.725
vt 0.4125 0.725
vt 0.4125 0.525
vt 0.4125 0.525
vt 0.4125 0.725
vt 0.4375 0.525
vt 0.4125 0.725
vt 0.4375 0.725
vt 0.4375 0.525
vt 0.4375 0.525
vt 0.4375 0.725
vt 0.4625 0.725
vt 0.4625 0.525
vt 0.4375 0.525
vt 0.4625 0.725
vt 0.4625 0.525
vt 0.4625 0.725
vt 0.4875 0.725
vt 0.4875 0.525
vt 0.4625 0.525
vt 0.4875 0.725
vt 0.3875 0.525
vt 0.3875 0.725
vt 0.4125 0.725
vt 0.4125 0.525
vt 0.3875 0.525
vt 0.4125 0.725
vt 0.4125 0.525
vt 0.4125 0.725
vt 0.4375 0.725
vt 0.4375 0.525
vt 0.4125 0.525
vt 0.4375 0.725
vt 0.4375 0.525
vt 0.4375 0.725
vt 0.4625 0.525
vt 0.4375 0.725
vt 0.4625 0.725
vt 0.4625 0.525
vt 0.4625 0.525
vt 0.4625 0.725
vt 0.4875 0.525
vt 0.4625 0.725
vt 0.4875 0.725
vt 0.4875 0.525
vt 0.3875 0.525
vt 0.3875 0.725
vt 0.4125 0.525
vt 0.3875 0.725
vt 0.4125 0.725
vt 0.4125 0.525
vt 0.4125 0.525
vt 0.4125 0.725
vt 0.4375 0.525
vt 0.4125 0.725
vt 0.4375 0.725
vt 0.4375 0.525
vt 0.87625 0.025
vt 0.87625 0.225
vt 0.87625 0.225
vt 0.87625 0.025
vt 0.87625 0.025
vt 0.87625 0.225
vt 0.87625 0.025
vt 0.87625 0.225
vt 0.87625 0.225
vt 0.87625 0.025
vt 0.87625 0.025
vt 0.87625 0.225
vt 0.87625 0.025
vt 0.87625 0.225
vt 0.87625 0.225
vt 0.87625 0.025
vt 0.87625 0.025
vt 0.87625 0.225
vt 0.87625 0.025
vt 0.87625 0.225
vt 0.87625 0.225
vt 0.87625 0.025
vt 0.87625 0.025
vt 0.87625 0.225
vt 0.87625 0.025
vt 0.87625 0.225
vt 0.87625 0.025
vt 0.87625 0.225
vt 0.87625 0.225
vt 0.87625 0.025
vt 0.87625 0.025
vt 0.87625 0.225
vt 0.87625 0.025
vt 0.87625 0.225
vt 0.87625 0.225
vt 0.87625 0.025
vt 0.87625 0.025
vt 0.87625 0.225
vt 0.87625 0.025
vt 0.87625 0.225
vt 0.87625 0.225
vt 0.87625 0.025
vt 0.87625 0.025
vt 0.87625 0.225
vt 0.87625 0.025
vt 0.87625 0.225
vt 0.87625 0.225
vt 0.87625 0.025
vt 0.2625 0.775
vt 0.2625 0.975
vt 0.3125 0.975
vt 0.3125 0.775
vt 0.2625 0.775
vt 0.3125 0.975
vt 0.3125 0.775
vt 0.3125 0.975
vt 0.3625 0.975
vt 0.3625 0.775
vt 0.3125 0.775
vt 0.3625 0.975
vt 0.2625 0.775
vt 0.2625 0.975
vt 0.3125 0.975
vt 0.3125 0.775
vt 0.2625 0.775
vt 0.3125 0.975
vt 0.3125 0.775
vt 0.3125 0.975
vt 0.3625 0.975
vt 0.3625 0.775
vt 0.3125 0.775
vt 0.3625 0.975
vt 0.2625 0.775
vt 0.2625 0.975
vt 0.3125 0.775
vt 0.2625 0.975
vt 0.3125 0.975
vt 0.3125 0.775
vt 0.3125 0.775
vt 0.3125 0.975
vt 0.3625 0.775
vt 0.3125 0.975
vt 0.3625 0.975
vt 0.3625 0.775
vt 0.2625 0.775
vt 0.2625 0.975
vt 0.3125 0.775
vt 0.2625 0.975
vt 0.3125 0.975
vt 0.3125 0.775
vt 0.3125 0.775
vt 0.3125 0.975
vt 0.3625 0.775
vt 0.3125 0.975
vt 0.3625 0.975
vt 0.3625 0.775
vt 0.3875 0.775
vt 0.3875 0.975
vt 0.4375 0.975
vt 0.4375 0.775
vt 0.3875 0.775
vt 0.4375 0.975
vt 0.4375 0.775
vt 0.4375 0.975
vt 0.4875 0.975
vt 0.4875 0.775
vt 0.4375 0.775
vt 0.4875 0.975
vt 0.3875 0.775
vt 0.3875 0.975
vt 0.4375 0.975
vt 0.4375 0.775
vt 0.3875 0.775
vt 0.4375 0.975
vt 0.4375 0.775
vt 0.4375 0.975
vt 0.4875 0.975
vt 0.4875 0.775
vt 0.4375 0.775
vt 0.4875 0.975
vt 0.3875 0.775
vt 0.3875 0.975
vt 0.4375 0.775
vt 0.3875 0.975
vt 0.4375 0.975
vt 0.4375 0.775
vt 0.4375 0.775
vt 0.4375 0.975
vt 0.4875 0.775
vt 0.4375 0.975
vt 0.4875 0.975
vt 0.4875 0.775
vt 0.3875 0.775
vt 0.3875 0.975
vt 0.4375 0.775
vt 0.3875 0.975
vt 0.4375 0.975
vt 0.4375 0.775
vt 0.4375 0.775
vt 0.4375 0.975
vt 0.4875 0.775
vt 0.4375 0.975
vt 0.4875 0.975
vt 0.4875 0.775
vt 0.1375 0.775
vt 0.1375 0.975
vt 0.1875 0.975
vt 0.1875 0.775
vt 0.1375 0.775
vt 0.1875 0.975
vt 0.1875 0.775
vt 0.1875 0.975
vt 0.2375 0.975
vt 0.2375 0.775
vt 0.1875 0.775
vt 0.2375 0.975
vt 0.1375 0.775
vt 0.1375 0.975
vt 0.1875 0.975
vt 0.1875 0.775
vt 0.1375 0.775
vt 0.1875 0.975
vt 0.1875 0.775
vt 0.1875 0.975
vt 0.2375 0.975
vt 0.2375 0.775
vt 0.1875 0.775
vt 0.2375 0.975
vt 0.1375 0.775
vt 0.1375 0.975
vt 0.1875 0.775
vt 0.1375 0.975
vt 0.1875 0.975
vt 0.1875 0.775
vt 0.1875 0.775
vt 0.1875 0.975
vt 0.2375 0.775
vt 0.1875 0.975
vt 0.2375 0.975
vt 0.2375 0.775
vt 0.1375 0.775
vt 0.1375 0.975
vt 0.1875 0.775
vt 0.1375 0.975
vt 0.1875 0.975
vt 0.1875 0.775
vt 0.1875 0.775
vt 0.1875 0.975
vt 0.2375 0.775
vt 0.1875 0.975
vt 0.2375 0.975
vt 0.2375 0.775
vt 0.2625 0.775
vt 0.2625 0.975
vt 0.3125 0.975
vt 0.3125 0.775
vt 0.2625 0.775
vt 0.3125 0.975
vt 0.3125 0.775
vt 0.3125 0.975
vt 0.3625 0.975
vt 0.3625 0.775
vt 0.3125 0.775
vt 0.3625 0.975
vt 0.2625 0.775
vt 0.2625 0.975
vt 0.3125 0.975
vt 0.3125 0.775
vt 0.2625 0.775
vt 0.3125 0.975
vt 0.3125 0.775
vt 0.3125 0.975
vt 0.3625 0.975
vt 0.3625 0.775
vt 0.3125 0.775
vt 0.3625 0.975
vt 0.2625 0.775
vt 0.2625 0.975
vt 0.3125 0.775
vt 0.2625 0.975
vt 0.3125 0.975
vt 0.3125 0.775
vt 0.3125 0.775
vt 0.3125 0.975
vt 0.3625 0.775
vt 0.3125 0.975
vt 0.3625 0.975
vt 0.3625 0.775
vt 0.2625 0.775
vt 0.2625 0.975
vt 0.3125 0.775
vt 0.2625 0.975
vt 0.3125 0.975
vt 0.3125 0.775
vt 0.3125 0.775
vt 0.3125 0.975
vt 0.3625 0.775
vt 0.3125 0.975
vt 0.3625 0.975
vt 0.3625 0.775
vt 0.87625 0.025
vt 0.87625 0.225
vt 0.87625 0.225
vt 0.87625 0.025
vt 0.87625 0.025
vt 0.87625 0.225
vt 0.87625 0.025
vt 0.87625 0.225
vt 0.87625 0.225
vt 0.87625 0.025
vt 0.87625 0.025
vt 0.87625 0.225
vt 0.87625 0.025
vt 0.87625 0.225
vt 0.87625 0.225
vt 0.87625 0.025
vt 0.87625 0.025
vt 0.87625 0.225
vt 0.87625 0.025
vt 0.87625 0.225
vt 0.87625 0.225
vt 0.87625 0.025
vt 0.87625 0.025
vt 0.87625 0.225
vt 0.87625 0.025
vt 0.87625 0.225
vt 0.87625 0.025
vt 0.87625 0.225
vt 0.87625 0.225
vt 0.87625 0.025
vt 0.87625 0.025
vt 0.87625 0.225
vt 0.87625 0.025
vt 0.87625 0.225
vt 0.87625 0.225
vt 0.87625 0.025
vt 0.87625 0.025
vt 0.87625 0.225
vt 0.87625 0.025
vt 0.87625 0.225
vt 0.87625 0.225
vt 0.87625 0.025
vt 0.87625 0.025
vt 0.87625 0.225
vt 0.87625 0.025
vt 0.87625 0.225
vt 0.87625 0.225
vt 0.87625 0.025
vt 0.3875 0.775
vt 0.3875 0.975
vt 0.4875 0.975
vt 0.4875 0.775
vt 0.3875 0.775
vt 0.4875 0.975
vt 0.3875 0.775
vt 0.3875 0.975
vt 0.4875 0.975
vt 0.4875 0.775
vt 0.3875 0.775
vt 0.4875 0.975
vt 0.3875 0.775
vt 0.3875 0.975
vt 0.4875 0.975
vt 0.4875 0.775
vt 0.3875 0.775
vt 0.4875 0.975
vt 0.3875 0.775
vt 0.3875 0.975
vt 0.4875 0.975
vt 0.4875 0.775
vt 0.3875 0.775
vt 0.4875 0.975
vt 0.3875 0.775
vt 0.3875 0.975
vt 0.4875 0.775
vt 0.3875 0.975
vt 0.4875 0.975
vt 0.4875 0.775
vt 0.3875 0.775
vt 0.3875 0.975
vt 0.4875 0.775
vt 0.3875 0.975
vt 0.4875 0.975
vt 0.4875 0.775
vt 0.3875 0.775
vt 0.3875 0.975
vt 0.4875 0.775
vt 0.3875 0.975
vt 0.4875 0.975
vt 0.4875 0.775
vt 0.3875 0.775
vt 0.3875 0.975
vt 0.4875 0.775
vt 0.3875 0.975
vt 0.4875 0.975
vt 0.4875 0.775
vt 0.2625 0.775
vt 0.2625 0.975
vt 0.3625 0.975
vt 0.3625 0.775
vt 0.2625 0.775
vt 0.3625 0.975
vt 0.2625 0.775
vt 0.2625 0.975
vt 0.3625 0.975
vt 0.3625 0.775
vt 0.2625 0.775
vt 0.3625 0.975
vt 0.2625 0.775
vt 0.2625 0.975
vt 0.3625 0.975
vt 0.3625 0.775
vt 0.2625 0.775
vt 0.3625 0.975
vt 0.2625 0.775
vt 0.2625 0.975
vt 0.3625 0.975
vt 0.3625 0.775
vt 0.2625 0.775
vt 0.3625 0.975
vt 0.2625 0.775
vt 0.2625 0.975
vt 0.3625 0.775
vt 0.2625 0.975
vt 0.3625 0.975
vt 0.3625 0.775
vt 0.2625 0.775
vt 0.2625 0.975
vt 0.3625 0.775
vt 0.2625 0.975
vt 0.3625 0.975
vt 0.3625 0.775
vt 0.2625 0.775
vt 0.2625 0.975
vt 0.3625 0.775
vt 0.2625 0.975
vt 0.3625 0.975
vt 0.3625 0.775
vt 0.2625 0.775
vt 0.2625 0.975
vt 0.3625 0.775
vt 0.2625 0.975
vt 0.3625 0.975
vt 0.3625 0.775
vt 0.3875 0.775
vt 0.3875 0.975
vt 0.4875 0.975
vt 0.4875 0.775
vt 0.3875 0.775
vt 0.4875 0.975
vt 0.3875 0.775
vt 0.3875 0.975
vt 0.4875 0.975
vt 0.4875 0.775
vt 0.3875 0.775
vt 0.4875 0.975
vt 0.3875 0.775
vt 0.3875 0.975
vt 0.4875 0.975
vt 0.4875 0.775
vt 0.3875 0.775
vt 0.4875 0.975
vt 0.3875 0.775
vt 0.3875 0.975
vt 0.4875 0.975
vt 0.4875 0.775
vt 0.3875 0.775
vt 0.4875 0.975
vt 0.3875 0.775
vt 0.3875 0.975
vt 0.4875 0.775
vt 0.3875 0.975
vt 0.4875 0.975
vt 0.4875 0.775
vt 0.3875 0.775
vt 0.3875 0.975
vt 0.4875 0.775
vt 0.3875 0.975
vt 0.4875 0.975
vt 0.4875 0.775
vt 0.3875 0.775
vt 0.3875 0.975
vt 0.4875 0.775
vt 0.3875 0.975
vt 0.4875 0.975
vt 0.4875 0.775
vt 0.3875 0.775
vt 0.3875 0.975
vt 0.4875 0.775
vt 0.3875 0.975
vt 0.4875 0.975
vt 0.4875 0.775
vt 0.1375 0.275
vt 0.1375 0.475
vt 0.2375 0.475
vt 0.2375 0.275
vt 0.1375 0.275
vt 0.2375 0.475
vt 0.1375 0.275
vt 0.1375 0.475
vt 0.2375 0.475
vt 0.2375 0.275
vt 0.1375 0.275
vt 0.2375 0.475
vt 0.1375 0.275
vt 0.1375 0.475
vt 0.2375 0.475
vt 0.2375 0.275
vt 0.1375 0.275
vt 0.2375 0.475
vt 0.1375 0.275
vt 0.1375 0.475
vt 0.2375 0.475
vt 0.2375 0.275
vt 0.1375 0.275
vt 0.2375 0.475
vt 0.1375 0.275
vt 0.1375 0.475
vt 0.2375 0.275
vt 0.1375 0.475
vt 0.2375 0.475
vt 0.2375 0.275
vt 0.1375 0.275
vt 0.1375 0.475
vt 0.2375 0.275
vt 0.1375 0.475
vt 0.2375 0.475
vt 0.2375 0.275
vt 0.1375 0.275
vt 0.1375 0.475
vt 0.2375 0.275
vt 0.1375 0.475
vt 0.2375 0.475
vt 0.2375 0.275
vt 0.1375 0.275
vt 0.1375 0.475
vt 0.2375 0.275
vt 0.1375 0.475
vt 0.2375 0.475
vt 0.2375 0.275
vt 0.87625 0.025
vt 0.87625 0.225
vt 0.87625 0.225
vt 0.87625 0.025
vt 0.87625 0.025
vt 0.87625 0.225
vt 0.87625 0.025
vt 0.87625 0.225
vt 0.87625 0.225
vt 0.87625 0.025
vt 0.87625 0.025
vt 0.87625 0.225
vt 0.87625 0.025
vt 0.87625 0.225
vt 0.87625 0.225
vt 0.87625 0.025
vt 0.87625 0.025
vt 0.87625 0.225
vt 0.87625 0.025
vt 0.87625 0.225
vt 0.87625 0.225
vt 0.87625 0.025
vt 0.87625 0.025
vt 0.87625 0.225
vt 0.87625 0.025
vt 0.87625 0.225
vt 0.87625 0.025
vt 0.87625 0.225
vt 0.87625 0.225
vt 0.87625 0.025
vt 0.87625 0.025
vt 0.87625 0.225
vt 0.87625 0.025
vt 0.87625 0.225
vt 0.87625 0.225
vt 0.87625 0.025
vt 0.87625 0.025
vt 0.87625 0.225
vt 0.87625 0.025
vt 0.87625 0.225
vt 0.87625 0.225
vt 0.87625 0.025
vt 0.87625 0.025
vt 0.87625 0.225
vt 0.87625 0.025
vt 0.87625 0.225
vt 0.87625 0.225
vt 0.87625 0.025
vt 0.5125 0.775
vt 0.5125 0.975
vt 0.6125 0.975
vt 0.6125 0.775
vt 0.5125 0.775
vt 0.6125 0.975
vt 0.5125 0.775
vt 0.5125 0.975
vt 0.6125 0.975
vt 0.6125 0.775
vt 0.5125 0.775
vt 0.6125 0.975
vt 0.5125 0.775
vt 0.5125 0.975
vt 0.6125 0.975
vt 0.6125 0.775
vt 0.5125 0.775
vt 0.6125 0.975
vt 0.5125 0.775
vt 0.5125 0.975
vt 0.6125 0.975
vt 0.6125 0.775
vt 0.5125 0.775
vt 0.6125 0.975
vt 0.5125 0.775
vt 0.5125 0.975
vt 0.6125 0.775
vt 0.5125 0.975
vt 0.6125 0.975
vt 0.6125 0.775
vt 0.5125 0.775
vt 0.5125 0.975
vt 0.6125 0.775
vt 0.5125 0.975
vt 0.6125 0.975
vt 0.6125 0.775
vt 0.5125 0.775
vt 0.5125 0.975
vt 0.6125 0.775
vt 0.5125 0.975
vt 0.6125 0.975
vt 0.6125 0.775
vt 0.5125 0.775
vt 0.5125 0.975
vt 0.6125 0.775
vt 0.5125 0.975
vt 0.6125 0.975
vt 0.6125 0.775
vt 0.2625 0.525
vt 0.2625 0.725
vt 0.3625 0.725
vt 0.3625 0.525
vt 0.2625 0.525
vt 0.3625 0.725
vt 0.2625 0.525
vt 0.2625 0.725
vt 0.3625 0.725
vt 0.3625 0.525
vt 0.2625 0.525
vt 0.3625 0.725
vt 0.2625 0.525
vt 0.2625 0.725
vt 0.3625 0.725
vt 0.3625 0.525
vt 0.2625 0.525
vt 0.3625 0.725
vt 0.2625 0.525
vt 0.2625 0.725
vt 0.3625 0.725
vt 0.3625 0.525
vt 0.2625 0.525
vt 0.3625 0.725
vt 0.2625 0.525
vt 0.2625 0.725
vt 0.3625 0.525
vt 0.2625 0.725
vt 0.3625 0.725
vt 0.3625 0.525
vt 0.2625 0.525
vt 0.2625 0.725
vt 0.3625 0.525
vt 0.2625 0.725
vt 0.3625 0.725
vt 0.3625 0.525
vt 0.2625 0.525
vt 0.2625 0.725
vt 0.3625 0.525
vt 0.2625 0.725
vt 0.3625 0.725
vt 0.3625 0.525
vt 0.2625 0.525
vt 0.2625 0.725
vt 0.3625 0.525
vt 0.2625 0.725
vt 0.3625 0.725
vt 0.3625 0.525
vt 0.0125 0.525
vt 0.0125 0.725
vt 0.1125 0.725
vt 0.1125 0.525
vt 0.0125 0.525
vt 0.1125 0.725
vt 0.0125 0.525
vt 0.0125 0.725
vt 0.1125 0.725
vt 0.1125 0.525
vt 0.0125 0.525
vt 0.1125 0.725
vt 0.0125 0.525
vt 0.0125 0.725
vt 0.1125 0.725
vt 0.1125 0.525
vt 0.0125 0.525
vt 0.1125 0.725
vt 0.0125 0.525
vt 0.0125 0.725
vt 0.1125 0.725
vt 0.1125 0.525
vt 0.0125 0.525
vt 0.1125 0.725
vt 0.0125 0.525
vt 0.0125 0.725
vt 0.1125 0.525
vt 0.0125 0.725
vt 0.1125 0.725
vt 0.1125 0.525
vt 0.0125 0.525
vt 0.0125 0.725
vt 0.1125 0.525
vt 0.0125 0.725
vt 0.1125 0.725
vt 0.1125 0.525
vt 0.0125 0.525
vt 0.0125 0.725
vt 0.1125 0.525
vt 0.0125 0.725
vt 0.1125 0.725
vt 0.1125 0.525
vt 0.0125 0.525
vt 0.0125 0.725
vt 0.1125 0.525
vt 0.0125 0.725
vt 0.1125 0.725
vt 0.1125 0.525
vt 0.5125 0.775
vt 0.5125 0.975
vt 0.6125 0.975
vt 0.6125 0.775
vt 0.5125 0.775
vt 0.6125 0.975
vt 0.5125 0.775
vt 0.5125 0.975
vt 0.6125 0.975
vt 0.6125 0.775
vt 0.5125 0.775
vt 0.6125 0.975
vt 0.5125 0.775
vt 0.5125 0.975
vt 0.6125 0.975
vt 0.6125 0.775
vt 0.5125 0.775
vt 0.6125 0.975
vt 0.5125 0.775
vt 0.5125 0.975
vt 0.6125 0.975
vt 0.6125 0.775
vt 0.5125 0.775
vt 0.6125 0.975
vt 0.5125 0.775
vt 0.5125 0.975
vt 0.6125 0.775
vt 0.5125 0.975
vt 0.6125 0.975
vt 0.6125 0.775
vt 0.5125 0.775
vt 0.5125 0.975
vt 0.6125 0.775
vt 0.5125 0.975
vt 0.6125 0.975
vt 0.6125 0.775
vt 0.5125 0.775
vt 0.5125 0.975
vt 0.6125 0.775
vt 0.5125 0.975
vt 0.6125 0.975
vt 0.6125 0.775
vt 0.5125 0.775
vt 0.5125 0.975
vt 0.6125 0.775
vt 0.5125 0.975
vt 0.6125 0.975
vt 0.6125 0.775
vt 0.1875 0.275
vt 0.1875 0.475
vt 0.2125 0.475
vt 0.2125 0.275
vt 0.1875 0.275
vt 0.2125 0.475
vt 0.2125 0.275
vt 0.2125 0.475
vt 0.2375 0.475
vt 0.2375 0.275
vt 0.2125 0.275
vt 0.2375 0.475
vt 0.1375 0.275
vt 0.1375 0.475
vt 0.1625 0.475
vt 0.1625 0.275
vt 0.1375 0.275
vt 0.1625 0.475
vt 0.1625 0.275
vt 0.1625 0.475
vt 0.1875 0.475
vt 0.1875 0.275
vt 0.1625 0.275
vt 0.1875 0.475
vt 0.1875 0.275
vt 0.1875 0.475
vt 0.2125 0.275
vt 0.1875 0.475
vt 0.2125 0.475
vt 0.2125 0.275
vt 0.2125 0.275
vt 0.2125 0.475
vt 0.2375 0.275
vt 0.2125 0.475
vt 0.2375 0.475
vt 0.2375 0.275
vt 0.1375 0.275
vt 0.1375 0.475
vt 0.1625 0.275
vt 0.1375 0.475
vt 0.1625 0.475
vt 0.1625 0.275
vt 0.1625 0.275
vt 0.1625 0.475
vt 0.1875 0.275
vt 0.1625 0.475
vt 0.1875 0.475
vt 0.1875 0.275
vt 0.87625 0.025
vt 0.87625 0.225
vt 0.87625 0.225
vt 0.87625 0.025
vt 0.87625 0.025
vt 0.87625 0.225
vt 0.87625 0.025
vt 0.87625 0.225
vt 0.87625 0.225
vt 0.87625 0.025
vt 0.87625 0.025
vt 0.87625 0.225
vt 0.87625 0.025
vt 0.87625 0.225
vt 0.87625 0.225
vt 0.87625 0.025
vt 0.87625 0.025
vt 0.87625 0.225
vt 0.87625 0.025
vt 0.87625 0.225
vt 0.87625 0.225
vt 0.87625 0.025
vt 0.87625 0.025
vt 0.87625 0.225
vt 0.87625 0.025
vt 0.87625 0.225
vt 0.87625 0.025
vt 0.87625 0.225
vt 0.87625 0.225
vt 0.87625 0.025
vt 0.87625 0.025
vt 0.87625 0.225
vt 0.87625 0.025
vt 0.87625 0.225
vt 0.87625 0.225
vt 0.87625 0.025
vt 0.87625 0.025
vt 0.87625 0.225
vt 0.87625 0.025
vt 0.87625 0.225
vt 0.87625 0.225
vt 0.87625 0.025
vt 0.87625 0.025
vt 0.87625 0.225
vt 0.87625 0.025
vt 0.87625 0.225
vt 0.87625 0.225
vt 0.87625 0.025
vt 0.5625 0.775
vt 0.5625 0.975
vt 0.5875 0.975
vt 0.5875 0.775
vt 0.5625 0.775
vt 0.5875 0.975
vt 0.5875 0.775
vt 0.5875 0.975
vt 0.6125 0.975
vt 0.6125 0.775
vt 0.5875 0.775
vt 0.6125 0.975
vt 0.5125 0.775
vt 0.5125 0.975
vt 0.5375 0.975
vt 0.5375 0.775
vt 0.5125 0.775
vt 0.5375 0.975
vt 0.5375 0.775
vt 0.5375 0.975
vt 0.5625 0.975
vt 0.5625 0.775
vt 0.5375 0.775
vt 0.5625 0.975
vt 0.5625 0.775
vt 0.5625 0.975
vt 0.5875 0.775
vt 0.5625 0.975
vt 0.5875 0.975
vt 0.5875 0.775
vt 0.5875 0.775
vt 0.5875 0.975
vt 0.6125 0.775
vt 0.5875 0.975
vt 0.6125 0.975
vt 0.6125 0.775
vt 0.5125 0.775
vt 0.5125 0.975
vt 0.5375 0.775
vt 0.5125 0.975
vt 0.5375 0.975
vt 0.5375 0.775
vt 0.5375 0.775
vt 0.5375 0.975
vt 0.5625 0.775
vt 0.5375 0.975
vt 0.5625 0.975
vt 0.5625 0.775
vt 0.3875 0.775
vt 0.3875 0.975
vt 0.4875 0.975
vt 0.4875 0.775
vt 0.3875 0.775
vt 0.4875 0.975
vt 0.3875 0.775
vt 0.3875 0.975
vt 0.4875 0.975
vt 0.4875 0.775
vt 0.3875 0.775
vt 0.4875 0.975
vt 0.3875 0.775
vt 0.3875 0.975
vt 0.4875 0.975
vt 0.4875 0.775
vt 0.3875 0.775
vt 0.4875 0.975
vt 0.3875 0.775
vt 0.3875 0.975
vt 0.4875 0.975
vt 0.4875 0.775
vt 0.3875 0.775
vt 0.4875 0.975
vt 0.3875 0.775
vt 0.3875 0.975
vt 0.4875 0.775
vt 0.3875 0.975
vt 0.4875 0.975
vt 0.4875 0.775
vt 0.3875 0.775
vt 0.3875 0.975
vt 0.4875 0.775
vt 0.3875 0.975
vt 0.4875 0.975
vt 0.4875 0.775
vt 0.3875 0.775
vt 0.3875 0.975
vt 0.4875 0.775
vt 0.3875 0.975
vt 0.4875 0.975
vt 0.4875 0.775
vt 0.3875 0.775
vt 0.3875 0.975
vt 0.4875 0.775
vt 0.3875 0.975
vt 0.4875 0.975
vt 0.4875 0.775
vt 0.0125 0.525
vt 0.0125 0.725
vt 0.1125 0.725
vt 0.1125 0.525
vt 0.0125 0.525
vt 0.1125 0.725
vt 0.0125 0.525
vt 0.0125 0.725
vt 0.1125 0.725
vt 0.1125 0.525
vt 0.0125 0.525
vt 0.1125 0.725
vt 0.0125 0.525
vt 0.0125 0.725
vt 0.1125 0.725
vt 0.1125 0.525
vt 0.0125 0.525
vt 0.1125 0.725
vt 0.0125 0.525
vt 0.0125 0.725
vt 0.1125 0.725
vt 0.1125 0.525
vt 0.0125 0.525
vt 0.1125 0.725
vt 0.0125 0.525
vt 0.0125 0.725
vt 0.1125 0.525
vt 0.0125 0.725
vt 0.1125 0.725
vt 0.1125 0.525
vt 0.0125 0.525
vt 0.0125 0.725
vt 0.1125 0.525
vt 0.0125 0.725
vt 0.1125 0.725
vt 0.1125 0.525
vt 0.0125 0.525
vt 0.0125 0.725
vt 0.1125 0.525
vt 0.0125 0.725
vt 0.1125 0.725
vt 0.1125 0.525
vt 0.0125 0.525
vt 0.0125 0.725
vt 0.1125 0.525
vt 0.0125 0.725
vt 0.1125 0.725
vt 0.1125 0.525
vt 0.3875 0.775
vt 0.3875 0.975
vt 0.4875 0.975
vt 0.4875 0.775
vt 0.3875 0.775
vt 0.4875 0.975
vt 0.3875 0.775
vt 0.3875 0.975
vt 0.4875 0.975
vt 0.4875 0.775
vt 0.3875 0.775
vt 0.4875 0.975
vt 0.3875 0.775
vt 0.3875 0.975
vt 0.4875 0.975
vt 0.4875 0.775
vt 0.3875 0.775
vt 0.4875 0.975
vt 0.3875 0.775
vt 0.3875 0.975
vt 0.4875 0.975
vt 0.4875 0.775
vt 0.3875 0.775
vt 0.4875 0.975
vt 0.3875 0.775
vt 0.3875 0.975
vt 0.4875 0.775
vt 0.3875 0.975
vt 0.4875 0.975
vt 0.4875 0.775
vt 0.3875 0.775
vt 0.3875 0.975
vt 0.4875 0.775
vt 0.3875 0.975
vt 0.4875 0.975
vt 0.4875 0.775
vt 0.3875 0.775
vt 0.3875 0.975
vt 0.4875 0.775
vt 0.3875 0.975
vt 0.4875 0.975
vt 0.4875 0.775
vt 0.3875 0.775
vt 0.3875 0.975
vt 0.4875 0.775
vt 0.3875 0.975
vt 0.4875 0.975
vt 0.4875 0.775
vt 0.1375 0.275
vt 0.1375 0.475
vt 0.2375 0.475
vt 0.2375 0.275
vt 0.1375 0.275
vt 0.2375 0.475
vt 0.1375 0.275
vt 0.1375 0.475
vt 0.2375 0.475
vt 0.2375 0.275
vt 0.1375 0.275
vt 0.2375 0.475
vt 0.1375 0.275
vt 0.1375 0.475
vt 0.2375 0.475
vt 0.2375 0.275
vt 0.1375 0.275
vt 0.2375 0.475
vt 0.1375 0.275
vt 0.1375 0.475
vt 0.2375 0.475
vt 0.2375 0.275
vt 0.1375 0.275
vt 0.2375 0.475
vt 0.1375 0.275
vt 0.1375 0.475
vt 0.2375 0.275
vt 0.1375 0.475
vt 0.2375 0.475
vt 0.2375 0.275
vt 0.1375 0.275
vt 0.1375 0.475
vt 0.2375 0.275
vt 0.1375 0.475
vt 0.2375 0.475
vt 0.2375 0.275
vt 0.1375 0.275
vt 0.1375 0.475
vt 0.2375 0.275
vt 0.1375 0.475
vt 0.2375 0.475
vt 0.2375 0.275
vt 0.1375 0.275
vt 0.1375 0.475
vt 0.2375 0.275
vt 0.1375 0.475
vt 0.2375 0.475
vt 0.2375 0.275
vt 0.87625 0.025
vt 0.87625 0.225
vt 0.87625 0.225
vt 0.87625 0.025
vt 0.87625 0.025
vt 0.87625 0.225
vt 0.87625 0.025
vt 0.87625 0.225
vt 0.87625 0.225
vt 0.87625 0.025
vt 0.87625 0.025
vt 0.87625 0.225
vt 0.87625 0.025
vt 0.87625 0.225
vt 0.87625 0.225
vt 0.87625 0.025
vt 0.87625 0.025
vt 0.87625 0.225
vt 0.87625 0.025
vt 0.87625 0.225
vt 0.87625 0.225
vt 0.87625 0.025
vt 0.87625 0.025
vt 0.87625 0.225
vt 0.87625 0.025
vt 0.87625 0.225
vt 0.87625 0.025
vt 0.87625 0.225
vt 0.87625 0.225
vt 0.87625 0.025
vt 0.87625 0.025
vt 0.87625 0.225
vt 0.87625 0.025
vt 0.87625 0.225
vt 0.87625 0.225
vt 0.87625 0.025
vt 0.87625 0.025
vt 0.87625 0.225
vt 0.87625 0.025
vt 0.87625 0.225
vt 0.87625 0.225
vt 0.87625 0.025
vt 0.87625 0.025
vt 0.87625 0.225
vt 0.87625 0.025
vt 0.87625 0.225
vt 0.87625 0.225
vt 0.87625 0.025
vt 0.5125 0.775
vt 0.5125 0.975
vt 0.6125 0.975
vt 0.6125 0.775
vt 0.5125 0.775
vt 0.6125 0.975
vt 0.5125 0.775
vt 0.5125 0.975
vt 0.6125 0.975
vt 0.6125 0.775
vt 0.5125 0.775
vt 0.6125 0.975
vt 0.5125 0.775
vt 0.5125 0.975
vt 0.6125 0.975
vt 0.6125 0.775
vt 0.5125 0.775
vt 0.6125 0.975
vt 0.5125 0.775
vt 0.5125 0.975
vt 0.6125 0.975
vt 0.6125 0.775
vt 0.5125 0.775
vt 0.6125 0.975
vt 0.5125 0.775
vt 0.5125 0.975
vt 0.6125 0.775
vt 0.5125 0.975
vt 0.6125 0.975
vt 0.6125 0.775
vt 0.5125 0.775
vt 0.5125 0.975
vt 0.6125 0.775
vt 0.5125 0.975
vt 0.6125 0.975
vt 0.6125 0.775
vt 0.5125 0.775
vt 0.5125 0.975
vt 0.6125 0.775
vt 0.5125 0.975
vt 0.6125 0.975
vt 0.6125 0.775
vt 0.5125 0.775
vt 0.5125 0.975
vt 0.6125 0.775
vt 0.5125 0.975
vt 0.6125 0.975
vt 0.6125 0.775
vt 0.4375 0.775
vt 0.4375 0.975
vt 0.4625 0.975
vt 0.4625 0.775
vt 0.4375 0.775
vt 0.4625 0.975
vt 0.4625 0.775
vt 0.4625 0.975
vt 0.4875 0.975
vt 0.4875 0.775
vt 0.4625 0.775
vt 0.4875 0.975
vt 0.3875 0.775
vt 0.3875 0.975
vt 0.4125 0.975
vt 0.4125 0.775
vt 0.3875 0.775
vt 0.4125 0.975
vt 0.4125 0.775
vt 0.4125 0.975
vt 0.4375 0.975
vt 0.4375 0.775
vt 0.4125 0.775
vt 0.4375 0.975
vt 0.4375 0.775
vt 0.4375 0.975
vt 0.4625 0.775
vt 0.4375 0.975
vt 0.4625 0.975
vt 0.4625 0.775
vt 0.4625 0.775
vt 0.4625 0.975
vt 0.4875 0.775
vt 0.4625 0.975
vt 0.4875 0.975
vt 0.4875 0.775
vt 0.3875 0.775
vt 0.3875 0.975
vt 0.4125 0.775
vt 0.3875 0.975
vt 0.4125 0.975
vt 0.4125 0.775
vt 0.4125 0.775
vt 0.4125 0.975
vt 0.4375 0.775
vt 0.4125 0.975
vt 0.4375 0.975
vt 0.4375 0.775
vt 0.0625 0.525
vt 0.0625 0.725
vt 0.0875 0.725
vt 0.0875 0.525
vt 0.0625 0.525
vt 0.0875 0.725
vt 0.0875 0.525
vt 0.0875 0.725
vt 0.1125 0.725
vt 0.1125 0.525
vt 0.0875 0.525
vt 0.1125 0.725
vt 0.0125 0.525
vt 0.0125 0.725
vt 0.0375 0.725
vt 0.0375 0.525
vt 0.0125 0.525
vt 0.0375 0.725
vt 0.0375 0.525
vt 0.0375 0.725
vt 0.0625 0.725
vt 0.0625 0.525
vt 0.0375 0.525
vt 0.0625 0.725
vt 0.0625 0.525
vt 0.0625 0.725
vt 0.0875 0.525
vt 0.0625 0.725
vt 0.0875 0.725
vt 0.0875 0.525
vt 0.0875 0.525
vt 0.0875 0.725
vt 0.1125 0.525
vt 0.0875 0.725
vt 0.1125 0.725
vt 0.1125 0.525
vt 0.0125 0.525
vt 0.0125 0.725
vt 0.0375 0.525
vt 0.0125 0.725
vt 0.0375 0.725
vt 0.0375 0.525
vt 0.0375 0.525
vt 0.0375 0.725
vt 0.0625 0.525
vt 0.0375 0.725
vt 0.0625 0.725
vt 0.0625 0.525
vt 0.4375 0.775
vt 0.4375 0.975
vt 0.4625 0.975
vt 0.4625 0.775
vt 0.4375 0.775
vt 0.4625 0.975
vt 0.4625 0.775
vt 0.4625 0.975
vt 0.4875 0.975
vt 0.4875 0.775
vt 0.4625 0.775
vt 0.4875 0.975
vt 0.3875 0.775
vt 0.3875 0.975
vt 0.4125 0.975
vt 0.4125 0.775
vt 0.3875 0.775
vt 0.4125 0.975
vt 0.4125 0.775
vt 0.4125 0.975
vt 0.4375 0.975
vt 0.4375 0.775
vt 0.4125 0.775
vt 0.4375 0.975
vt 0.4375 0.775
vt 0.4375 0.975
vt 0.4625 0.775
vt 0.4375 0.975
vt 0.4625 0.975
vt 0.4625 0.775
vt 0.4625 0.775
vt 0.4625 0.975
vt 0.4875 0.775
vt 0.4625 0.975
vt 0.4875 0.975
vt 0.4875 0.775
vt 0.3875 0.775
vt 0.3875 0.975
vt 0.4125 0.775
vt 0.3875 0.975
vt 0.4125 0.975
vt 0.4125 0.775
vt 0.4125 0.775
vt 0.4125 0.975
vt 0.4375 0.775
vt 0.4125 0.975
vt 0.4375 0.975
vt 0.4375 0.775
vt 0.7625 0.775
vt 0.7625 0.975
vt 0.79583 0.975
vt 0.79583 0.775
vt 0.7625 0.775
vt 0.79583 0.975
vt 0.79583 0.775
vt 0.79583 0.975
vt 0.82917 0.975
vt 0.82917 0.775
vt 0.79583 0.775
vt 0.82917 0.975
vt 0.82917 0.775
vt 0.82917 0.975
vt 0.8625 0.975
vt 0.8625 0.775
vt 0.82917 0.775
vt 0.8625 0.975
vt 0.7625 0.775
vt 0.7625 0.975
vt 0.79583 0.975
vt 0.79583 0.775
vt 0.7625 0.775
vt 0.79583 0.975
vt 0.79583 0.775
vt 0.79583 0.975
vt 0.82917 0.975
vt 0.82917 0.775
vt 0.79583 0.775
vt 0.82917 0.975
vt 0.82917 0.775
vt 0.82917 0.975
vt 0.8625 0.975
vt 0.8625 0.775
vt 0.82917 0.775
vt 0.8625 0.975
vt 0.7625 0.775
vt 0.7625 0.975
vt 0.79583 0.775
vt 0.7625 0.975
vt 0.79583 0.975
vt 0.79583 0.775
vt 0.79583 0.775
vt 0.79583 0.975
vt 0.82917 0.775
vt 0.79583 0.975
vt 0.82917 0.975
vt 0.82917 0.775
vt 0.82917 0.775
vt 0.82917 0.975
vt 0.8625 0.775
vt 0.82917 0.975
vt 0.8625 0.975
vt 0.8625 0.775
vt 0.7625 0.775
vt 0.7625 0.975
vt 0.79583 0.775
vt 0.7625 0.975
vt 0.79583 0.975
vt 0.79583 0.775
vt 0.79583 0.775
vt 0.79583 0.975
vt 0.82917 0.775
vt 0.79583 0.975
vt 0.82917 0.975
vt 0.82917 0.775
vt 0.82917 0.775
vt 0.82917 0.975
vt 0.8625 0.775
vt 0.82917 0.975
vt 0.8625 0.975
vt 0.8625 0.775
vt 0.0125 0.525
vt 0.0125 0.725
vt 0.04583 0.725
vt 0.04583 0.525
vt 0.0125 0.525
vt 0.04583 0.725
vt 0.04583 0.525
vt 0.04583 0.725
vt 0.07917 0.725
vt 0.07917 0.525
vt 0.04583 0.525
vt 0.07917 0.725
vt 0.07917 0.525
vt 0.07917 0.725
vt 0.1125 0.725
vt 0.1125 0.525
vt 0.07917 0.525
vt 0.1125 0.725
vt 0.0125 0.525
vt 0.0125 0.725
vt 0.04583 0.725
vt 0.04583 0.525
vt 0.0125 0.525
vt 0.04583 0.725
vt 0.04583 0.525
vt 0.04583 0.725
vt 0.07917 0.725
vt 0.07917 0.525
vt 0.04583 0.525
vt 0.07917 0.725
vt 0.07917 0.525
vt 0.07917 0.725
vt 0.1125 0.725
vt 0.1125 0.525
vt 0.07917 0.525
vt 0.1125 0.725
vt 0.0125 0.525
vt 0.0125 0.725
vt 0.04583 0.525
vt 0.0125 0.725
vt 0.04583 0.725
vt 0.04583 0.525
vt 0.04583 0.525
vt 0.04583 0.725
vt 0.07917 0.525
vt 0.04583 0.725
vt 0.07917 0.725
vt 0.07917 0.525
vt 0.07917 0.525
vt 0.07917 0.725
vt 0.1125 0.525
vt 0.07917 0.725
vt 0.1125 0.725
vt 0.1125 0.525
vt 0.0125 0.525
vt 0.0125 0.725
vt 0.04583 0.525
vt 0.0125 0.725
vt 0.04583 0.725
vt 0.04583 0.525
vt 0.04583 0.525
vt 0.04583 0.725
vt 0.07917 0.525
vt 0.04583 0.725
vt 0.07917 0.725
vt 0.07917 0.525
vt 0.07917 0.525
vt 0.07917 0.725
vt 0.1125 0.525
vt 0.07917 0.725
vt 0.1125 0.725
vt 0.1125 0.525
vt 0.3875 0.775
vt 0.3875 0.975
vt 0.42083 0.975
vt 0.42083 0.775
vt 0.3875 0.775
vt 0.42083 0.975
vt 0.42083 0.775
vt 0.42083 0.975
vt 0.45417 0.975
vt 0.45417 0.775
vt 0.42083 0.775
vt 0.45417 0.975
vt 0.45417 0.775
vt 0.45417 0.975
vt 0.4875 0.975
vt 0.4875 0.775
vt 0.45417 0.775
vt 0.4875 0.975
vt 0.3875 0.775
vt 0.3875 0.975
vt 0.42083 0.975
vt 0.42083 0.775
vt 0.3875 0.775
vt 0.42083 0.975
vt 0.42083 0.775
vt 0.42083 0.975
vt 0.45417 0.975
vt 0.45417 0.775
vt 0.42083 0.775
vt 0.45417 0.975
vt 0.45417 0.775
vt 0.45417 0.975
vt 0.4875 0.975
vt 0.4875 0.775
vt 0.45417 0.775
vt 0.4875 0.975
vt 0.3875 0.775
vt 0.3875 0.975
vt 0.42083 0.775
vt 0.3875 0.975
vt 0.42083 0.975
vt 0.42083 0.775
vt 0.42083 0.775
vt 0.42083 0.975
vt 0.45417 0.775
vt 0.42083 0.975
vt 0.45417 0.975
vt 0.45417 0.775
vt 0.45417 0.775
vt 0.45417 0.975
vt 0.4875 0.775
vt 0.45417 0.975
vt 0.4875 0.975
vt 0.4875 0.775
vt 0.3875 0.775
vt 0.3875 0.975
vt 0.42083 0.775
vt 0.3875 0.975
vt 0.42083 0.975
vt 0.42083 0.775
vt 0.42083 0.775
vt 0.42083 0.975
vt 0.45417 0.775
vt 0.42083 0.975
vt 0.45417 0.975
vt 0.45417 0.775
vt 0.45417 0.775
vt 0.45417 0.975
vt 0.4875 0.775
vt 0.45417 0.975
vt 0.4875 0.975
vt 0.4875 0.775
vt 0.2625 0.775
vt 0.2625 0.975
vt 0.29583 0.975
vt 0.29583 0.775
vt 0.2625 0.775
vt 0.29583 0.975
vt 0.29583 0.775
vt 0.29583 0.975
vt 0.32917 0.975
vt 0.32917 0.775
vt 0.29583 0.775
vt 0.32917 0.975
vt 0.32917 0.775
vt 0.32917 0.975
vt 0.3625 0.975
vt 0.3625 0.775
vt 0.32917 0.775
vt 0.3625 0.975
vt 0.2625 0.775
vt 0.2625 0.975
vt 0.29583 0.975
vt 0.29583 0.775
vt 0.2625 0.775
vt 0.29583 0.975
vt 0.29583 0.775
vt 0.29583 0.975
vt 0.32917 0.975
vt 0.32917 0.775
vt 0.29583 0.775
vt 0.32917 0.975
vt 0.32917 0.775
vt 0.32917 0.975
vt 0.3625 0.975
vt 0.3625 0.775
vt 0.32917 0.775
vt 0.3625 0.975
vt 0.2625 0.775
vt 0.2625 0.975
vt 0.29583 0.775
vt 0.2625 0.975
vt 0.29583 0.975
vt 0.29583 0.775
vt 0.29583 0.775
vt 0.29583 0.975
vt 0.32917 0.775
vt 0.29583 0.975
vt 0.32917 0.975
vt 0.32917 0.775
vt 0.32917 0.775
vt 0.32917 0.975
vt 0.3625 0.775
vt 0.32917 0.975
vt 0.3625 0.975
vt 0.3625 0.775
vt 0.2625 0.775
vt 0.2625 0.975
vt 0.29583 0.775
vt 0.2625 0.975
vt 0.29583 0.975
vt 0.29583 0.775
vt 0.29583 0.775
vt 0.29583 0.975
vt 0.32917 0.775
vt 0.29583 0.975
vt 0.32917 0.975
vt 0.32917 0.775
vt 0.32917 0.775
vt 0.32917 0.975
vt 0.3625 0.775
vt 0.32917 0.975
vt 0.3625 0.975
vt 0.3625 0.775
vt 0.2625 0.525
vt 0.2625 0.725
vt 0.29583 0.725
vt 0.29583 0.525
vt 0.2625 0.525
vt 0.29583 0.725
vt 0.29583 0.525
vt 0.29583 0.725
vt 0.32917 0.725
vt 0.32917 0.525
vt 0.29583 0.525
vt 0.32917 0.725
vt 0.32917 0.525
vt 0.32917 0.725
vt 0.3625 0.725
vt 0.3625 0.525
vt 0.32917 0.525
vt 0.3625 0.725
vt 0.2625 0.525
vt 0.2625 0.725
vt 0.29583 0.725
vt 0.29583 0.525
vt 0.2625 0.525
vt 0.29583 0.725
vt 0.29583 0.525
vt 0.29583 0.725
vt 0.32917 0.725
vt 0.32917 0.525
vt 0.29583 0.525
vt 0.32917 0.725
vt 0.32917 0.525
vt 0.32917 0.725
vt 0.3625 0.725
vt 0.3625 0.525
vt 0.32917 0.525
vt 0.3625 0.725
vt 0.2625 0.525
vt 0.2625 0.725
vt 0.29583 0.525
vt 0.2625 0.725
vt 0.29583 0.725
vt 0.29583 0.525
vt 0.29583 0.525
vt 0.29583 0.725
vt 0.32917 0.525
vt 0.29583 0.725
vt 0.32917 0.725
vt 0.32917 0.525
vt 0.32917 0.525
vt 0.32917 0.725
vt 0.3625 0.525
vt 0.32917 0.725
vt 0.3625 0.725
vt 0.3625 0.525
vt 0.2625 0.525
vt 0.2625 0.725
vt 0.29583 0.525
vt 0.2625 0.725
vt 0.29583 0.725
vt 0.29583 0.525
vt 0.29583 0.525
vt 0.29583 0.725
vt 0.32917 0.525
vt 0.29583 0.725
vt 0.32917 0.725
vt 0.32917 0.525
vt 0.32917 0.525
vt 0.32917 0.725
vt 0.3625 0.525
vt 0.32917 0.725
vt 0.3625 0.725
vt 0.3625 0.525
vt 0.3875 0.775
vt 0.3875 0.975
vt 0.42083 0.975
vt 0.42083 0.775
vt 0.3875 0.775
vt 0.42083 0.975
vt 0.42083 0.775
vt 0.42083 0.975
vt 0.45417 0.975
vt 0.45417 0.775
vt 0.42083 0.775
vt 0.45417 0.975
vt 0.45417 0.775
vt 0.45417 0.975
vt 0.4875 0.975
vt 0.4875 0.775
vt 0.45417 0.775
vt 0.4875 0.975
vt 0.3875 0.775
vt 0.3875 0.975
vt 0.42083 0.975
vt 0.42083 0.775
vt 0.3875 0.775
vt 0.42083 0.975
vt 0.42083 0.775
vt 0.42083 0.975
vt 0.45417 0.975
vt 0.45417 0.775
vt 0.42083 0.775
vt 0.45417 0.975
vt 0.45417 0.775
vt 0.45417 0.975
vt 0.4875 0.975
vt 0.4875 0.775
vt 0.45417 0.775
vt 0.4875 0.975
vt 0.3875 0.775
vt 0.3875 0.975
vt 0.42083 0.775
vt 0.3875 0.975
vt 0.42083 0.975
vt 0.42083 0.775
vt 0.42083 0.775
vt 0.42083 0.975
vt 0.45417 0.775
vt 0.42083 0.975
vt 0.45417 0.975
vt 0.45417 0.775
vt 0.45417 0.775
vt 0.45417 0.975
vt 0.4875 0.775
vt 0.45417 0.975
vt 0.4875 0.975
vt 0.4875 0.775
vt 0.3875 0.775
vt 0.3875 0.975
vt 0.42083 0.775
vt 0.3875 0.975
vt 0.42083 0.975
vt 0.42083 0.775
vt 0.42083 0.775
vt 0.42083 0.975
vt 0.45417 0.775
vt 0.42083 0.975
vt 0.45417 0.975
vt 0.45417 0.775
vt 0.45417 0.775
vt 0.45417 0.975
vt 0.4875 0.775
vt 0.45417 0.975
vt 0.4875 0.975
vt 0.4875 0.775
vt 0.87625 0.025
vt 0.87625 0.225
vt 0.87625 0.225
vt 0.87625 0.025
vt 0.87625 0.025
vt 0.87625 0.225
vt 0.87625 0.025
vt 0.87625 0.225
vt 0.87625 0.225
vt 0.87625 0.025
vt 0.87625 0.025
vt 0.87625 0.225
vt 0.87625 0.025
vt 0.87625 0.225
vt 0.87625 0.225
vt 0.87625 0.025
vt 0.87625 0.025
vt 0.87625 0.225
vt 0.87625 0.025
vt 0.87625 0.225
vt 0.87625 0.225
vt 0.87625 0.025
vt 0.87625 0.025
vt 0.87625 0.225
vt 0.87625 0.025
vt 0.87625 0.225
vt 0.87625 0.225
vt 0.87625 0.025
vt 0.87625 0.025
vt 0.87625 0.225
vt 0.87625 0.025
vt 0.87625 0.225
vt 0.87625 0.225
vt 0.87625 0.025
vt 0.87625 0.025
vt 0.87625 0.225
vt 0.87625 0.025
vt 0.87625 0.225
vt 0.87625 0.025
vt 0.87625 0.225
vt 0.87625 0.225
vt 0.87625 0.025
vt 0.87625 0.025
vt 0.87625 0.225
vt 0.87625 0.025
vt 0.87625 0.225
vt 0.87625 0.225
vt 0.87625 0.025
vt 0.87625 0.025
vt 0.87625 0.225
vt 0.87625 0.025
vt 0.87625 0.225
vt 0.87625 0.225
vt 0.87625 0.025
vt 0.87625 0.025
vt 0.87625 0.225
vt 0.87625 0.025
vt 0.87625 0.225
vt 0.87625 0.225
vt 0.87625 0.025
vt 0.87625 0.025
vt 0.87625 0.225
vt 0.87625 0.025
vt 0.87625 0.225
vt 0.87625 0.225
vt 0.87625 0.025
vt 0.87625 0.025
vt 0.87625 0.225
vt 0.87625 0.025
vt 0.87625 0.225
vt 0.87625 0.225
vt 0.87625 0.025
vt 0.1875 0.775
vt 0.1875 0.975
vt 0.20417 0.975
vt 0.20417 0.775
vt 0.1875 0.775
vt 0.20417 0.975
vt 0.20417 0.775
vt 0.20417 0.975
vt 0.22083 0.975
vt 0.22083 0.775
vt 0.20417 0.775
vt 0.22083 0.975
vt 0.22083 0.775
vt 0.22083 0.975
vt 0.2375 0.975
vt 0.2375 0.775
vt 0.22083 0.775
vt 0.2375 0.975
vt 0.1375 0.775
vt 0.1375 0.975
vt 0.15417 0.975
vt 0.15417 0.775
vt 0.1375 0.775
vt 0.15417 0.975
vt 0.15417 0.775
vt 0.15417 0.975
vt 0.17083 0.975
vt 0.17083 0.775
vt 0.15417 0.775
vt 0.17083 0.975
vt 0.17083 0.775
vt 0.17083 0.975
vt 0.1875 0.975
vt 0.1875 0.775
vt 0.17083 0.775
vt 0.1875 0.975
vt 0.1875 0.775
vt 0.1875 0.975
vt 0.20417 0.775
vt 0.1875 0.975
vt 0.20417 0.975
vt 0.20417 0.775
vt 0.20417 0.775
vt 0.20417 0.975
vt 0.22083 0.775
vt 0.20417 0.975
vt 0.22083 0.975
vt 0.22083 0.775
vt 0.22083 0.775
vt 0.22083 0.975
vt 0.2375 0.775
vt 0.22083 0.975
vt 0.2375 0.975
vt 0.2375 0.775
vt 0.1375 0.775
vt 0.1375 0.975
vt 0.15417 0.775
vt 0.1375 0.975
vt 0.15417 0.975
vt 0.15417 0.775
vt 0.15417 0.775
vt 0.15417 0.975
vt 0.17083 0.775
vt 0.15417 0.975
vt 0.17083 0.975
vt 0.17083 0.775
vt 0.17083 0.775
vt 0.17083 0.975
vt 0.1875 0.775
vt 0.17083 0.975
vt 0.1875 0.975
vt 0.1875 0.775
vt 0.4375 0.525
vt 0.4375 0.725
vt 0.45417 0.725
vt 0.45417 0.525
vt 0.4375 0.525
vt 0.45417 0.725
vt 0.45417 0.525
vt 0.45417 0.725
vt 0.47083 0.725
vt 0.47083 0.525
vt 0.45417 0.525
vt 0.47083 0.725
vt 0.47083 0.525
vt 0.47083 0.725
vt 0.4875 0.725
vt 0.4875 0.525
vt 0.47083 0.525
vt 0.4875 0.725
vt 0.3875 0.525
vt 0.3875 0.725
vt 0.40417 0.725
vt 0.40417 0.525
vt 0.3875 0.525
vt 0.40417 0.725
vt 0.40417 0.525
vt 0.40417 0.725
vt 0.42083 0.725
vt 0.42083 0.525
vt 0.40417 0.525
vt 0.42083 0.725
vt 0.42083 0.525
vt 0.42083 0.725
vt 0.4375 0.725
vt 0.4375 0.525
vt 0.42083 0.525
vt 0.4375 0.725
vt 0.4375 0.525
vt 0.4375 0.725
vt 0.45417 0.525
vt 0.4375 0.725
vt 0.45417 0.725
vt 0.45417 0.525
vt 0.45417 0.525
vt 0.45417 0.725
vt 0.47083 0.525
vt 0.45417 0.725
vt 0.47083 0.725
vt 0.47083 0.525
vt 0.47083 0.525
vt 0.47083 0.725
vt 0.4875 0.525
vt 0.47083 0.725
vt 0.4875 0.725
vt 0.4875 0.525
vt 0.3875 0.525
vt 0.3875 0.725
vt 0.40417 0.525
vt 0.3875 0.725
vt 0.40417 0.725
vt 0.40417 0.525
vt 0.40417 0.525
vt 0.40417 0.725
vt 0.42083 0.525
vt 0.40417 0.725
vt 0.42083 0.725
vt 0.42083 0.525
vt 0.42083 0.525
vt 0.42083 0.725
vt 0.4375 0.525
vt 0.42083 0.725
vt 0.4375 0.725
vt 0.4375 0.525
vt 0.87625 0.025
vt 0.87625 0.225
vt 0.87625 0.225
vt 0.87625 0.025
vt 0.87625 0.025
vt 0.87625 0.225
vt 0.87625 0.025
vt 0.87625 0.225
vt 0.87625 0.225
vt 0.87625 0.025
vt 0.87625 0.025
vt 0.87625 0.225
vt 0.87625 0.025
vt 0.87625 0.225
vt 0.87625 0.225
vt 0.87625 0.025
vt 0.87625 0.025
vt 0.87625 0.225
vt 0.87625 0.025
vt 0.87625 0.225
vt 0.87625 0.225
vt 0.87625 0.025
vt 0.87625 0.025
vt 0.87625 0.225
vt 0.87625 0.025
vt 0.87625 0.225
vt 0.87625 0.225
vt 0.87625 0.025
vt 0.87625 0.025
vt 0.87625 0.225
vt 0.87625 0.025
vt 0.87625 0.225
vt 0.87625 0.225
vt 0.87625 0.025
vt 0.87625 0.025
vt 0.87625 0.225
vt 0.87625 0.025
vt 0.87625 0.225
vt 0.87625 0.025
vt 0.87625 0.225
vt 0.87625 0.225
vt 0.87625 0.025
vt 0.87625 0.025
vt 0.87625 0.225
vt 0.87625 0.025
vt 0.87625 0.225
vt 0.87625 0.225
vt 0.87625 0.025
vt 0.87625 0.025
vt 0.87625 0.225
vt 0.87625 0.025
vt 0.87625 0.225
vt 0.87625 0.225
vt 0.87625 0.025
vt 0.87625 0.025
vt 0.87625 0.225
vt 0.87625 0.025
vt 0.87625 0.225
vt 0.87625 0.225
vt 0.87625 0.025
vt 0.87625 0.025
vt 0.87625 0.225
vt 0.87625 0.025
vt 0.87625 0.225
vt 0.87625 0.225
vt 0.87625 0.025
vt 0.87625 0.025
vt 0.87625 0.225
vt 0.87625 0.025
vt 0.87625 0.225
vt 0.87625 0.225
vt 0.87625 0.025
vt 0.3875 0.775
vt 0.3875 0.975
vt 0.4875 0.975
vt 0.4875 0.775
vt 0.3875 0.775
vt 0.4875 0.975
vt 0.3875 0.775
vt 0.3875 0.975
vt 0.4875 0.975
vt 0.4875 0.775
vt 0.3875 0.775
vt 0.4875 0.975
vt 0.3875 0.775
vt 0.3875 0.975
vt 0.4875 0.975
vt 0.4875 0.775
vt 0.3875 0.775
vt 0.4875 0.975
vt 0.3875 0.775
vt 0.3875 0.975
vt 0.4875 0.975
vt 0.4875 0.775
vt 0.3875 0.775
vt 0.4875 0.975
vt 0.3875 0.775
vt 0.3875 0.975
vt 0.4875 0.775
vt 0.3875 0.975
vt 0.4875 0.975
vt 0.4875 0.775
vt 0.3875 0.775
vt 0.3875 0.975
vt 0.4875 0.775
vt 0.3875 0.975
vt 0.4875 0.975
vt 0.4875 0.775
vt 0.3875 0.775
vt 0.3875 0.975
vt 0.4875 0.775
vt 0.3875 0.975
vt 0.4875 0.975
vt 0.4875 0.775
vt 0.3875 0.775
vt 0.3875 0.975
vt 0.4875 0.775
vt 0.3875 0.975
vt 0.4875 0.975
vt 0.4875 0.775
vt 0.0125 0.525
vt 0.0125 0.725
vt 0.1125 0.725
vt 0.1125 0.525
vt 0.0125 0.525
vt 0.1125 0.725
vt 0.0125 0.525
vt 0.0125 0.725
vt 0.1125 0.725
vt 0.1125 0.525
vt 0.0125 0.525
vt 0.1125 0.725
vt 0.0125 0.525
vt 0.0125 0.725
vt 0.1125 0.725
vt 0.1125 0.525
vt 0.0125 0.525
vt 0.1125 0.725
vt 0.0125 0.525
vt 0.0125 0.725
vt 0.1125 0.725
vt 0.1125 0.525
vt 0.0125 0.525
vt 0.1125 0.725
vt 0.0125 0.525
vt 0.0125 0.725
vt 0.1125 0.525
vt 0.0125 0.725
vt 0.1125 0.725
vt 0.1125 0.525
vt 0.0125 0.525
vt 0.0125 0.725
vt 0.1125 0.525
vt 0.0125 0.725
vt 0.1125 0.725
vt 0.1125 0.525
vt 0.0125 0.525
vt 0.0125 0.725
vt 0.1125 0.525
vt 0.0125 0.725
vt 0.1125 0.725
vt 0.1125 0.525
vt 0.0125 0.525
vt 0.0125 0.725
vt 0.1125 0.525
vt 0.0125 0.725
vt 0.1125 0.725
vt 0.1125 0.525
vt 0.3875 0.775
vt 0.3875 0.975
vt 0.4875 0.975
vt 0.4875 0.775
vt 0.3875 0.775
vt 0.4875 0.975
vt 0.3875 0.775
vt 0.3875 0.975
vt 0.4875 0.975
vt 0.4875 0.775
vt 0.3875 0.775
vt 0.4875 0.975
vt 0.3875 0.775
vt 0.3875 0.975
vt 0.4875 0.975
vt 0.4875 0.775
vt 0.3875 0.775
vt 0.4875 0.975
vt 0.3875 0.775
vt 0.3875 0.975
vt 0.4875 0.975
vt 0.4875 0.775
vt 0.3875 0.775
vt 0.4875 0.975
vt 0.3875 0.775
vt 0.3875 0.975
vt 0.4875 0.775
vt 0.3875 0.975
vt 0.4875 0.975
vt 0.4875 0.775
vt 0.3875 0.775
vt 0.3875 0.975
vt 0.4875 0.775
vt 0.3875 0.975
vt 0.4875 0.975
vt 0.4875 0.775
vt 0.3875 0.775
vt 0.3875 0.975
vt 0.4875 0.775
vt 0.3875 0.975
vt 0.4875 0.975
vt 0.4875 0.775
vt 0.3875 0.775
vt 0.3875 0.975
vt 0.4875 0.775
vt 0.3875 0.975
vt 0.4875 0.975
vt 0.4875 0.775
vt 0.2625 0.775
vt 0.2625 0.975
vt 0.3625 0.975
vt 0.3625 0.775
vt 0.2625 0.775
vt 0.3625 0.975
vt 0.2625 0.775
vt 0.2625 0.975
vt 0.3625 0.975
vt 0.3625 0.775
vt 0.2625 0.775
vt 0.3625 0.975
vt 0.2625 0.775
vt 0.2625 0.975
vt 0.3625 0.975
vt 0.3625 0.775
vt 0.2625 0.775
vt 0.3625 0.975
vt 0.2625 0.775
vt 0.2625 0.975
vt 0.3625 0.975
vt 0.3625 0.775
vt 0.2625 0.775
vt 0.3625 0.975
vt 0.2625 0.775
vt 0.2625 0.975
vt 0.3625 0.775
vt 0.2625 0.975
vt 0.3625 0.975
vt 0.3625 0.775
vt 0.2625 0.775
vt 0.2625 0.975
vt 0.3625 0.775
vt 0.2625 0.975
vt 0.3625 0.975
vt 0.3625 0.775
vt 0.2625 0.775
vt 0.2625 0.975
vt 0.3625 0.775
vt 0.2625 0.975
vt 0.3625 0.975
vt 0.3625 0.775
vt 0.2625 0.775
vt 0.2625 0.975
vt 0.3625 0.775
vt 0.2625 0.975
vt 0.3625 0.975
vt 0.3625 0.775
vt 0.6375 0.525
vt 0.6375 0.725
vt 0.7375 0.725
vt 0.7375 0.525
vt 0.6375 0.525
vt 0.7375 0.725
vt 0.6375 0.525
vt 0.6375 0.725
vt 0.7375 0.725
vt 0.7375 0.525
vt 0.6375 0.525
vt 0.7375 0.725
vt 0.6375 0.525
vt 0.6375 0.725
vt 0.7375 0.725
vt 0.7375 0.525
vt 0.6375 0.525
vt 0.7375 0.725
vt 0.6375 0.525
vt 0.6375 0.725
vt 0.7375 0.725
vt 0.7375 0.525
vt 0.6375 0.525
vt 0.7375 0.725
vt 0.6375 0.525
vt 0.6375 0.725
vt 0.7375 0.525
vt 0.6375 0.725
vt 0.7375 0.725
vt 0.7375 0.525
vt 0.6375 0.525
vt 0.6375 0.725
vt 0.7375 0.525
vt 0.6375 0.725
vt 0.7375 0.725
vt 0.7375 0.525
vt 0.6375 0.525
vt 0.6375 0.725
vt 0.7375 0.525
vt 0.6375 0.725
vt 0.7375 0.725
vt 0.7375 0.525
vt 0.6375 0.525
vt 0.6375 0.725
vt 0.7375 0.525
vt 0.6375 0.725
vt 0.7375 0.725
vt 0.7375 0.525
vt 0.1375 0.275
vt 0.1375 0.475
vt 0.1875 0.475
vt 0.1875 0.275
vt 0.1375 0.275
vt 0.1875 0.475
vt 0.1875 0.275
vt 0.1875 0.475
vt 0.2375 0.475
vt 0.2375 0.275
vt 0.1875 0.275
vt 0.2375 0.475
vt 0.1375 0.275
vt 0.1375 0.475
vt 0.1875 0.475
vt 0.1875 0.275
vt 0.1375 0.275
vt 0.1875 0.475
vt 0.1875 0.275
vt 0.1875 0.475
vt 0.2375 0.475
vt 0.2375 0.275
vt 0.1875 0.275
vt 0.2375 0.475
vt 0.1375 0.275
vt 0.1375 0.475
vt 0.1875 0.275
vt 0.1375 0.475
vt 0.1875 0.475
vt 0.1875 0.275
vt 0.1875 0.275
vt 0.1875 0.475
vt 0.2375 0.275
vt 0.1875 0.475
vt 0.2375 0.475
vt 0.2375 0.275
vt 0.1375 0.275
vt 0.1375 0.475
vt 0.1875 0.275
vt 0.1375 0.475
vt 0.1875 0.475
vt 0.1875 0.275
vt 0.1875 0.275
vt 0.1875 0.475
vt 0.2375 0.275
vt 0.1875 0.475
vt 0.2375 0.475
vt 0.2375 0.275
vt 0.1375 0.525
vt 0.1375 0.725
vt 0.1875 0.725
vt 0.1875 0.525
vt 0.1375 0.525
vt 0.1875 0.725
vt 0.1875 0.525
vt 0.1875 0.725
vt 0.2375 0.725
vt 0.2375 0.525
vt 0.1875 0.525
vt 0.2375 0.725
vt 0.1375 0.525
vt 0.1375 0.725
vt 0.1875 0.725
vt 0.1875 0.525
vt 0.1375 0.525
vt 0.1875 0.725
vt 0.1875 0.525
vt 0.1875 0.725
vt 0.2375 0.725
vt 0.2375 0.525
vt 0.1875 0.525
vt 0.2375 0.725
vt 0.1375 0.525
vt 0.1375 0.725
vt 0.1875 0.525
vt 0.1375 0.725
vt 0.1875 0.725
vt 0.1875 0.525
vt 0.1875 0.525
vt 0.1875 0.725
vt 0.2375 0.525
vt 0.1875 0.725
vt 0.2375 0.725
vt 0.2375 0.525
vt 0.1375 0.525
vt 0.1375 0.725
vt 0.1875 0.525
vt 0.1375 0.725
vt 0.1875 0.725
vt 0.1875 0.525
vt 0.1875 0.525
vt 0.1875 0.725
vt 0.2375 0.525
vt 0.1875 0.725
vt 0.2375 0.725
vt 0.2375 0.525
vt 0.0125 0.525
vt 0.0125 0.725
vt 0.1125 0.725
vt 0.1125 0.525
vt 0.0125 0.525
vt 0.1125 0.725
vt 0.0125 0.525
vt 0.0125 0.725
vt 0.1125 0.725
vt 0.1125 0.525
vt 0.0125 0.525
vt 0.1125 0.725
vt 0.0125 0.525
vt 0.0125 0.725
vt 0.1125 0.725
vt 0.1125 0.525
vt 0.0125 0.525
vt 0.1125 0.725
vt 0.0125 0.525
vt 0.0125 0.725
vt 0.1125 0.725
vt 0.1125 0.525
vt 0.0125 0.525
vt 0.1125 0.725
vt 0.0125 0.525
vt 0.0125 0.725
vt 0.1125 0.525
vt 0.0125 0.725
vt 0.1125 0.725
vt 0.1125 0.525
vt 0.0125 0.525
vt 0.0125 0.725
vt 0.1125 0.525
vt 0.0125 0.725
vt 0.1125 0.725
vt 0.1125 0.525
vt 0.0125 0.525
vt 0.0125 0.725
vt 0.1125 0.525
vt 0.0125 0.725
vt 0.1125 0.725
vt 0.1125 0.525
vt 0.0125 0.525
vt 0.0125 0.725
vt 0.1125 0.525
vt 0.0125 0.725
vt 0.1125 0.725
vt 0.1125 0.525
vt 0.1875 0.525
vt 0.1875 0.725
vt 0.2125 0.725
vt 0.2125 0.525
vt 0.1875 0.525
vt 0.2125 0.725
vt 0.2125 0.525
vt 0.2125 0.725
vt 0.2375 0.725
vt 0.2375 0.525
vt 0.2125 0.525
vt 0.2375 0.725
vt 0.1375 0.525
vt 0.1375 0.725
vt 0.1625 0.725
vt 0.1625 0.525
vt 0.1375 0.525
vt 0.1625 0.725
vt 0.1625 0.525
vt 0.1625 0.725
vt 0.1875 0.725
vt 0.1875 0.525
vt 0.1625 0.525
vt 0.1875 0.725
vt 0.1875 0.525
vt 0.1875 0.725
vt 0.2125 0.525
vt 0.1875 0.725
vt 0.2125 0.725
vt 0.2125 0.525
vt 0.2125 0.525
vt 0.2125 0.725
vt 0.2375 0.525
vt 0.2125 0.725
vt 0.2375 0.725
vt 0.2375 0.525
vt 0.1375 0.525
vt 0.1375 0.725
vt 0.1625 0.525
vt 0.1375 0.725
vt 0.1625 0.725
vt 0.1625 0.525
vt 0.1625 0.525
vt 0.1625 0.725
vt 0.1875 0.525
vt 0.1625 0.725
vt 0.1875 0.725
vt 0.1875 0.525
vt 0.4375 0.775
vt 0.4375 0.975
vt 0.4625 0.975
vt 0.4625 0.775
vt 0.4375 0.775
vt 0.4625 0.975
vt 0.4625 0.775
vt 0.4625 0.975
vt 0.4875 0.975
vt 0.4875 0.775
vt 0.4625 0.775
vt 0.4875 0.975
vt 0.3875 0.775
vt 0.3875 0.975
vt 0.4125 0.975
vt 0.4125 0.775
vt 0.3875 0.775
vt 0.4125 0.975
vt 0.4125 0.775
vt 0.4125 0.975
vt 0.4375 0.975
vt 0.4375 0.775
vt 0.4125 0.775
vt 0.4375 0.975
vt 0.4375 0.775
vt 0.4375 0.975
vt 0.4625 0.775
vt 0.4375 0.975
vt 0.4625 0.975
vt 0.4625 0.775
vt 0.4625 0.775
vt 0.4625 0.975
vt 0.4875 0.775
vt 0.4625 0.975
vt 0.4875 0.975
vt 0.4875 0.775
vt 0.3875 0.775
vt 0.3875 0.975
vt 0.4125 0.775
vt 0.3875 0.975
vt 0.4125 0.975
vt 0.4125 0.775
vt 0.4125 0.775
vt 0.4125 0.975
vt 0.4375 0.775
vt 0.4125 0.975
vt 0.4375 0.975
vt 0.4375 0.775
vt 0.1875 0.525
vt 0.1875 0.725
vt 0.20417 0.725
vt 0.20417 0.525
vt 0.1875 0.525
vt 0.20417 0.725
vt 0.20417 0.525
vt 0.20417 0.725
vt 0.22083 0.725
vt 0.22083 0.525
vt 0.20417 0.525
vt 0.22083 0.725
vt 0.22083 0.525
vt 0.22083 0.725
vt 0.2375 0.725
vt 0.2375 0.525
vt 0.22083 0.525
vt 0.2375 0.725
vt 0.1375 0.525
vt 0.1375 0.725
vt 0.15417 0.725
vt 0.15417 0.525
vt 0.1375 0.525
vt 0.15417 0.725
vt 0.15417 0.525
vt 0.15417 0.725
vt 0.17083 0.725
vt 0.17083 0.525
vt 0.15417 0.525
vt 0.17083 0.725
vt 0.17083 0.525
vt 0.17083 0.725
vt 0.1875 0.725
vt 0.1875 0.525
vt 0.17083 0.525
vt 0.1875 0.725
vt 0.1875 0.525
vt 0.1875 0.725
vt 0.20417 0.525
vt 0.1875 0.725
vt 0.20417 0.725
vt 0.20417 0.525
vt 0.20417 0.525
vt 0.20417 0.725
vt 0.22083 0.525
vt 0.20417 0.725
vt 0.22083 0.725
vt 0.22083 0.525
vt 0.22083 0.525
vt 0.22083 0.725
vt 0.2375 0.525
vt 0.22083 0.725
vt 0.2375 0.725
vt 0.2375 0.525
vt 0.1375 0.525
vt 0.1375 0.725
vt 0.15417 0.525
vt 0.1375 0.725
vt 0.15417 0.725
vt 0.15417 0.525
vt 0.15417 0.525
vt 0.15417 0.725
vt 0.17083 0.525
vt 0.15417 0.725
vt 0.17083 0.725
vt 0.17083 0.525
vt 0.17083 0.525
vt 0.17083 0.725
vt 0.1875 0.525
vt 0.17083 0.725
vt 0.1875 0.725
vt 0.1875 0.525
vt 0.8875 0.775
vt 0.8875 0.975
vt 0.92083 0.975
vt 0.92083 0.775
vt 0.8875 0.775
vt 0.92083 0.975
vt 0.92083 0.775
vt 0.92083 0.975
vt 0.95417 0.975
vt 0.95417 0.775
vt 0.92083 0.775
vt 0.95417 0.975
vt 0.95417 0.775
vt 0.95417 0.975
vt 0.9875 0.975
vt 0.9875 0.775
vt 0.95417 0.775
vt 0.9875 0.975
vt 0.8875 0.775
vt 0.8875 0.975
vt 0.92083 0.975
vt 0.92083 0.775
vt 0.8875 0.775
vt 0.92083 0.975
vt 0.92083 0.775
vt 0.92083 0.975
vt 0.95417 0.975
vt 0.95417 0.775
vt 0.92083 0.775
vt 0.95417 0.975
vt 0.95417 0.775
vt 0.95417 0.975
vt 0.9875 0.975
vt 0.9875 0.775
vt 0.95417 0.775
vt 0.9875 0.975
vt 0.8875 0.775
vt 0.8875 0.975
vt 0.92083 0.775
vt 0.8875 0.975
vt 0.92083 0.975
vt 0.92083 0.775
vt 0.92083 0.775
vt 0.92083 0.975
vt 0.95417 0.775
vt 0.92083 0.975
vt 0.95417 0.975
vt 0.95417 0.775
vt 0.95417 0.775
vt 0.95417 0.975
vt 0.9875 0.775
vt 0.95417 0.975
vt 0.9875 0.975
vt 0.9875 0.775
vt 0.8875 0.775
vt 0.8875 0.975
vt 0.92083 0.775
vt 0.8875 0.975
vt 0.92083 0.975
vt 0.92083 0.775
vt 0.92083 0.775
vt 0.92083 0.975
vt 0.95417 0.775
vt 0.92083 0.975
vt 0.95417 0.975
vt 0.95417 0.775
vt 0.95417 0.775
vt 0.95417 0.975
vt 0.9875 0.775
vt 0.95417 0.975
vt 0.9875 0.975
vt 0.9875 0.775
vt 0.1375 0.525
vt 0.1375 0.725
vt 0.17083 0.725
vt 0.17083 0.525
vt 0.1375 0.525
vt 0.17083 0.725
vt 0.17083 0.525
vt 0.17083 0.725
vt 0.20417 0.725
vt 0.20417 0.525
vt 0.17083 0.525
vt 0.20417 0.725
vt 0.20417 0.525
vt 0.20417 0.725
vt 0.2375 0.725
vt 0.2375 0.525
vt 0.20417 0.525
vt 0.2375 0.725
vt 0.1375 0.525
vt 0.1375 0.725
vt 0.17083 0.725
vt 0.17083 0.525
vt 0.1375 0.525
vt 0.17083 0.725
vt 0.17083 0.525
vt 0.17083 0.725
vt 0.20417 0.725
vt 0.20417 0.525
vt 0.17083 0.525
vt 0.20417 0.725
vt 0.20417 0.525
vt 0.20417 0.725
vt 0.2375 0.725
vt 0.2375 0.525
vt 0.20417 0.525
vt 0.2375 0.725
vt 0.1375 0.525
vt 0.1375 0.725
vt 0.17083 0.525
vt 0.1375 0.725
vt 0.17083 0.725
vt 0.17083 0.525
vt 0.17083 0.525
vt 0.17083 0.725
vt 0.20417 0.525
vt 0.17083 0.725
vt 0.20417 0.725
vt 0.20417 0.525
vt 0.20417 0.525
vt 0.20417 0.725
vt 0.2375 0.525
vt 0.20417 0.725
vt 0.2375 0.725
vt 0.2375 0.525
vt 0.1375 0.525
vt 0.1375 0.725
vt 0.17083 0.525
vt 0.1375 0.725
vt 0.17083 0.725
vt 0.17083 0.525
vt 0.17083 0.525
vt 0.17083 0.725
vt 0.20417 0.525
vt 0.17083 0.725
vt 0.20417 0.725
vt 0.20417 0.525
vt 0.20417 0.525
vt 0.20417 0.725
vt 0.2375 0.525
vt 0.20417 0.725
vt 0.2375 0.725
vt 0.2375 0.525
vt 0.4375 0.775
vt 0.4375 0.975
vt 0.45417 0.975
vt 0.45417 0.775
vt 0.4375 0.775
vt 0.45417 0.975
vt 0.45417 0.775
vt 0.45417 0.975
vt 0.47083 0.975
vt 0.47083 0.775
vt 0.45417 0.775
vt 0.47083 0.975
vt 0.47083 0.775
vt 0.47083 0.975
vt 0.4875 0.975
vt 0.4875 0.775
vt 0.47083 0.775
vt 0.4875 0.975
vt 0.3875 0.775
vt 0.3875 0.975
vt 0.40417 0.975
vt 0.40417 0.775
vt 0.3875 0.775
vt 0.40417 0.975
vt 0.40417 0.775
vt 0.40417 0.975
vt 0.42083 0.975
vt 0.42083 0.775
vt 0.40417 0.775
vt 0.42083 0.975
vt 0.42083 0.775
vt 0.42083 0.975
vt 0.4375 0.975
vt 0.4375 0.775
vt 0.42083 0.775
vt 0.4375 0.975
vt 0.4375 0.775
vt 0.4375 0.975
vt 0.45417 0.775
vt 0.4375 0.975
vt 0.45417 0.975
vt 0.45417 0.775
vt 0.45417 0.775
vt 0.45417 0.975
vt 0.47083 0.775
vt 0.45417 0.975
vt 0.47083 0.975
vt 0.47083 0.775
vt 0.47083 0.775
vt 0.47083 0.975
vt 0.4875 0.775
vt 0.47083 0.975
vt 0.4875 0.975
vt 0.4875 0.775
vt 0.3875 0.775
vt 0.3875 0.975
vt 0.40417 0.775
vt 0.3875 0.975
vt 0.40417 0.975
vt 0.40417 0.775
vt 0.40417 0.775
vt 0.40417 0.975
vt 0.42083 0.775
vt 0.40417 0.975
vt 0.42083 0.975
vt 0.42083 0.775
vt 0.42083 0.775
vt 0.42083 0.975
vt 0.4375 0.775
vt 0.42083 0.975
vt 0.4375 0.975
vt 0.4375 0.775
vt 0.1875 0.525
vt 0.1875 0.725
vt 0.2125 0.725
vt 0.2125 0.525
vt 0.1875 0.525
vt 0.2125 0.725
vt 0.2125 0.525
vt 0.2125 0.725
vt 0.2375 0.725
vt 0.2375 0.525
vt 0.2125 0.525
vt 0.2375 0.725
vt 0.1375 0.525
vt 0.1375 0.725
vt 0.1625 0.725
vt 0.1625 0.525
vt 0.1375 0.525
vt 0.1625 0.725
vt 0.1625 0.525
vt 0.1625 0.725
vt 0.1875 0.725
vt 0.1875 0.525
vt 0.1625 0.525
vt 0.1875 0.725
vt 0.1875 0.525
vt 0.1875 0.725
vt 0.2125 0.525
vt 0.1875 0.725
vt 0.2125 0.725
vt 0.2125 0.525
vt 0.2125 0.525
vt 0.2125 0.725
vt 0.2375 0.525
vt 0.2125 0.725
vt 0.2375 0.725
vt 0.2375 0.525
vt 0.1375 0.525
vt 0.1375 0.725
vt 0.1625 0.525
vt 0.1375 0.725
vt 0.1625 0.725
vt 0.1625 0.525
vt 0.1625 0.525
vt 0.1625 0.725
vt 0.1875 0.525
vt 0.1625 0.725
vt 0.1875 0.725
vt 0.1875 0.525
vt 0.0125 0.525
vt 0.0125 0.725
vt 0.1125 0.725
vt 0.1125 0.525
vt 0.0125 0.525
vt 0.1125 0.725
vt 0.0125 0.525
vt 0.0125 0.725
vt 0.1125 0.725
vt 0.1125 0.525
vt 0.0125 0.525
vt 0.1125 0.725
vt 0.0125 0.525
vt 0.0125 0.725
vt 0.1125 0.725
vt 0.1125 0.525
vt 0.0125 0.525
vt 0.1125 0.725
vt 0.0125 0.525
vt 0.0125 0.725
vt 0.1125 0.725
vt 0.1125 0.525
vt 0.0125 0.525
vt 0.1125 0.725
vt 0.0125 0.525
vt 0.0125 0.725
vt 0.1125 0.525
vt 0.0125 0.725
vt 0.1125 0.725
vt 0.1125 0.525
vt 0.0125 0.525
vt 0.0125 0.725
vt 0.1125 0.525
vt 0.0125 0.725
vt 0.1125 0.725
vt 0.1125 0.525
vt 0.0125 0.525
vt 0.0125 0.725
vt 0.1125 0.525
vt 0.0125 0.725
vt 0.1125 0.725
vt 0.1125 0.525
vt 0.0125 0.525
vt 0.0125 0.725
vt 0.1125 0.525
vt 0.0125 0.725
vt 0.1125 0.725
vt 0.1125 0.525
vt 0.1375 0.525
vt 0.1375 0.725
vt 0.2375 0.725
vt 0.2375 0.525
vt 0.1375 0.525
vt 0.2375 0.725
vt 0.1375 0.525
vt 0.1375 0.725
vt 0.2375 0.725
vt 0.2375 0.525
vt 0.1375 0.525
vt 0.2375 0.725
vt 0.1375 0.525
vt 0.1375 0.725
vt 0.2375 0.725
vt 0.2375 0.525
vt 0.1375 0.525
vt 0.2375 0.725
vt 0.1375 0.525
vt 0.1375 0.725
vt 0.2375 0.725
vt 0.2375 0.525
vt 0.1375 0.525
vt 0.2375 0.725
vt 0.1375 0.525
vt 0.1375 0.725
vt 0.2375 0.525
vt 0.1375 0.725
vt 0.2375 0.725
vt 0.2375 0.525
vt 0.1375 0.525
vt 0.1375 0.725
vt 0.2375 0.525
vt 0.1375 0.725
vt 0.2375 0.725
vt 0.2375 0.525
vt 0.1375 0.525
vt 0.1375 0.725
vt 0.2375 0.525
vt 0.1375 0.725
vt 0.2375 0.725
vt 0.2375 0.525
vt 0.1375 0.525
vt 0.1375 0.725
vt 0.2375 0.525
vt 0.1375 0.725
vt 0.2375 0.725
vt 0.2375 0.525
vt 0.3875 0.775
vt 0.3875 0.975
vt 0.4875 0.975
vt 0.4875 0.775
vt 0.3875 0.775
vt 0.4875 0.975
vt 0.3875 0.775
vt 0.3875 0.975
vt 0.4875 0.975
vt 0.4875 0.775
vt 0.3875 0.775
vt 0.4875 0.975
vt 0.3875 0.775
vt 0.3875 0.975
vt 0.4875 0.975
vt 0.4875 0.775
vt 0.3875 0.775
vt 0.4875 0.975
vt 0.3875 0.775
vt 0.3875 0.975
vt 0.4875 0.975
vt 0.4875 0.775
vt 0.3875 0.775
vt 0.4875 0.975
vt 0.3875 0.775
vt 0.3875 0.975
vt 0.4875 0.775
vt 0.3875 0.975
vt 0.4875 0.975
vt 0.4875 0.775
vt 0.3875 0.775
vt 0.3875 0.975
vt 0.4875 0.775
vt 0.3875 0.975
vt 0.4875 0.975
vt 0.4875 0.775
vt 0.3875 0.775
vt 0.3875 0.975
vt 0.4875 0.775
vt 0.3875 0.975
vt 0.4875 0.975
vt 0.4875 0.775
vt 0.3875 0.775
vt 0.3875 0.975
vt 0.4875 0.775
vt 0.3875 0.975
vt 0.4875 0.975
vt 0.4875 0.775
vt 0.8875 0.775
vt 0.8875 0.975
vt 0.9875 0.975
vt 0.9875 0.775
vt 0.8875 0.775
vt 0.9875 0.975
vt 0.8875 0.775
vt 0.8875 0.975
vt 0.9875 0.975
vt 0.9875 0.775
vt 0.8875 0.775
vt 0.9875 0.975
vt 0.8875 0.775
vt 0.8875 0.975
vt 0.9875 0.975
vt 0.9875 0.775
vt 0.8875 0.775
vt 0.9875 0.975
vt 0.8875 0.775
vt 0.8875 0.975
vt 0.9875 0.975
vt 0.9875 0.775
vt 0.8875 0.775
vt 0.9875 0.975
vt 0.8875 0.775
vt 0.8875 0.975
vt 0.9875 0.775
vt 0.8875 0.975
vt 0.9875 0.975
vt 0.9875 0.775
vt 0.8875 0.775
vt 0.8875 0.975
vt 0.9875 0.775
vt 0.8875 0.975
vt 0.9875 0.975
vt 0.9875 0.775
vt 0.8875 0.775
vt 0.8875 0.975
vt 0.9875 0.775
vt 0.8875 0.975
vt 0.9875 0.975
vt 0.9875 0.775
vt 0.8875 0.775
vt 0.8875 0.975
vt 0.9875 0.775
vt 0.8875 0.975
vt 0.9875 0.975
vt 0.9875 0.775
vt 0.8875 0.775
vt 0.8875 0.975
vt 0.9875 0.975
vt 0.9875 0.775
vt 0.8875 0.775
vt 0.9875 0.975
vt 0.8875 0.775
vt 0.8875 0.975
vt 0.9875 0.975
vt 0.9875 0.775
vt 0.8875 0.775
vt 0.9875 0.975
vt 0.8875 0.775
vt 0.8875 0.975
vt 0.9875 0.975
vt 0.9875 0.775
vt 0.8875 0.775
vt 0.9875 0.975
vt 0.8875 0.775
vt 0.8875 0.975
vt 0.9875 0.975
vt 0.9875 0.775
vt 0.8875 0.775
vt 0.9875 0.975
vt 0.8875 0.775
vt 0.8875 0.975
vt 0.9875 0.775
vt 0.8875 0.975
vt 0.9875 0.975
vt 0.9875 0.775
vt 0.8875 0.775
vt 0.8875 0.975
vt 0.9875 0.775
vt 0.8875 0.975
vt 0.9875 0.975
vt 0.9875 0.775
vt 0.8875 0.775
vt 0.8875 0.975
vt 0.9875 0.775
vt 0.8875 0.975
vt 0.9875 0.975
vt 0.9875 0.775
vt 0.8875 0.775
vt 0.8875 0.975
vt 0.9875 0.775
vt 0.8875 0.975
vt 0.9875 0.975
vt 0.9875 0.775
vt 0.8875 0.775
vt 0.8875 0.975
vt 0.9875 0.975
vt 0.9875 0.775
vt 0.8875 0.775
vt 0.9875 0.975
vt 0.8875 0.775
vt 0.8875 0.975
vt 0.9875 0.975
vt 0.9875 0.775
vt 0.8875 0.775
vt 0.9875 0.975
vt 0.8875 0.775
vt 0.8875 0.975
vt 0.9875 0.975
vt 0.9875 0.775
vt 0.8875 0.775
vt 0.9875 0.975
vt 0.8875 0.775
vt 0.8875 0.975
vt 0.9875 0.975
vt 0.9875 0.775
vt 0.8875 0.775
vt 0.9875 0.975
vt 0.8875 0.775
vt 0.8875 0.975
vt 0.9875 0.775
vt 0.8875 0.975
vt 0.9875 0.975
vt 0.9875 0.775
vt 0.8875 0.775
vt 0.8875 0.975
vt 0.9875 0.775
vt 0.8875 0.975
vt 0.9875 0.975
vt 0.9875 0.775
vt 0.8875 0.775
vt 0.8875 0.975
vt 0.9875 0.775
vt 0.8875 0.975
vt 0.9875 0.975
vt 0.9875 0.775
vt 0.8875 0.775
vt 0.8875 0.975
vt 0.9875 0.775
vt 0.8875 0.975
vt 0.9875 0.975
vt 0.9875 0.775
vt 0.8875 0.775
vt 0.8875 0.975
vt 0.9875 0.975
vt 0.9875 0.775
vt 0.8875 0.775
vt 0.9875 0.975
vt 0.8875 0.775
vt 0.8875 0.975
vt 0.9875 0.975
vt 0.9875 0.775
vt 0.8875 0.775
vt 0.9875 0.975
vt 0.8875 0.775
vt 0.8875 0.975
vt 0.9875 0.975
vt 0.9875 0.775
vt 0.8875 0.775
vt 0.9875 0.975
vt 0.8875 0.775
vt 0.8875 0.975
vt 0.9875 0.975
vt 0.9875 0.775
vt 0.8875 0.775
vt 0.9875 0.975
vt 0.8875 0.775
vt 0.8875 0.975
vt 0.9875 0.775
vt 0.8875 0.975
vt 0.9875 0.975
vt 0.9875 0.775
vt 0.8875 0.775
vt 0.8875 0.975
vt 0.9875 0.775
vt 0.8875 0.975
vt 0.9875 0.975
vt 0.9875 0.775
vt 0.8875 0.775
vt 0.8875 0.975
vt 0.9875 0.775
vt 0.8875 0.975
vt 0.9875 0.975
vt 0.9875 0.775
vt 0.8875 0.775
vt 0.8875 0.975
vt 0.9875 0.775
vt 0.8875 0.975
vt 0.9875 0.975
vt 0.9875 0.775
vt 0.8875 0.775
vt 0.8875 0.975
vt 0.9375 0.975
vt 0.9375 0.775
vt 0.8875 0.775
vt 0.9375 0.975
vt 0.9375 0.775
vt 0.9375 0.975
vt 0.9875 0.975
vt 0.9875 0.775
vt 0.9375 0.775
vt 0.9875 0.975
vt 0.8875 0.775
vt 0.8875 0.975
vt 0.9375 0.975
vt 0.9375 0.775
vt 0.8875 0.775
vt 0.9375 0.975
vt 0.9375 0.775
vt 0.9375 0.975
vt 0.9875 0.975
vt 0.9875 0.775
vt 0.9375 0.775
vt 0.9875 0.975
vt 0.8875 0.775
vt 0.8875 0.975
vt 0.9375 0.775
vt 0.8875 0.975
vt 0.9375 0.975
vt 0.9375 0.775
vt 0.9375 0.775
vt 0.9375 0.975
vt 0.9875 0.775
vt 0.9375 0.975
vt 0.9875 0.975
vt 0.9875 0.775
vt 0.8875 0.775
vt 0.8875 0.975
vt 0.9375 0.775
vt 0.8875 0.975
vt 0.9375 0.975
vt 0.9375 0.775
vt 0.9375 0.775
vt 0.9375 0.975
vt 0.9875 0.775
vt 0.9375 0.975
vt 0.9875 0.975
vt 0.9875 0.775
vt 0.8875 0.775
vt 0.8875 0.975
vt 0.9875 0.975
vt 0.9875 0.775
vt 0.8875 0.775
vt 0.9875 0.975
vt 0.8875 0.775
vt 0.8875 0.975
vt 0.9875 0.975
vt 0.9875 0.775
vt 0.8875 0.775
vt 0.9875 0.975
vt 0.8875 0.775
vt 0.8875 0.975
vt 0.9875 0.975
vt 0.9875 0.775
vt 0.8875 0.775
vt 0.9875 0.975
vt 0.8875 0.775
vt 0.8875 0.975
vt 0.9875 0.975
vt 0.9875 0.775
vt 0.8875 0.775
vt 0.9875 0.975
vt 0.8875 0.775
vt 0.8875 0.975
vt 0.9875 0.775
vt 0.8875 0.975
vt 0.9875 0.975
vt 0.9875 0.775
vt 0.8875 0.775
vt 0.8875 0.975
vt 0.9875 0.775
vt 0.8875 0.975
vt 0.9875 0.975
vt 0.9875 0.775
vt 0.8875 0.775
vt 0.8875 0.975
vt 0.9875 0.775
vt 0.8875 0.975
vt 0.9875 0.975
vt 0.9875 0.775
vt 0.8875 0.775
vt 0.8875 0.975
vt 0.9875 0.775
vt 0.8875 0.975
vt 0.9875 0.975
vt 0.9875 0.775
vt 0.8875 0.775
vt 0.8875 0.975
vt 0.9875 0.975
vt 0.9875 0.775
vt 0.8875 0.775
vt 0.9875 0.975
vt 0.8875 0.775
vt 0.8875 0.975
vt 0.9875 0.975
vt 0.9875 0.775
vt 0.8875 0.775
vt 0.9875 0.975
vt 0.8875 0.775
vt 0.8875 0.975
vt 0.9875 0.975
vt 0.9875 0.775
vt 0.8875 0.775
vt 0.9875 0.975
vt 0.8875 0.775
vt 0.8875 0.975
vt 0.9875 0.975
vt 0.9875 0.775
vt 0.8875 0.775
vt 0.9875 0.975
vt 0.8875 0.775
vt 0.8875 0.975
vt 0.9875 0.775
vt 0.8875 0.975
vt 0.9875 0.975
vt 0.9875 0.775
vt 0.8875 0.775
vt 0.8875 0.975
vt 0.9875 0.775
vt 0.8875 0.975
vt 0.9875 0.975
vt 0.9875 0.775
vt 0.8875 0.775
vt 0.8875 0.975
vt 0.9875 0.775
vt 0.8875 0.975
vt 0.9875 0.975
vt 0.9875 0.775
vt 0.8875 0.775
vt 0.8875 0.975
vt 0.9875 0.775
vt 0.8875 0.975
vt 0.9875 0.975
vt 0.9875 0.775
vt 0.8875 0.775
vt 0.8875 0.975
vt 0.9875 0.975
vt 0.9875 0.775
vt 0.8875 0.775
vt 0.9875 0.975
vt 0.8875 0.775
vt 0.8875 0.975
vt 0.9875 0.975
vt 0.9875 0.775
vt 0.8875 0.775
vt 0.9875 0.975
vt 0.8875 0.775
vt 0.8875 0.975
vt 0.9875 0.975
vt 0.9875 0.775
vt 0.8875 0.775
vt 0.9875 0.975
vt 0.8875 0.775
vt 0.8875 0.975
vt 0.9875 0.975
vt 0.9875 0.775
vt 0.8875 0.775
vt 0.9875 0.975
vt 0.8875 0.775
vt 0.8875 0.975
vt 0.9875 0.775
vt 0.8875 0.975
vt 0.9875 0.975
vt 0.9875 0.775
vt 0.8875 0.775
vt 0.8875 0.975
vt 0.9875 0.775
vt 0.8875 0.975
vt 0.9875 0.975
vt 0.9875 0.775
vt 0.8875 0.775
vt 0.8875 0.975
vt 0.9875 0.775
vt 0.8875 0.975
vt 0.9875 0.975
vt 0.9875 0.775
vt 0.8875 0.775
vt 0.8875 0.975
vt 0.9875 0.775
vt 0.8875 0.975
vt 0.9875 0.975
vt 0.9875 0.775
vt 0.5125 0.775
vt 0.5125 0.975
vt 0.54583 0.975
vt 0.54583 0.775
vt 0.5125 0.775
vt 0.54583 0.975
vt 0.54583 0.775
vt 0.54583 0.975
vt 0.57917 0.975
vt 0.57917 0.775
vt 0.54583 0.775
vt 0.57917 0.975
vt 0.57917 0.775
vt 0.57917 0.975
vt 0.6125 0.975
vt 0.6125 0.775
vt 0.57917 0.775
vt 0.6125 0.975
vt 0.5125 0.775
vt 0.5125 0.975
vt 0.54583 0.975
vt 0.54583 0.775
vt 0.5125 0.775
vt 0.54583 0.975
vt 0.54583 0.775
vt 0.54583 0.975
vt 0.57917 0.975
vt 0.57917 0.775
vt 0.54583 0.775
vt 0.57917 0.975
vt 0.57917 0.775
vt 0.57917 0.975
vt 0.6125 0.975
vt 0.6125 0.775
vt 0.57917 0.775
vt 0.6125 0.975
vt 0.5125 0.775
vt 0.5125 0.975
vt 0.54583 0.775
vt 0.5125 0.975
vt 0.54583 0.975
vt 0.54583 0.775
vt 0.54583 0.775
vt 0.54583 0.975
vt 0.57917 0.775
vt 0.54583 0.975
vt 0.57917 0.975
vt 0.57917 0.775
vt 0.57917 0.775
vt 0.57917 0.975
vt 0.6125 0.775
vt 0.57917 0.975
vt 0.6125 0.975
vt 0.6125 0.775
vt 0.5125 0.775
vt 0.5125 0.975
vt 0.54583 0.775
vt 0.5125 0.975
vt 0.54583 0.975
vt 0.54583 0.775
vt 0.54583 0.775
vt 0.54583 0.975
vt 0.57917 0.775
vt 0.54583 0.975
vt 0.57917 0.975
vt 0.57917 0.775
vt 0.57917 0.775
vt 0.57917 0.975
vt 0.6125 0.775
vt 0.57917 0.975
vt 0.6125 0.975
vt 0.6125 0.775
vt 0.5125 0.775
vt 0.5125 0.975
vt 0.54583 0.975
vt 0.54583 0.775
vt 0.5125 0.775
vt 0.54583 0.975
vt 0.54583 0.775
vt 0.54583 0.975
vt 0.57917 0.975
vt 0.57917 0.775
vt 0.54583 0.775
vt 0.57917 0.975
vt 0.57917 0.775
vt 0.57917 0.975
vt 0.6125 0.975
vt 0.6125 0.775
vt 0.57917 0.775
vt 0.6125 0.975
vt 0.5125 0.775
vt 0.5125 0.975
vt 0.54583 0.975
vt 0.54583 0.775
vt 0.5125 0.775
vt 0.54583 0.975
vt 0.54583 0.775
vt 0.54583 0.975
vt 0.57917 0.975
vt 0.57917 0.775
vt 0.54583 0.775
vt 0.57917 0.975
vt 0.57917 0.775
vt 0.57917 0.975
vt 0.6125 0.975
vt 0.6125 0.775
vt 0.57917 0.775
vt 0.6125 0.975
vt 0.5125 0.775
vt 0.5125 0.975
vt 0.54583 0.775
vt 0.5125 0.975
vt 0.54583 0.975
vt 0.54583 0.775
vt 0.54583 0.775
vt 0.54583 0.975
vt 0.57917 0.775
vt 0.54583 0.975
vt 0.57917 0.975
vt 0.57917 0.775
vt 0.57917 0.775
vt 0.57917 0.975
vt 0.6125 0.775
vt 0.57917 0.975
vt 0.6125 0.975
vt 0.6125 0.775
vt 0.5125 0.775
vt 0.5125 0.975
vt 0.54583 0.775
vt 0.5125 0.975
vt 0.54583 0.975
vt 0.54583 0.775
vt 0.54583 0.775
vt 0.54583 0.975
vt 0.57917 0.775
vt 0.54583 0.975
vt 0.57917 0.975
vt 0.57917 0.775
vt 0.57917 0.775
vt 0.57917 0.975
vt 0.6125 0.775
vt 0.57917 0.975
vt 0.6125 0.975
vt 0.6125 0.775
vt 0.3875 0.775
vt 0.3875 0.975
vt 0.42083 0.975
vt 0.42083 0.775
vt 0.3875 0.775
vt 0.42083 0.975
vt 0.42083 0.775
vt 0.42083 0.975
vt 0.45417 0.975
vt 0.45417 0.775
vt 0.42083 0.775
vt 0.45417 0.975
vt 0.45417 0.775
vt 0.45417 0.975
vt 0.4875 0.975
vt 0.4875 0.775
vt 0.45417 0.775
vt 0.4875 0.975
vt 0.3875 0.775
vt 0.3875 0.975
vt 0.42083 0.975
vt 0.42083 0.775
vt 0.3875 0.775
vt 0.42083 0.975
vt 0.42083 0.775
vt 0.42083 0.975
vt 0.45417 0.975
vt 0.45417 0.775
vt 0.42083 0.775
vt 0.45417 0.975
vt 0.45417 0.775
vt 0.45417 0.975
vt 0.4875 0.975
vt 0.4875 0.775
vt 0.45417 0.775
vt 0.4875 0.975
vt 0.3875 0.775
vt 0.3875 0.975
vt 0.42083 0.775
vt 0.3875 0.975
vt 0.42083 0.975
vt 0.42083 0.775
vt 0.42083 0.775
vt 0.42083 0.975
vt 0.45417 0.775
vt 0.42083 0.975
vt 0.45417 0.975
vt 0.45417 0.775
vt 0.45417 0.775
vt 0.45417 0.975
vt 0.4875 0.775
vt 0.45417 0.975
vt 0.4875 0.975
vt 0.4875 0.775
vt 0.3875 0.775
vt 0.3875 0.975
vt 0.42083 0.775
vt 0.3875 0.975
vt 0.42083 0.975
vt 0.42083 0.775
vt 0.42083 0.775
vt 0.42083 0.975
vt 0.45417 0.775
vt 0.42083 0.975
vt 0.45417 0.975
vt 0.45417 0.775
vt 0.45417 0.775
vt 0.45417 0.975
vt 0.4875 0.775
vt 0.45417 0.975
vt 0.4875 0.975
vt 0.4875 0.775
vt 0.2625 0.775
vt 0.2625 0.975
vt 0.29583 0.975
vt 0.29583 0.775
vt 0.2625 0.775
vt 0.29583 0.975
vt 0.29583 0.775
vt 0.29583 0.975
vt 0.32917 0.975
vt 0.32917 0.775
vt 0.29583 0.775
vt 0.32917 0.975
vt 0.32917 0.775
vt 0.32917 0.975
vt 0.3625 0.975
vt 0.3625 0.775
vt 0.32917 0.775
vt 0.3625 0.975
vt 0.2625 0.775
vt 0.2625 0.975
vt 0.29583 0.975
vt 0.29583 0.775
vt 0.2625 0.775
vt 0.29583 0.975
vt 0.29583 0.775
vt 0.29583 0.975
vt 0.32917 0.975
vt 0.32917 0.775
vt 0.29583 0.775
vt 0.32917 0.975
vt 0.32917 0.775
vt 0.32917 0.975
vt 0.3625 0.975
vt 0.3625 0.775
vt 0.32917 0.775
vt 0.3625 0.975
vt 0.2625 0.775
vt 0.2625 0.975
vt 0.29583 0.775
vt 0.2625 0.975
vt 0.29583 0.975
vt 0.29583 0.775
vt 0.29583 0.775
vt 0.29583 0.975
vt 0.32917 0.775
vt 0.29583 0.975
vt 0.32917 0.975
vt 0.32917 0.775
vt 0.32917 0.775
vt 0.32917 0.975
vt 0.3625 0.775
vt 0.32917 0.975
vt 0.3625 0.975
vt 0.3625 0.775
vt 0.2625 0.775
vt 0.2625 0.975
vt 0.29583 0.775
vt 0.2625 0.975
vt 0.29583 0.975
vt 0.29583 0.775
vt 0.29583 0.775
vt 0.29583 0.975
vt 0.32917 0.775
vt 0.29583 0.975
vt 0.32917 0.975
vt 0.32917 0.775
vt 0.32917 0.775
vt 0.32917 0.975
vt 0.3625 0.775
vt 0.32917 0.975
vt 0.3625 0.975
vt 0.3625 0.775
vt 0.1875 0.775
vt 0.1875 0.975
vt 0.2125 0.975
vt 0.2125 0.775
vt 0.1875 0.775
vt 0.2125 0.975
vt 0.2125 0.775
vt 0.2125 0.975
vt 0.2375 0.975
vt 0.2375 0.775
vt 0.2125 0.775
vt 0.2375 0.975
vt 0.1375 0.775
vt 0.1375 0.975
vt 0.1625 0.975
vt 0.1625 0.775
vt 0.1375 0.775
vt 0.1625 0.975
vt 0.1625 0.775
vt 0.1625 0.975
vt 0.1875 0.975
vt 0.1875 0.775
vt 0.1625 0.775
vt 0.1875 0.975
vt 0.1875 0.775
vt 0.1875 0.975
vt 0.2125 0.775
vt 0.1875 0.975
vt 0.2125 0.975
vt 0.2125 0.775
vt 0.2125 0.775
vt 0.2125 0.975
vt 0.2375 0.775
vt 0.2125 0.975
vt 0.2375 0.975
vt 0.2375 0.775
vt 0.1375 0.775
vt 0.1375 0.975
vt 0.1625 0.775
vt 0.1375 0.975
vt 0.1625 0.975
vt 0.1625 0.775
vt 0.1625 0.775
vt 0.1625 0.975
vt 0.1875 0.775
vt 0.1625 0.975
vt 0.1875 0.975
vt 0.1875 0.775
vt 0.2625 0.775
vt 0.2625 0.975
vt 0.3625 0.975
vt 0.3625 0.775
vt 0.2625 0.775
vt 0.3625 0.975
vt 0.2625 0.775
vt 0.2625 0.975
vt 0.3625 0.975
vt 0.3625 0.775
vt 0.2625 0.775
vt 0.3625 0.975
vt 0.2625 0.775
vt 0.2625 0.975
vt 0.3625 0.975
vt 0.3625 0.775
vt 0.2625 0.775
vt 0.3625 0.975
vt 0.2625 0.775
vt 0.2625 0.975
vt 0.3625 0.975
vt 0.3625 0.775
vt 0.2625 0.775
vt 0.3625 0.975
vt 0.2625 0.775
vt 0.2625 0.975
vt 0.3625 0.775
vt 0.2625 0.975
vt 0.3625 0.975
vt 0.3625 0.775
vt 0.2625 0.775
vt 0.2625 0.975
vt 0.3625 0.775
vt 0.2625 0.975
vt 0.3625 0.975
vt 0.3625 0.775
vt 0.2625 0.775
vt 0.2625 0.975
vt 0.3625 0.775
vt 0.2625 0.975
vt 0.3625 0.975
vt 0.3625 0.775
vt 0.2625 0.775
vt 0.2625 0.975
vt 0.3625 0.775
vt 0.2625 0.975
vt 0.3625 0.975
vt 0.3625 0.775
vt 0.2625 0.775
vt 0.2625 0.975
vt 0.3625 0.975
vt 0.3625 0.775
vt 0.2625 0.775
vt 0.3625 0.975
vt 0.2625 0.775
vt 0.2625 0.975
vt 0.3625 0.975
vt 0.3625 0.775
vt 0.2625 0.775
vt 0.3625 0.975
vt 0.2625 0.775
vt 0.2625 0.975
vt 0.3625 0.975
vt 0.3625 0.775
vt 0.2625 0.775
vt 0.3625 0.975
vt 0.2625 0.775
vt 0.2625 0.975
vt 0.3625 0.975
vt 0.3625 0.775
vt 0.2625 0.775
vt 0.3625 0.975
vt 0.2625 0.775
vt 0.2625 0.975
vt 0.3625 0.775
vt 0.2625 0.975
vt 0.3625 0.975
vt 0.3625 0.775
vt 0.2625 0.775
vt 0.2625 0.975
vt 0.3625 0.775
vt 0.2625 0.975
vt 0.3625 0.975
vt 0.3625 0.775
vt 0.2625 0.775
vt 0.2625 0.975
vt 0.3625 0.775
vt 0.2625 0.975
vt 0.3625 0.975
vt 0.3625 0.775
vt 0.2625 0.775
vt 0.2625 0.975
vt 0.3625 0.775
vt 0.2625 0.975
vt 0.3625 0.975
vt 0.3625 0.775
vt 0.0125 0.525
vt 0.0125 0.725
vt 0.0625 0.725
vt 0.0625 0.525
vt 0.0125 0.525
vt 0.0625 0.725
vt 0.0625 0.525
vt 0.0625 0.725
vt 0.1125 0.725
vt 0.1125 0.525
vt 0.0625 0.525
vt 0.1125 0.725
vt 0.0125 0.525
vt 0.0125 0.725
vt 0.0625 0.725
vt 0.0625 0.525
vt 0.0125 0.525
vt 0.0625 0.725
vt 0.0625 0.525
vt 0.0625 0.725
vt 0.1125 0.725
vt 0.1125 0.525
vt 0.0625 0.525
vt 0.1125 0.725
vt 0.0125 0.525
vt 0.0125 0.725
vt 0.0625 0.525
vt 0.0125 0.725
vt 0.0625 0.725
vt 0.0625 0.525
vt 0.0625 0.525
vt 0.0625 0.725
vt 0.1125 0.525
vt 0.0625 0.725
vt 0.1125 0.725
vt 0.1125 0.525
vt 0.0125 0.525
vt 0.0125 0.725
vt 0.0625 0.525
vt 0.0125 0.725
vt 0.0625 0.725
vt 0.0625 0.525
vt 0.0625 0.525
vt 0.0625 0.725
vt 0.1125 0.525
vt 0.0625 0.725
vt 0.1125 0.725
vt 0.1125 0.525
vt 0.6375 0.525
vt 0.6375 0.725
vt 0.6875 0.725
vt 0.6875 0.525
vt 0.6375 0.525
vt 0.6875 0.725
vt 0.6875 0.525
vt 0.6875 0.725
vt 0.7375 0.725
vt 0.7375 0.525
vt 0.6875 0.525
vt 0.7375 0.725
vt 0.6375 0.525
vt 0.6375 0.725
vt 0.6875 0.725
vt 0.6875 0.525
vt 0.6375 0.525
vt 0.6875 0.725
vt 0.6875 0.525
vt 0.6875 0.725
vt 0.7375 0.725
vt 0.7375 0.525
vt 0.6875 0.525
vt 0.7375 0.725
vt 0.6375 0.525
vt 0.6375 0.725
vt 0.6875 0.525
vt 0.6375 0.725
vt 0.6875 0.725
vt 0.6875 0.525
vt 0.6875 0.525
vt 0.6875 0.725
vt 0.7375 0.525
vt 0.6875 0.725
vt 0.7375 0.725
vt 0.7375 0.525
vt 0.6375 0.525
vt 0.6375 0.725
vt 0.6875 0.525
vt 0.6375 0.725
vt 0.6875 0.725
vt 0.6875 0.525
vt 0.6875 0.525
vt 0.6875 0.725
vt 0.7375 0.525
vt 0.6875 0.725
vt 0.7375 0.725
vt 0.7375 0.525
vt 0.1375 0.275
vt 0.1375 0.475
vt 0.2375 0.475
vt 0.2375 0.275
vt 0.1375 0.275
vt 0.2375 0.475
vt 0.1375 0.275
vt 0.1375 0.475
vt 0.2375 0.475
vt 0.2375 0.275
vt 0.1375 0.275
vt 0.2375 0.475
vt 0.1375 0.275
vt 0.1375 0.475
vt 0.2375 0.475
vt 0.2375 0.275
vt 0.1375 0.275
vt 0.2375 0.475
vt 0.1375 0.275
vt 0.1375 0.475
vt 0.2375 0.475
vt 0.2375 0.275
vt 0.1375 0.275
vt 0.2375 0.475
vt 0.1375 0.275
vt 0.1375 0.475
vt 0.2375 0.275
vt 0.1375 0.475
vt 0.2375 0.475
vt 0.2375 0.275
vt 0.1375 0.275
vt 0.1375 0.475
vt 0.2375 0.275
vt 0.1375 0.475
vt 0.2375 0.475
vt 0.2375 0.275
vt 0.1375 0.275
vt 0.1375 0.475
vt 0.2375 0.275
vt 0.1375 0.475
vt 0.2375 0.475
vt 0.2375 0.275
vt 0.1375 0.275
vt 0.1375 0.475
vt 0.2375 0.275
vt 0.1375 0.475
vt 0.2375 0.475
vt 0.2375 0.275
vt 0.1875 0.775
vt 0.1875 0.975
vt 0.2125 0.975
vt 0.2125 0.775
vt 0.1875 0.775
vt 0.2125 0.975
vt 0.2125 0.775
vt 0.2125 0.975
vt 0.2375 0.975
vt 0.2375 0.775
vt 0.2125 0.775
vt 0.2375 0.975
vt 0.1375 0.775
vt 0.1375 0.975
vt 0.1625 0.975
vt 0.1625 0.775
vt 0.1375 0.775
vt 0.1625 0.975
vt 0.1625 0.775
vt 0.1625 0.975
vt 0.1875 0.975
vt 0.1875 0.775
vt 0.1625 0.775
vt 0.1875 0.975
vt 0.1875 0.775
vt 0.1875 0.975
vt 0.2125 0.775
vt 0.1875 0.975
vt 0.2125 0.975
vt 0.2125 0.775
vt 0.2125 0.775
vt 0.2125 0.975
vt 0.2375 0.775
vt 0.2125 0.975
vt 0.2375 0.975
vt 0.2375 0.775
vt 0.1375 0.775
vt 0.1375 0.975
vt 0.1625 0.775
vt 0.1375 0.975
vt 0.1625 0.975
vt 0.1625 0.775
vt 0.1625 0.775
vt 0.1625 0.975
vt 0.1875 0.775
vt 0.1625 0.975
vt 0.1875 0.975
vt 0.1875 0.775
vt 0.2625 0.775
vt 0.2625 0.975
vt 0.3625 0.975
vt 0.3625 0.775
vt 0.2625 0.775
vt 0.3625 0.975
vt 0.2625 0.775
vt 0.2625 0.975
vt 0.3625 0.975
vt 0.3625 0.775
vt 0.2625 0.775
vt 0.3625 0.975
vt 0.2625 0.775
vt 0.2625 0.975
vt 0.3625 0.975
vt 0.3625 0.775
vt 0.2625 0.775
vt 0.3625 0.975
vt 0.2625 0.775
vt 0.2625 0.975
vt 0.3625 0.975
vt 0.3625 0.775
vt 0.2625 0.775
vt 0.3625 0.975
vt 0.2625 0.775
vt 0.2625 0.975
vt 0.3625 0.775
vt 0.2625 0.975
vt 0.3625 0.975
vt 0.3625 0.775
vt 0.2625 0.775
vt 0.2625 0.975
vt 0.3625 0.775
vt 0.2625 0.975
vt 0.3625 0.975
vt 0.3625 0.775
vt 0.2625 0.775
vt 0.2625 0.975
vt 0.3625 0.775
vt 0.2625 0.975
vt 0.3625 0.975
vt 0.3625 0.775
vt 0.2625 0.775
vt 0.2625 0.975
vt 0.3625 0.775
vt 0.2625 0.975
vt 0.3625 0.975
vt 0.3625 0.775
vt 0.2625 0.775
vt 0.2625 0.975
vt 0.3625 0.975
vt 0.3625 0.775
vt 0.2625 0.775
vt 0.3625 0.975
vt 0.2625 0.775
vt 0.2625 0.975
vt 0.3625 0.975
vt 0.3625 0.775
vt 0.2625 0.775
vt 0.3625 0.975
vt 0.2625 0.775
vt 0.2625 0.975
vt 0.3625 0.975
vt 0.3625 0.775
vt 0.2625 0.775
vt 0.3625 0.975
vt 0.2625 0.775
vt 0.2625 0.975
vt 0.3625 0.975
vt 0.3625 0.775
vt 0.2625 0.775
vt 0.3625 0.975
vt 0.2625 0.775
vt 0.2625 0.975
vt 0.3625 0.775
vt 0.2625 0.975
vt 0.3625 0.975
vt 0.3625 0.775
vt 0.2625 0.775
vt 0.2625 0.975
vt 0.3625 0.775
vt 0.2625 0.975
vt 0.3625 0.975
vt 0.3625 0.775
vt 0.2625 0.775
vt 0.2625 0.975
vt 0.3625 0.775
vt 0.2625 0.975
vt 0.3625 0.975
vt 0.3625 0.775
vt 0.2625 0.775
vt 0.2625 0.975
vt 0.3625 0.775
vt 0.2625 0.975
vt 0.3625 0.975
vt 0.3625 0.775
vt 0.0625 0.525
vt 0.0625 0.725
vt 0.0875 0.725
vt 0.0875 0.525
vt 0.0625 0.525
vt 0.0875 0.725
vt 0.0875 0.525
vt 0.0875 0.725
vt 0.1125 0.725
vt 0.1125 0.525
vt 0.0875 0.525
vt 0.1125 0.725
vt 0.0125 0.525
vt 0.0125 0.725
vt 0.0375 0.725
vt 0.0375 0.525
vt 0.0125 0.525
vt 0.0375 0.725
vt 0.0375 0.525
vt 0.0375 0.725
vt 0.0625 0.725
vt 0.0625 0.525
vt 0.0375 0.525
vt 0.0625 0.725
vt 0.0625 0.525
vt 0.0625 0.725
vt 0.0875 0.525
vt 0.0625 0.725
vt 0.0875 0.725
vt 0.0875 0.525
vt 0.0875 0.525
vt 0.0875 0.725
vt 0.1125 0.525
vt 0.0875 0.725
vt 0.1125 0.725
vt 0.1125 0.525
vt 0.0125 0.525
vt 0.0125 0.725
vt 0.0375 0.525
vt 0.0125 0.725
vt 0.0375 0.725
vt 0.0375 0.525
vt 0.0375 0.525
vt 0.0375 0.725
vt 0.0625 0.525
vt 0.0375 0.725
vt 0.0625 0.725
vt 0.0625 0.525
vt 0.6875 0.525
vt 0.6875 0.725
vt 0.7125 0.725
vt 0.7125 0.525
vt 0.6875 0.525
vt 0.7125 0.725
vt 0.7125 0.525
vt 0.7125 0.725
vt 0.7375 0.725
vt 0.7375 0.525
vt 0.7125 0.525
vt 0.7375 0.725
vt 0.6375 0.525
vt 0.6375 0.725
vt 0.6625 0.725
vt 0.6625 0.525
vt 0.6375 0.525
vt 0.6625 0.725
vt 0.6625 0.525
vt 0.6625 0.725
vt 0.6875 0.725
vt 0.6875 0.525
vt 0.6625 0.525
vt 0.6875 0.725
vt 0.6875 0.525
vt 0.6875 0.725
vt 0.7125 0.525
vt 0.6875 0.725
vt 0.7125 0.725
vt 0.7125 0.525
vt 0.7125 0.525
vt 0.7125 0.725
vt 0.7375 0.525
vt 0.7125 0.725
vt 0.7375 0.725
vt 0.7375 0.525
vt 0.6375 0.525
vt 0.6375 0.725
vt 0.6625 0.525
vt 0.6375 0.725
vt 0.6625 0.725
vt 0.6625 0.525
vt 0.6625 0.525
vt 0.6625 0.725
vt 0.6875 0.525
vt 0.6625 0.725
vt 0.6875 0.725
vt 0.6875 0.525
vt 0.1875 0.275
vt 0.1875 0.475
vt 0.2125 0.475
vt 0.2125 0.275
vt 0.1875 0.275
vt 0.2125 0.475
vt 0.2125 0.275
vt 0.2125 0.475
vt 0.2375 0.475
vt 0.2375 0.275
vt 0.2125 0.275
vt 0.2375 0.475
vt 0.1375 0.275
vt 0.1375 0.475
vt 0.1625 0.475
vt 0.1625 0.275
vt 0.1375 0.275
vt 0.1625 0.475
vt 0.1625 0.275
vt 0.1625 0.475
vt 0.1875 0.475
vt 0.1875 0.275
vt 0.1625 0.275
vt 0.1875 0.475
vt 0.1875 0.275
vt 0.1875 0.475
vt 0.2125 0.275
vt 0.1875 0.475
vt 0.2125 0.475
vt 0.2125 0.275
vt 0.2125 0.275
vt 0.2125 0.475
vt 0.2375 0.275
vt 0.2125 0.475
vt 0.2375 0.475
vt 0.2375 0.275
vt 0.1375 0.275
vt 0.1375 0.475
vt 0.1625 0.275
vt 0.1375 0.475
vt 0.1625 0.475
vt 0.1625 0.275
vt 0.1625 0.275
vt 0.1625 0.475
vt 0.1875 0.275
vt 0.1625 0.475
vt 0.1875 0.475
vt 0.1875 0.275
vt 0.1875 0.775
vt 0.1875 0.975
vt 0.2125 0.975
vt 0.2125 0.775
vt 0.1875 0.775
vt 0.2125 0.975
vt 0.2125 0.775
vt 0.2125 0.975
vt 0.2375 0.975
vt 0.2375 0.775
vt 0.2125 0.775
vt 0.2375 0.975
vt 0.1375 0.775
vt 0.1375 0.975
vt 0.1625 0.975
vt 0.1625 0.775
vt 0.1375 0.775
vt 0.1625 0.975
vt 0.1625 0.775
vt 0.1625 0.975
vt 0.1875 0.975
vt 0.1875 0.775
vt 0.1625 0.775
vt 0.1875 0.975
vt 0.1875 0.775
vt 0.1875 0.975
vt 0.2125 0.775
vt 0.1875 0.975
vt 0.2125 0.975
vt 0.2125 0.775
vt 0.2125 0.775
vt 0.2125 0.975
vt 0.2375 0.775
vt 0.2125 0.975
vt 0.2375 0.975
vt 0.2375 0.775
vt 0.1375 0.775
vt 0.1375 0.975
vt 0.1625 0.775
vt 0.1375 0.975
vt 0.1625 0.975
vt 0.1625 0.775
vt 0.1625 0.775
vt 0.1625 0.975
vt 0.1875 0.775
vt 0.1625 0.975
vt 0.1875 0.975
vt 0.1875 0.775
vt 0.3125 0.775
vt 0.3125 0.975
vt 0.3375 0.975
vt 0.3375 0.775
vt 0.3125 0.775
vt 0.3375 0.975
vt 0.3375 0.775
vt 0.3375 0.975
vt 0.3625 0.975
vt 0.3625 0.775
vt 0.3375 0.775
vt 0.3625 0.975
vt 0.2625 0.775
vt 0.2625 0.975
vt 0.2875 0.975
vt 0.2875 0.775
vt 0.2625 0.775
vt 0.2875 0.975
vt 0.2875 0.775
vt 0.2875 0.975
vt 0.3125 0.975
vt 0.3125 0.775
vt 0.2875 0.775
vt 0.3125 0.975
vt 0.3125 0.775
vt 0.3125 0.975
vt 0.3375 0.775
vt 0.3125 0.975
vt 0.3375 0.975
vt 0.3375 0.775
vt 0.3375 0.775
vt 0.3375 0.975
vt 0.3625 0.775
vt 0.3375 0.975
vt 0.3625 0.975
vt 0.3625 0.775
vt 0.2625 0.775
vt 0.2625 0.975
vt 0.2875 0.775
vt 0.2625 0.975
vt 0.2875 0.975
vt 0.2875 0.775
vt 0.2875 0.775
vt 0.2875 0.975
vt 0.3125 0.775
vt 0.2875 0.975
vt 0.3125 0.975
vt 0.3125 0.775
vt 0.3125 0.775
vt 0.3125 0.975
vt 0.3375 0.975
vt 0.3375 0.775
vt 0.3125 0.775
vt 0.3375 0.975
vt 0.3375 0.775
vt 0.3375 0.975
vt 0.3625 0.975
vt 0.3625 0.775
vt 0.3375 0.775
vt 0.3625 0.975
vt 0.2625 0.775
vt 0.2625 0.975
vt 0.2875 0.975
vt 0.2875 0.775
vt 0.2625 0.775
vt 0.2875 0.975
vt 0.2875 0.775
vt 0.2875 0.975
vt 0.3125 0.975
vt 0.3125 0.775
vt 0.2875 0.775
vt 0.3125 0.975
vt 0.3125 0.775
vt 0.3125 0.975
vt 0.3375 0.775
vt 0.3125 0.975
vt 0.3375 0.975
vt 0.3375 0.775
vt 0.3375 0.775
vt 0.3375 0.975
vt 0.3625 0.775
vt 0.3375 0.975
vt 0.3625 0.975
vt 0.3625 0.775
vt 0.2625 0.775
vt 0.2625 0.975
vt 0.2875 0.775
vt 0.2625 0.975
vt 0.2875 0.975
vt 0.2875 0.775
vt 0.2875 0.775
vt 0.2875 0.975
vt 0.3125 0.775
vt 0.2875 0.975
vt 0.3125 0.975
vt 0.3125 0.775
vt 0.0125 0.525
vt 0.0125 0.725
vt 0.0625 0.725
vt 0.0625 0.525
vt 0.0125 0.525
vt 0.0625 0.725
vt 0.0625 0.525
vt 0.0625 0.725
vt 0.1125 0.725
vt 0.1125 0.525
vt 0.0625 0.525
vt 0.1125 0.725
vt 0.0125 0.525
vt 0.0125 0.725
vt 0.0625 0.725
vt 0.0625 0.525
vt 0.0125 0.525
vt 0.0625 0.725
vt 0.0625 0.525
vt 0.0625 0.725
vt 0.1125 0.725
vt 0.1125 0.525
vt 0.0625 0.525
vt 0.1125 0.725
vt 0.0125 0.525
vt 0.0125 0.725
vt 0.0625 0.525
vt 0.0125 0.725
vt 0.0625 0.725
vt 0.0625 0.525
vt 0.0625 0.525
vt 0.0625 0.725
vt 0.1125 0.525
vt 0.0625 0.725
vt 0.1125 0.725
vt 0.1125 0.525
vt 0.0125 0.525
vt 0.0125 0.725
vt 0.0625 0.525
vt 0.0125 0.725
vt 0.0625 0.725
vt 0.0625 0.525
vt 0.0625 0.525
vt 0.0625 0.725
vt 0.1125 0.525
vt 0.0625 0.725
vt 0.1125 0.725
vt 0.1125 0.525
vt 0.6875 0.525
vt 0.6875 0.725
vt 0.7125 0.725
vt 0.7125 0.525
vt 0.6875 0.525
vt 0.7125 0.725
vt 0.7125 0.525
vt 0.7125 0.725
vt 0.7375 0.725
vt 0.7375 0.525
vt 0.7125 0.525
vt 0.7375 0.725
vt 0.6375 0.525
vt 0.6375 0.725
vt 0.6625 0.725
vt 0.6625 0.525
vt 0.6375 0.525
vt 0.6625 0.725
vt 0.6625 0.525
vt 0.6625 0.725
vt 0.6875 0.725
vt 0.6875 0.525
vt 0.6625 0.525
vt 0.6875 0.725
vt 0.6875 0.525
vt 0.6875 0.725
vt 0.7125 0.525
vt 0.6875 0.725
vt 0.7125 0.725
vt 0.7125 0.525
vt 0.7125 0.525
vt 0.7125 0.725
vt 0.7375 0.525
vt 0.7125 0.725
vt 0.7375 0.725
vt 0.7375 0.525
vt 0.6375 0.525
vt 0.6375 0.725
vt 0.6625 0.525
vt 0.6375 0.725
vt 0.6625 0.725
vt 0.6625 0.525
vt 0.6625 0.525
vt 0.6625 0.725
vt 0.6875 0.525
vt 0.6625 0.725
vt 0.6875 0.725
vt 0.6875 0.525
vt 0.1875 0.275
vt 0.1875 0.475
vt 0.2125 0.475
vt 0.2125 0.275
vt 0.1875 0.275
vt 0.2125 0.475
vt 0.2125 0.275
vt 0.2125 0.475
vt 0.2375 0.475
vt 0.2375 0.275
vt 0.2125 0.275
vt 0.2375 0.475
vt 0.1375 0.275
vt 0.1375 0.475
vt 0.1625 0.475
vt 0.1625 0.275
vt 0.1375 0.275
vt 0.1625 0.475
vt 0.1625 0.275
vt 0.1625 0.475
vt 0.1875 0.475
vt 0.1875 0.275
vt 0.1625 0.275
vt 0.1875 0.475
vt 0.1875 0.275
vt 0.1875 0.475
vt 0.2125 0.275
vt 0.1875 0.475
vt 0.2125 0.475
vt 0.2125 0.275
vt 0.2125 0.275
vt 0.2125 0.475
vt 0.2375 0.275
vt 0.2125 0.475
vt 0.2375 0.475
vt 0.2375 0.275
vt 0.1375 0.275
vt 0.1375 0.475
vt 0.1625 0.275
vt 0.1375 0.475
vt 0.1625 0.475
vt 0.1625 0.275
vt 0.1625 0.275
vt 0.1625 0.475
vt 0.1875 0.275
vt 0.1625 0.475
vt 0.1875 0.475
vt 0.1875 0.275
vt 0.1875 0.775
vt 0.1875 0.975
vt 0.2125 0.975
vt 0.2125 0.775
vt 0.1875 0.775
vt 0.2125 0.975
vt 0.2125 0.775
vt 0.2125 0.975
vt 0.2375 0.975
vt 0.2375 0.775
vt 0.2125 0.775
vt 0.2375 0.975
vt 0.1375 0.775
vt 0.1375 0.975
vt 0.1625 0.975
vt 0.1625 0.775
vt 0.1375 0.775
vt 0.1625 0.975
vt 0.1625 0.775
vt 0.1625 0.975
vt 0.1875 0.975
vt 0.1875 0.775
vt 0.1625 0.775
vt 0.1875 0.975
vt 0.1875 0.775
vt 0.1875 0.975
vt 0.2125 0.775
vt 0.1875 0.975
vt 0.2125 0.975
vt 0.2125 0.775
vt 0.2125 0.775
vt 0.2125 0.975
vt 0.2375 0.775
vt 0.2125 0.975
vt 0.2375 0.975
vt 0.2375 0.775
vt 0.1375 0.775
vt 0.1375 0.975
vt 0.1625 0.775
vt 0.1375 0.975
vt 0.1625 0.975
vt 0.1625 0.775
vt 0.1625 0.775
vt 0.1625 0.975
vt 0.1875 0.775
vt 0.1625 0.975
vt 0.1875 0.975
vt 0.1875 0.775
vt 0.3125 0.775
vt 0.3125 0.975
vt 0.3375 0.975
vt 0.3375 0.775
vt 0.3125 0.775
vt 0.3375 0.975
vt 0.3375 0.775
vt 0.3375 0.975
vt 0.3625 0.975
vt 0.3625 0.775
vt 0.3375 0.775
vt 0.3625 0.975
vt 0.2625 0.775
vt 0.2625 0.975
vt 0.2875 0.975
vt 0.2875 0.775
vt 0.2625 0.775
vt 0.2875 0.975
vt 0.2875 0.775
vt 0.2875 0.975
vt 0.3125 0.975
vt 0.3125 0.775
vt 0.2875 0.775
vt 0.3125 0.975
vt 0.3125 0.775
vt 0.3125 0.975
vt 0.3375 0.775
vt 0.3125 0.975
vt 0.3375 0.975
vt 0.3375 0.775
vt 0.3375 0.775
vt 0.3375 0.975
vt 0.3625 0.775
vt 0.3375 0.975
vt 0.3625 0.975
vt 0.3625 0.775
vt 0.2625 0.775
vt 0.2625 0.975
vt 0.2875 0.775
vt 0.2625 0.975
vt 0.2875 0.975
vt 0.2875 0.775
vt 0.2875 0.775
vt 0.2875 0.975
vt 0.3125 0.775
vt 0.2875 0.975
vt 0.3125 0.975
vt 0.3125 0.775
vt 0.3125 0.775
vt 0.3125 0.975
vt 0.3375 0.975
vt 0.3375 0.775
vt 0.3125 0.775
vt 0.3375 0.975
vt 0.3375 0.775
vt 0.3375 0.975
vt 0.3625 0.975
vt 0.3625 0.775
vt 0.3375 0.775
vt 0.3625 0.975
vt 0.2625 0.775
vt 0.2625 0.975
vt 0.2875 0.975
vt 0.2875 0.775
vt 0.2625 0.775
vt 0.2875 0.975
vt 0.2875 0.775
vt 0.2875 0.975
vt 0.3125 0.975
vt 0.3125 0.775
vt 0.2875 0.775
vt 0.3125 0.975
vt 0.3125 0.775
vt 0.3125 0.975
vt 0.3375 0.775
vt 0.3125 0.975
vt 0.3375 0.975
vt 0.3375 0.775
vt 0.3375 0.775
vt 0.3375 0.975
vt 0.3625 0.775
vt 0.3375 0.975
vt 0.3625 0.975
vt 0.3625 0.775
vt 0.2625 0.775
vt 0.2625 0.975
vt 0.2875 0.775
vt 0.2625 0.975
vt 0.2875 0.975
vt 0.2875 0.775
vt 0.2875 0.775
vt 0.2875 0.975
vt 0.3125 0.775
vt 0.2875 0.975
vt 0.3125 0.975
vt 0.3125 0.775
vt 0.0625 0.525
vt 0.0625 0.725
vt 0.0875 0.725
vt 0.0875 0.525
vt 0.0625 0.525
vt 0.0875 0.725
vt 0.0875 0.525
vt 0.0875 0.725
vt 0.1125 0.725
vt 0.1125 0.525
vt 0.0875 0.525
vt 0.1125 0.725
vt 0.0125 0.525
vt 0.0125 0.725
vt 0.0375 0.725
vt 0.0375 0.525
vt 0.0125 0.525
vt 0.0375 0.725
vt 0.0375 0.525
vt 0.0375 0.725
vt 0.0625 0.725
vt 0.0625 0.525
vt 0.0375 0.525
vt 0.0625 0.725
vt 0.0625 0.525
vt 0.0625 0.725
vt 0.0875 0.525
vt 0.0625 0.725
vt 0.0875 0.725
vt 0.0875 0.525
vt 0.0875 0.525
vt 0.0875 0.725
vt 0.1125 0.525
vt 0.0875 0.725
vt 0.1125 0.725
vt 0.1125 0.525
vt 0.0125 0.525
vt 0.0125 0.725
vt 0.0375 0.525
vt 0.0125 0.725
vt 0.0375 0.725
vt 0.0375 0.525
vt 0.0375 0.525
vt 0.0375 0.725
vt 0.0625 0.525
vt 0.0375 0.725
vt 0.0625 0.725
vt 0.0625 0.525
vt 0.6375 0.525
vt 0.6375 0.725
vt 0.6875 0.725
vt 0.6875 0.525
vt 0.6375 0.525
vt 0.6875 0.725
vt 0.6875 0.525
vt 0.6875 0.725
vt 0.7375 0.725
vt 0.7375 0.525
vt 0.6875 0.525
vt 0.7375 0.725
vt 0.6375 0.525
vt 0.6375 0.725
vt 0.6875 0.725
vt 0.6875 0.525
vt 0.6375 0.525
vt 0.6875 0.725
vt 0.6875 0.525
vt 0.6875 0.725
vt 0.7375 0.725
vt 0.7375 0.525
vt 0.6875 0.525
vt 0.7375 0.725
vt 0.6375 0.525
vt 0.6375 0.725
vt 0.6875 0.525
vt 0.6375 0.725
vt 0.6875 0.725
vt 0.6875 0.525
vt 0.6875 0.525
vt 0.6875 0.725
vt 0.7375 0.525
vt 0.6875 0.725
vt 0.7375 0.725
vt 0.7375 0.525
vt 0.6375 0.525
vt 0.6375 0.725
vt 0.6875 0.525
vt 0.6375 0.725
vt 0.6875 0.725
vt 0.6875 0.525
vt 0.6875 0.525
vt 0.6875 0.725
vt 0.7375 0.525
vt 0.6875 0.725
vt 0.7375 0.725
vt 0.7375 0.525
vt 0.1375 0.275
vt 0.1375 0.475
vt 0.2375 0.475
vt 0.2375 0.275
vt 0.1375 0.275
vt 0.2375 0.475
vt 0.1375 0.275
vt 0.1375 0.475
vt 0.2375 0.475
vt 0.2375 0.275
vt 0.1375 0.275
vt 0.2375 0.475
vt 0.1375 0.275
vt 0.1375 0.475
vt 0.2375 0.475
vt 0.2375 0.275
vt 0.1375 0.275
vt 0.2375 0.475
vt 0.1375 0.275
vt 0.1375 0.475
vt 0.2375 0.475
vt 0.2375 0.275
vt 0.1375 0.275
vt 0.2375 0.475
vt 0.1375 0.275
vt 0.1375 0.475
vt 0.2375 0.275
vt 0.1375 0.475
vt 0.2375 0.475
vt 0.2375 0.275
vt 0.1375 0.275
vt 0.1375 0.475
vt 0.2375 0.275
vt 0.1375 0.475
vt 0.2375 0.475
vt 0.2375 0.275
vt 0.1375 0.275
vt 0.1375 0.475
vt 0.2375 0.275
vt 0.1375 0.475
vt 0.2375 0.475
vt 0.2375 0.275
vt 0.1375 0.275
vt 0.1375 0.475
vt 0.2375 0.275
vt 0.1375 0.475
vt 0.2375 0.475
vt 0.2375 0.275
vt 0.87625 0.025
vt 0.87625 0.125
vt 0.87625 0.025
vt 0.87625 0.025
vt 0.87625 0.125
vt 0.87625 0.225
vt 0.87625 0.125
vt 0.87625 0.225
vt 0.87625 0.225
vt 0.87625 0.025
vt 0.87625 0.025
vt 0.87625 0.125
vt 0.87625 0.025
vt 0.87625 0.225
vt 0.87625 0.125
vt 0.87625 0.125
vt 0.87625 0.225
vt 0.87625 0.225
vt 0.87625 0.125
vt 0.87625 0.025
vt 0.87625 0.025
vt 0.87625 0.125
vt 0.87625 0.025
vt 0.87625 0.225
vt 0.87625 0.225
vt 0.87625 0.125
vt 0.87625 0.225
vt 0.87625 0.125
vt 0.87625 0.025
vt 0.87625 0.025
vt 0.87625 0.125
vt 0.87625 0.225
vt 0.87625 0.025
vt 0.87625 0.225
vt 0.87625 0.225
vt 0.87625 0.125

f 9/1 1/2 2/3
f 10/4 9/5 2/6
f 10/7 2/8 3/9
f 11/10 10/11 3/12
f 11/13 3/14 4/15
f 12/16 11/17 4/18
f 12/19 4/20 5/21
f 13/22 12/23 5/24
f 13/25 5/26 14/27
f 5/28 6/29 14/30
f 14/31 6/32 15/33
f 6/34 7/35 15/36
f 15/37 7/38 16/39
f 7/40 8/41 16/42
f 16/43 8/44 9/45
f 8/46 1/47 9/48
f 17/49 9/50 10/51
f 18/52 17/53 10/54
f 18/55 10/56 11/57
f 19/58 18/59 11/60
f 19/61 11/62 12/63
f 20/64 19/65 12/66
f 20/67 12/68 13/69
f 21/70 20/71 13/72
f 21/73 13/74 22/75
f 13/76 14/77 22/78
f 22/79 14/80 23/81
f 14/82 15/83 23/84
f 23/85 15/86 24/87
f 15/88 16/89 24/90
f 24/91 16/92 17/93
f 16/94 9/95 17/96
f 25/97 17/98 18/99
f 26/100 25/101 18/102
f 26/103 18/104 19/105
f 27/106 26/107 19/108
f 27/109 19/110 20/111
f 28/112 27/113 20/114
f 28/115 20/116 21/117
f 29/118 28/119 21/120
f 29/121 21/122 30/123
f 21/124 22/125 30/126
f 30/127 22/128 31/129
f 22/130 23/131 31/132
f 31/133 23/134 32/135
f 23/136 24/137 32/138
f 32/139 24/140 25/141
f 24/142 17/143 25/144
f 33/145 25/146 26/147
f 34/148 33/149 26/150
f 34/151 26/152 27/153
f 35/154 34/155 27/156
f 35/157 27/158 28/159
f 36/160 35/161 28/162
f 36/163 28/164 29/165
f 37/166 36/167 29/168
f 37/169 29/170 38/171
f 29/172 30/173 38/174
f 38/175 30/176 39/177
f 30/178 31/179 39/180
f 39/181 31/182 40/183
f 31/184 32/185 40/186
f 40/187 32/188 33/189
f 32/190 25/191 33/192
f 41/193 33/194 34/195
f 42/196 41/197 34/198
f 42/199 34/200 35/201
f 43/202 42/203 35/204
f 43/205 35/206 36/207
f 44/208 43/209 36/210
f 44/211 36/212 37/213
f 45/214 44/215 37/216
f 45/217 37/218 46/219
f 37/220 38/221 46/222
f 46/223 38/224 47/225
f 38/226 39/227 47/228
f 47/229 39/230 48/231
f 39/232 40/233 48/234
f 48/235 40/236 41/237
f 40/238 33/239 41/240
f 49/241 41/242 42/243
f 50/244 49/245 42/246
f 50/247 42/248 43/249
f 51/250 50/251 43/252
f 51/253 43/254 44/255
f 52/256 51/257 44/258
f 52/259 44/260 45/261
f 53/262 52/263 45/264
f 53/265 45/266 54/267
f 45/268 46/269 54/270
f 54/271 46/272 55/273
f 46/274 47/275 55/276
f 55/277 47/278 56/279
f 47/280 48/281 56/282
f 56/283 48/284 49/285
f 48/286 41/287 49/288
f 57/289 49/290 50/291
f 58/292 57/293 50/294
f 58/295 50/296 51/297
f 59/298 58/299 51/300
f 59/301 51/302 52/303
f 60/304 59/305 52/306
f 60/307 52/308 53/309
f 61/310 60/311 53/312
f 61/313 53/314 62/315
f 53/316 54/317 62/318
f 62/319 54/320 63/321
f 54/322 55/323 63/324
f 63/325 55/326 64/327
f 55/328 56/329 64/330
f 64/331 56/332 57/333
f 56/334 49/335 57/336
f 65/337 57/338 58/339
f 66/340 65/341 58/342
f 66/343 58/344 59/345
f 67/346 66/347 59/348
f 67/349 59/350 60/351
f 68/352 67/353 60/354
f 68/355 60/356 61/357
f 69/358 68/359 61/360
f 69/361 61/362 70/363
f 61/364 62/365 70/366
f 70/367 62/368 71/369
f 62/370 63/371 71/372
f 71/373 63/374 72/375
f 63/376 64/377 72/378
f 72/379 64/380 65/381
f 64/382 57/383 65/384
f 73/385 65/386 66/387
f 74/388 73/389 66/390
f 74/391 66/392 67/393
f 75/394 74/395 67/396
f 75/397 67/398 68/399
f 76/400 75/401 68/402
f 76/403 68/404 69/405
f 77/406 76/407 69/408
f 77/409 69/410 78/411
f 69/412 70/413 78/414
f 78/415 70/416 79/417
f 70/418 71/419 79/420
f 79/421 71/422 80/423
f 71/424 72/425 80/426
f 80/427 72/428 73/429
f 72/430 65/431 73/432
f 81/433 73/434 74/435
f 82/436 81/437 74/438
f 82/439 74/440 75/441
f 83/442 82/443 75/444
f 83/445 75/446 76/447
f 84/448 83/449 76/450
f 84/451 76/452 77/453
f 85/454 84/455 77/456
f 85/457 77/458 86/459
f 77/460 78/461 86/462
f 86/463 78/464 87/465
f 78/466 79/467 87/468
f 87/469 79/470 88/471
f 79/472 80/473 88/474
f 88/475 80/476 81/477
f 80/478 73/479 81/480
f 89/481 81/482 82/483
f 90/484 89/485 82/486
f 90/487 82/488 83/489
f 91/490 90/491 83/492
f 91/493 83/494 84/495
f 92/496 91/497 84/498
f 92/499 84/500 85/501
f 93/502 92/503 85/504
f 93/505 85/506 94/507
f 85/508 86/509 94/510
f 94/511 86/512 95/513
f 86/514 87/515 95/516
f 95/517 87/518 96/519
f 87/520 88/521 96/522
f 96/523 88/524 89/525
f 88/526 81/527 89/528
f 97/529 89/530 90/531
f 98/532 97/533 90/534
f 98/535 90/536 91/537
f 99/538 98/539 91/540
f 99/541 91/542 92/543
f 100/544 99/545 92/546
f 100/547 92/548 93/549
f 101/550 100/551 93/552
f 101/553 93/554 102/555
f 93/556 94/557 102/558
f 102/559 94/560 103/561
f 94/562 95/563 103/564
f 103/565 95/566 104/567
f 95/568 96/569 104/570
f 104/571 96/572 97/573
f 96/574 89/575 97/576
f 105/577 97/578 98/579
f 106/580 105/581 98/582
f 106/583 98/584 99/585
f 107/586 106/587 99/588
f 107/589 99/590 100/591
f 108/592 107/593 100/594
f 108/595 100/596 101/597
f 109/598 108/599 101/600
f 109/601 101/602 110/603
f 101/604 102/605 110/606
f 110/607 102/608 111/609
f 102/610 103/611 111/612
f 111/613 103/614 112/615
f 103/616 104/617 112/618
f 112/619 104/620 105/621
f 104/622 97/623 105/624
f 113/625 105/626 106/627
f 114/628 113/629 106/630
f 114/631 106/632 107/633
f 115/634 114/635 107/636
f 115/637 107/638 108/639
f 116/640 115/641 108/642
f 116/643 108/644 109/645
f 117/646 116/647 109/648
f 117/649 109/650 118/651
f 109/652 110/653 118/654
f 118/655 110/656 119/657
f 110/658 111/659 119/660
f 119/661 111/662 120/663
f 111/664 112/665 120/666
f 120/667 112/668 113/669
f 112/670 105/671 113/672
f 121/673 113/674 114/675
f 122/676 121/677 114/678
f 122/679 114/680 115/681
f 123/682 122/683 115/684
f 123/685 115/686 116/687
f 124/688 123/689 116/690
f 124/691 116/692 117/693
f 125/694 124/695 117/696
f 125/697 117/698 126/699
f 117/700 118/701 126/702
f 126/703 118/704 127/705
f 118/706 119/707 127/708
f 127/709 119/710 128/711
f 119/712 120/713 128/714
f 128/715 120/716 121/717
f 120/718 113/719 121/720
f 137/721 129/722 130/723
f 138/724 137/725 130/726
f 138/727 130/728 131/729
f 139/730 138/731 131/732
f 139/733 131/734 132/735
f 140/736 139/737 132/738
f 140/739 132/740 133/741
f 141/742 140/743 133/744
f 141/745 133/746 142/747
f 133/748 134/749 142/750
f 142/751 134/752 143/753
f 134/754 135/755 143/756
f 143/757 135/758 144/759
f 135/760 136/761 144/762
f 144/763 136/764 137/765
f 136/766 129/767 137/768
f 145/769 137/770 138/771
f 146/772 145/773 138/774
f 146/775 138/776 139/777
f 147/778 146/779 139/780
f 147/781 139/782 140/783
f 148/784 147/785 140/786
f 148/787 140/788 141/789
f 149/790 148/791 141/792
f 149/793 141/794 150/795
f 141/796 142/797 150/798
f 150/799 142/800 151/801
f 142/802 143/803 151/804
f 151/805 143/806 152/807
f 143/808 144/809 152/810
f 152/811 144/812 145/813
f 144/814 137/815 145/816
f 153/817 145/818 146/819
f 154/820 153/821 146/822
f 154/823 146/824 147/825
f 155/826 154/827 147/828
f 155/829 147/830 148/831
f 156/832 155/833 148/834
f 156/835 148/836 149/837
f 157/838 156/839 149/840
f 157/841 149/842 158/843
f 149/844 150/845 158/846
f 158/847 150/848 159/849
f 150/850 151/851 159/852
f 159/853 151/854 160/855
f 151/856 152/857 160/858
f 160/859 152/860 153/861
f 152/862 145/863 153/864
f 161/865 153/866 154/867
f 162/868 161/869 154/870
f 162/871 154/872 155/873
f 163/874 162/875 155/876
f 163/877 155/878 156/879
f 164/880 163/881 156/882
f 164/883 156/884 157/885
f 165/886 164/887 157/888
f 165/889 157/890 166/891
f 157/892 158/893 166/894
f 166/895 158/896 167/897
f 158/898 159/899 167/900
f 167/901 159/902 168/903
f 159/904 160/905 168/906
f 168/907 160/908 161/909
f 160/910 153/911 161/912
f 169/913 161/914 162/915
f 170/916 169/917 162/918
f 170/919 162/920 163/921
f 171/922 170/923 163/924
f 171/925 163/926 164/927
f 172/928 171/929 164/930
f 172/931 164/932 165/933
f 173/934 172/935 165/936
f 173/937 165/938 174/939
f 165/940 166/941 174/942
f 174/943 166/944 175/945
f 166/946 167/947 175/948
f 175/949 167/950 176/951
f 167/952 168/953 176/954
f 176/955 168/956 169/957
f 168/958 161/959 169/960
f 177/961 169/962 170/963
f 178/964 177/965 170/966
f 178/967 170/968 171/969
f 179/970 178/971 171/972
f 179/973 171/974 172/975
f 180/976 179/977 172/978
f 180/979 172/980 173/981
f 181/982 180/983 173/984
f 181/985 173/986 182/987
f 173/988 174/989 182/990
f 182/991 174/992 183/993
f 174/994 175/995 183/996
f 183/997 175/998 184/999
f 175/1000 176/1001 184/1002
f 184/1003 176/1004 177/1005
f 176/1006 169/1007 177/1008
f 185/1009 177/1010 178/1011
f 186/1012 185/1013 178/1014
f 186/1015 178/1016 179/1017
f 187/1018 186/1019 179/1020
f 187/1021 179/1022 180/1023
f 188/1024 187/1025 180/1026
f 188/1027 180/1028 181/1029
f 189/1030 188/1031 181/1032
f 189/1033 181/1034 190/1035
f 181/1036 182/1037 190/1038
f 190/1039 182/1040 191/1041
f 182/1042 183/1043 191/1044
f 191/1045 183/1046 192/1047
f 183/1048 184/1049 192/1050
f 192/1051 184/1052 185/1053
f 184/1054 177/1055 185/1056
f 193/1057 185/1058 186/1059
f 194/1060 193/1061 186/1062
f 194/1063 186/1064 187/1065
f 195/1066 194/1067 187/1068
f 195/1069 187/1070 188/1071
f 196/1072 195/1073 188/1074
f 196/1075 188/1076 189/1077
f 197/1078 196/1079 189/1080
f 197/1081 189/1082 198/1083
f 189/1084 190/1085 198/1086
f 198/1087 190/1088 199/1089
f 190/1090 191/1091 199/1092
f 199/1093 191/1094 200/1095
f 191/1096 192/1097 200/1098
f 200/1099 192/1100 193/1101
f 192/1102 185/1103 193/1104
f 201/1105 193/1106 194/1107
f 202/1108 201/1109 194/1110
f 202/1111 194/1112 195/1113
f 203/1114 202/1115 195/1116
f 203/1117 195/1118 196/1119
f 204/1120 203/1121 196/1122
f 204/1123 196/1124 197/1125
f 205/1126 204/1127 197/1128
f 205/1129 197/1130 206/1131
f 197/1132 198/1133 206/1134
f 206/1135 198/1136 207/1137
f 198/1138 199/1139 207/1140
f 207/1141 199/1142 208/1143
f 199/1144 200/1145 208/1146
f 208/1147 200/1148 201/1149
f 200/1150 193/1151 201/1152
f 209/1153 201/1154 202/1155
f 210/1156 209/1157 202/1158
f 210/1159 202/1160 203/1161
f 211/1162 210/1163 203/1164
f 211/1165 203/1166 204/1167
f 212/1168 211/1169 204/1170
f 212/1171 204/1172 205/1173
f 213/1174 212/1175 205/1176
f 213/1177 205/1178 214/1179
f 205/1180 206/1181 214/1182
f 214/1183 206/1184 215/1185
f 206/1186 207/1187 215/1188
f 215/1189 207/1190 216/1191
f 207/1192 208/1193 216/1194
f 216/1195 208/1196 209/1197
f 208/1198 201/1199 209/1200
f 217/1201 209/1202 210/1203
f 218/1204 217/1205 210/1206
f 218/1207 210/1208 211/1209
f 219/1210 218/1211 211/1212
f 219/1213 211/1214 212/1215
f 220/1216 219/1217 212/1218
f 220/1219 212/1220 213/1221
f 221/1222 220/1223 213/1224
f 221/1225 213/1226 222/1227
f 213/1228 214/1229 222/1230
f 222/1231 214/1232 223/1233
f 214/1234 215/1235 223/1236
f 223/1237 215/1238 224/1239
f 215/1240 216/1241 224/1242
f 224/1243 216/1244 217/1245
f 216/1246 209/1247 217/1248
f 225/1249 217/1250 218/1251
f 226/1252 225/1253 218/1254
f 226/1255 218/1256 219/1257
f 227/1258 226/1259 219/1260
f 227/1261 219/1262 220/1263
f 228/1264 227/1265 220/1266
f 228/1267 220/1268 221/1269
f 229/1270 228/1271 221/1272
f 229/1273 221/1274 230/1275
f 221/1276 222/1277 230/1278
f 230/1279 222/1280 231/1281
f 222/1282 223/1283 231/1284
f 231/1285 223/1286 232/1287
f 223/1288 224/1289 232/1290
f 232/1291 224/1292 225/1293
f 224/1294 217/1295 225/1296
f 233/1297 225/1298 226/1299
f 234/1300 233/1301 226/1302
f 234/1303 226/1304 227/1305
f 235/1306 234/1307 227/1308
f 235/1309 227/1310 228/1311
f 236/1312 235/1313 228/1314
f 236/1315 228/1316 229/1317
f 237/1318 236/1319 229/1320
f 237/1321 229/1322 238/1323
f 229/1324 230/1325 238/1326
f 238/1327 230/1328 239/1329
f 230/1330 231/1331 239/1332
f 239/1333 231/1334 240/1335
f 231/1336 232/1337 240/1338
f 240/1339 232/1340 233/1341
f 232/1342 225/1343 233/1344
f 241/1345 233/1346 234/1347
f 242/1348 241/1349 234/1350
f 242/1351 234/1352 235/1353
f 243/1354 242/1355 235/1356
f 243/1357 235/1358 236/1359
f 244/1360 243/1361 236/1362
f 244/1363 236/1364 237/1365
f 245/1366 244/1367 237/1368
f 245/1369 237/1370 246/1371
f 237/1372 238/1373 246/1374
f 246/1375 238/1376 247/1377
f 238/1378 239/1379 247/1380
f 247/1381 239/1382 248/1383
f 239/1384 240/1385 248/1386
f 248/1387 240/1388 241/1389
f 240/1390 233/1391 241/1392
f 249/1393 241/1394 242/1395
f 250/1396 249/1397 242/1398
f 250/1399 242/1400 243/1401
f 251/1402 250/1403 243/1404
f 251/1405 243/1406 244/1407
f 252/1408 251/1409 244/1410
f 252/1411 244/1412 245/1413
f 253/1414 252/1415 245/1416
f 253/1417 245/1418 254/1419
f 245/1420 246/1421 254/1422
f 254/1423 246/1424 255/1425
f 246/1426 247/1427 255/1428
f 255/1429 247/1430 256/1431
f 247/1432 248/1433 256/1434
f 256/1435 248/1436 249/1437
f 248/1438 241/1439 249/1440
f 265/1441 257/1442 258/1443
f 266/1444 265/1445 258/1446
f 266/1447 258/1448 259/1449
f 267/1450 266/1451 259/1452
f 267/1453 259/1454 260/1455
f 268/1456 267/1457 260/1458
f 268/1459 260/1460 261/1461
f 269/1462 268/1463 261/1464
f 269/1465 261/1466 270/1467
f 261/1468 262/1469 270/1470
f 270/1471 262/1472 271/1473
f 262/1474 263/1475 271/1476
f 271/1477 263/1478 272/1479
f 263/1480 264/1481 272/1482
f 272/1483 264/1484 265/1485
f 264/1486 257/1487 265/1488
f 273/1489 265/1490 266/1491
f 274/1492 273/1493 266/1494
f 274/1495 266/1496 267/1497
f 275/1498 274/1499 267/1500
f 275/1501 267/1502 268/1503
f 276/1504 275/1505 268/1506
f 276/1507 268/1508 269/1509
f 277/1510 276/1511 269/1512
f 277/1513 269/1514 278/1515
f 269/1516 270/1517 278/1518
f 278/1519 270/1520 279/1521
f 270/1522 271/1523 279/1524
f 279/1525 271/1526 280/1527
f 271/1528 272/1529 280/1530
f 280/1531 272/1532 273/1533
f 272/1534 265/1535 273/1536
f 281/1537 273/1538 274/1539
f 282/1540 281/1541 274/1542
f 282/1543 274/1544 275/1545
f 283/1546 282/1547 275/1548
f 283/1549 275/1550 276/1551
f 284/1552 283/1553 276/1554
f 284/1555 276/1556 277/1557
f 285/1558 284/1559 277/1560
f 285/1561 277/1562 286/1563
f 277/1564 278/1565 286/1566
f 286/1567 278/1568 287/1569
f 278/1570 279/1571 287/1572
f 287/1573 279/1574 288/1575
f 279/1576 280/1577 288/1578
f 288/1579 280/1580 281/1581
f 280/1582 273/1583 281/1584
f 289/1585 281/1586 282/1587
f 290/1588 289/1589 282/1590
f 290/1591 282/1592 283/1593
f 291/1594 290/1595 283/1596
f 291/1597 283/1598 284/1599
f 292/1600 291/1601 284/1602
f 292/1603 284/1604 285/1605
f 293/1606 292/1607 285/1608
f 293/1609 285/1610 294/1611
f 285/1612 286/1613 294/1614
f 294/1615 286/1616 295/1617
f 286/1618 287/1619 295/1620
f 295/1621 287/1622 296/1623
f 287/1624 288/1625 296/1626
f 296/1627 288/1628 289/1629
f 288/1630 281/1631 289/1632
f 297/1633 289/1634 290/1635
f 298/1636 297/1637 290/1638
f 298/1639 290/1640 291/1641
f 299/1642 298/1643 291/1644
f 299/1645 291/1646 292/1647
f 300/1648 299/1649 292/1650
f 300/1651 292/1652 293/1653
f 301/1654 300/1655 293/1656
f 301/1657 293/1658 302/1659
f 293/1660 294/1661 302/1662
f 302/1663 294/1664 303/1665
f 294/1666 295/1667 303/1668
f 303/1669 295/1670 304/1671
f 295/1672 296/1673 304/1674
f 304/1675 296/1676 297/1677
f 296/1678 289/1679 297/1680
f 305/1681 297/1682 298/1683
f 306/1684 305/1685 298/1686
f 306/1687 298/1688 299/1689
f 307/1690 306/1691 299/1692
f 307/1693 299/1694 300/1695
f 308/1696 307/1697 300/1698
f 308/1699 300/1700 301/1701
f 309/1702 308/1703 301/1704
f 309/1705 301/1706 310/1707
f 301/1708 302/1709 310/1710
f 310/1711 302/1712 311/1713
f 302/1714 303/1715 311/1716
f 311/1717 303/1718 312/1719
f 303/1720 304/1721 312/1722
f 312/1723 304/1724 305/1725
f 304/1726 297/1727 305/1728
f 313/1729 305/1730 306/1731
f 314/1732 313/1733 306/1734
f 314/1735 306/1736 307/1737
f 315/1738 314/1739 307/1740
f 315/1741 307/1742 308/1743
f 316/1744 315/1745 308/1746
f 316/1747 308/1748 309/1749
f 317/1750 316/1751 309/1752
f 317/1753 309/1754 318/1755
f 309/1756 310/1757 318/1758
f 318/1759 310/1760 319/1761
f 310/1762 311/1763 319/1764
f 319/1765 311/1766 320/1767
f 311/1768 312/1769 320/1770
f 320/1771 312/1772 313/1773
f 312/1774 305/1775 313/1776
f 321/1777 313/1778 314/1779
f 322/1780 321/1781 314/1782
f 322/1783 314/1784 315/1785
f 323/1786 322/1787 315/1788
f 323/1789 315/1790 316/1791
f 324/1792 323/1793 316/1794
f 324/1795 316/1796 317/1797
f 325/1798 324/1799 317/1800
f 325/1801 317/1802 326/1803
f 317/1804 318/1805 326/1806
f 326/1807 318/1808 327/1809
f 318/1810 319/1811 327/1812
f 327/1813 319/1814 328/1815
f 319/1816 320/1817 328/1818
f 328/1819 320/1820 321/1821
f 320/1822 313/1823 321/1824
f 329/1825 321/1826 322/1827
f 330/1828 329/1829 322/1830
f 330/1831 322/1832 323/1833
f 331/1834 330/1835 323/1836
f 331/1837 323/1838 324/1839
f 332/1840 331/1841 324/1842
f 332/1843 324/1844 325/1845
f 333/1846 332/1847 325/1848
f 333/1849 325/1850 334/1851
f 325/1852 326/1853 334/1854
f 334/1855 326/1856 335/1857
f 326/1858 327/1859 335/1860
f 335/1861 327/1862 336/1863
f 327/1864 328/1865 336/1866
f 336/1867 328/1868 329/1869
f 328/1870 321/1871 329/1872
f 337/1873 329/1874 330/1875
f 338/1876 337/1877 330/1878
f 338/1879 330/1880 331/1881
f 339/1882 338/1883 331/1884
f 339/1885 331/1886 332/1887
f 340/1888 339/1889 332/1890
f 340/1891 332/1892 333/1893
f 341/1894 340/1895 333/1896
f 341/1897 333/1898 342/1899
f 333/1900 334/1901 342/1902
f 342/1903 334/1904 343/1905
f 334/1906 335/1907 343/1908
f 343/1909 335/1910 344/1911
f 335/1912 336/1913 344/1914
f 344/1915 336/1916 337/1917
f 336/1918 329/1919 337/1920
f 345/1921 337/1922 338/1923
f 346/1924 345/1925 338/1926
f 346/1927 338/1928 339/1929
f 347/1930 346/1931 339/1932
f 347/1933 339/1934 340/1935
f 348/1936 347/1937 340/1938
f 348/1939 340/1940 341/1941
f 349/1942 348/1943 341/1944
f 349/1945 341/1946 350/1947
f 341/1948 342/1949 350/1950
f 350/1951 342/1952 351/1953
f 342/1954 343/1955 351/1956
f 351/1957 343/1958 352/1959
f 343/1960 344/1961 352/1962
f 352/1963 344/1964 345/1965
f 344/1966 337/1967 345/1968
f 353/1969 345/1970 346/1971
f 354/1972 353/1973 346/1974
f 354/1975 346/1976 347/1977
f 355/1978 354/1979 347/1980
f 355/1981 347/1982 348/1983
f 356/1984 355/1985 348/1986
f 356/1987 348/1988 349/1989
f 357/1990 356/1991 349/1992
f 357/1993 349/1994 358/1995
f 349/1996 350/1997 358/1998
f 358/1999 350/2000 359/2001
f 350/2002 351/2003 359/2004
f 359/2005 351/2006 360/2007
f 351/2008 352/2009 360/2010
f 360/2011 352/2012 353/2013
f 352/2014 345/2015 353/2016
f 361/2017 353/2018 354/2019
f 362/2020 361/2021 354/2022
f 362/2023 354/2024 355/2025
f 363/2026 362/2027 355/2028
f 363/2029 355/2030 356/2031
f 364/2032 363/2033 356/2034
f 364/2035 356/2036 357/2037
f 365/2038 364/2039 357/2040
f 365/2041 357/2042 366/2043
f 357/2044 358/2045 366/2046
f 366/2047 358/2048 367/2049
f 358/2050 359/2051 367/2052
f 367/2053 359/2054 368/2055
f 359/2056 360/2057 368/2058
f 368/2059 360/2060 361/2061
f 360/2062 353/2063 361/2064
f 369/2065 361/2066 362/2067
f 370/2068 369/2069 362/2070
f 370/2071 362/2072 363/2073
f 371/2074 370/2075 363/2076
f 371/2077 363/2078 364/2079
f 372/2080 371/2081 364/2082
f 372/2083 364/2084 365/2085
f 373/2086 372/2087 365/2088
f 373/2089 365/2090 374/2091
f 365/2092 366/2093 374/2094
f 374/2095 366/2096 375/2097
f 366/2098 367/2099 375/2100
f 375/2101 367/2102 376/2103
f 367/2104 368/2105 376/2106
f 376/2107 368/2108 369/2109
f 368/2110 361/2111 369/2112
f 377/2113 369/2114 370/2115
f 378/2116 377/2117 370/2118
f 378/2119 370/2120 371/2121
f 379/2122 378/2123 371/2124
f 379/2125 371/2126 372/2127
f 380/2128 379/2129 372/2130
f 380/2131 372/2132 373/2133
f 381/2134 380/2135 373/2136
f 381/2137 373/2138 382/2139
f 373/2140 374/2141 382/2142
f 382/2143 374/2144 383/2145
f 374/2146 375/2147 383/2148
f 383/2149 375/2150 384/2151
f 375/2152 376/2153 384/2154
f 384/2155 376/2156 377/2157
f 376/2158 369/2159 377/2160
f 393/2161 385/2162 386/2163
f 394/2164 393/2165 386/2166
f 394/2167 386/2168 387/2169
f 395/2170 394/2171 387/2172
f 395/2173 387/2174 388/2175
f 396/2176 395/2177 388/2178
f 396/2179 388/2180 389/2181
f 397/2182 396/2183 389/2184
f 397/2185 389/2186 398/2187
f 389/2188 390/2189 398/2190
f 398/2191 390/2192 399/2193
f 390/2194 391/2195 399/2196
f 399/2197 391/2198 400/2199
f 391/2200 392/2201 400/2202
f 400/2203 392/2204 393/2205
f 392/2206 385/2207 393/2208
f 401/2209 393/2210 394/2211
f 402/2212 401/2213 394/2214
f 402/2215 394/2216 395/2217
f 403/2218 402/2219 395/2220
f 403/2221 395/2222 396/2223
f 404/2224 403/2225 396/2226
f 404/2227 396/2228 397/2229
f 405/2230 404/2231 397/2232
f 405/2233 397/2234 406/2235
f 397/2236 398/2237 406/2238
f 406/2239 398/2240 407/2241
f 398/2242 399/2243 407/2244
f 407/2245 399/2246 408/2247
f 399/2248 400/2249 408/2250
f 408/2251 400/2252 401/2253
f 400/2254 393/2255 401/2256
f 409/2257 401/2258 402/2259
f 410/2260 409/2261 402/2262
f 410/2263 402/2264 403/2265
f 411/2266 410/2267 403/2268
f 411/2269 403/2270 404/2271
f 412/2272 411/2273 404/2274
f 412/2275 404/2276 405/2277
f 413/2278 412/2279 405/2280
f 413/2281 405/2282 414/2283
f 405/2284 406/2285 414/2286
f 414/2287 406/2288 415/2289
f 406/2290 407/2291 415/2292
f 415/2293 407/2294 416/2295
f 407/2296 408/2297 416/2298
f 416/2299 408/2300 409/2301
f 408/2302 401/2303 409/2304
f 417/2305 409/2306 410/2307
f 418/2308 417/2309 410/2310
f 418/2311 410/2312 411/2313
f 419/2314 418/2315 411/2316
f 419/2317 411/2318 412/2319
f 420/2320 419/2321 412/2322
f 420/2323 412/2324 413/2325
f 421/2326 420/2327 413/2328
f 421/2329 413/2330 422/2331
f 413/2332 414/2333 422/2334
f 422/2335 414/2336 423/2337
f 414/2338 415/2339 423/2340
f 423/2341 415/2342 424/2343
f 415/2344 416/2345 424/2346
f 424/2347 416/2348 417/2349
f 416/2350 409/2351 417/2352
f 425/2353 417/2354 418/2355
f 426/2356 425/2357 418/2358
f 426/2359 418/2360 419/2361
f 427/2362 426/2363 419/2364
f 427/2365 419/2366 420/2367
f 428/2368 427/2369 420/2370
f 428/2371 420/2372 421/2373
f 429/2374 428/2375 421/2376
f 429/2377 421/2378 430/2379
f 421/2380 422/2381 430/2382
f 430/2383 422/2384 431/2385
f 422/2386 423/2387 431/2388
f 431/2389 423/2390 432/2391
f 423/2392 424/2393 432/2394
f 432/2395 424/2396 425/2397
f 424/2398 417/2399 425/2400
f 433/2401 425/2402 426/2403
f 434/2404 433/2405 426/2406
f 434/2407 426/2408 427/2409
f 435/2410 434/2411 427/2412
f 435/2413 427/2414 428/2415
f 436/2416 435/2417 428/2418
f 436/2419 428/2420 429/2421
f 437/2422 436/2423 429/2424
f 437/2425 429/2426 438/2427
f 429/2428 430/2429 438/2430
f 438/2431 430/2432 439/2433
f 430/2434 431/2435 439/2436
f 439/2437 431/2438 440/2439
f 431/2440 432/2441 440/2442
f 440/2443 432/2444 433/2445
f 432/2446 425/2447 433/2448
f 441/2449 433/2450 434/2451
f 442/2452 441/2453 434/2454
f 442/2455 434/2456 435/2457
f 443/2458 442/2459 435/2460
f 443/2461 435/2462 436/2463
f 444/2464 443/2465 436/2466
f 444/2467 436/2468 437/2469
f 445/2470 444/2471 437/2472
f 445/2473 437/2474 446/2475
f 437/2476 438/2477 446/2478
f 446/2479 438/2480 447/2481
f 438/2482 439/2483 447/2484
f 447/2485 439/2486 448/2487
f 439/2488 440/2489 448/2490
f 448/2491 440/2492 441/2493
f 440/2494 433/2495 441/2496
f 449/2497 441/2498 442/2499
f 450/2500 449/2501 442/2502
f 450/2503 442/2504 443/2505
f 451/2506 450/2507 443/2508
f 451/2509 443/2510 444/2511
f 452/2512 451/2513 444/2514
f 452/2515 444/2516 445/2517
f 453/2518 452/2519 445/2520
f 453/2521 445/2522 454/2523
f 445/2524 446/2525 454/2526
f 454/2527 446/2528 455/2529
f 446/2530 447/2531 455/2532
f 455/2533 447/2534 456/2535
f 447/2536 448/2537 456/2538
f 456/2539 448/2540 449/2541
f 448/2542 441/2543 449/2544
f 457/2545 449/2546 450/2547
f 458/2548 457/2549 450/2550
f 458/2551 450/2552 451/2553
f 459/2554 458/2555 451/2556
f 459/2557 451/2558 452/2559
f 460/2560 459/2561 452/2562
f 460/2563 452/2564 453/2565
f 461/2566 460/2567 453/2568
f 461/2569 453/2570 462/2571
f 453/2572 454/2573 462/2574
f 462/2575 454/2576 463/2577
f 454/2578 455/2579 463/2580
f 463/2581 455/2582 464/2583
f 455/2584 456/2585 464/2586
f 464/2587 456/2588 457/2589
f 456/2590 449/2591 457/2592
f 465/2593 457/2594 458/2595
f 466/2596 465/2597 458/2598
f 466/2599 458/2600 459/2601
f 467/2602 466/2603 459/2604
f 467/2605 459/2606 460/2607
f 468/2608 467/2609 460/2610
f 468/2611 460/2612 461/2613
f 469/2614 468/2615 461/2616
f 469/2617 461/2618 470/2619
f 461/2620 462/2621 470/2622
f 470/2623 462/2624 471/2625
f 462/2626 463/2627 471/2628
f 471/2629 463/2630 472/2631
f 463/2632 464/2633 472/2634
f 472/2635 464/2636 465/2637
f 464/2638 457/2639 465/2640
f 473/2641 465/2642 466/2643
f 474/2644 473/2645 466/2646
f 474/2647 466/2648 467/2649
f 475/2650 474/2651 467/2652
f 475/2653 467/2654 468/2655
f 476/2656 475/2657 468/2658
f 476/2659 468/2660 469/2661
f 477/2662 476/2663 469/2664
f 477/2665 469/2666 478/2667
f 469/2668 470/2669 478/2670
f 478/2671 470/2672 479/2673
f 470/2674 471/2675 479/2676
f 479/2677 471/2678 480/2679
f 471/2680 472/2681 480/2682
f 480/2683 472/2684 473/2685
f 472/2686 465/2687 473/2688
f 481/2689 473/2690 474/2691
f 482/2692 481/2693 474/2694
f 482/2695 474/2696 475/2697
f 483/2698 482/2699 475/2700
f 483/2701 475/2702 476/2703
f 484/2704 483/2705 476/2706
f 484/2707 476/2708 477/2709
f 485/2710 484/2711 477/2712
f 485/2713 477/2714 486/2715
f 477/2716 478/2717 486/2718
f 486/2719 478/2720 487/2721
f 478/2722 479/2723 487/2724
f 487/2725 479/2726 488/2727
f 479/2728 480/2729 488/2730
f 488/2731 480/2732 481/2733
f 480/2734 473/2735 481/2736
f 489/2737 481/2738 482/2739
f 490/2740 489/2741 482/2742
f 490/2743 482/2744 483/2745
f 491/2746 490/2747 483/2748
f 491/2749 483/2750 484/2751
f 492/2752 491/2753 484/2754
f 492/2755 484/2756 485/2757
f 493/2758 492/2759 485/2760
f 493/2761 485/2762 494/2763
f 485/2764 486/2765 494/2766
f 494/2767 486/2768 495/2769
f 486/2770 487/2771 495/2772
f 495/2773 487/2774 496/2775
f 487/2776 488/2777 496/2778
f 496/2779 488/2780 489/2781
f 488/2782 481/2783 489/2784
f 497/2785 489/2786 490/2787
f 498/2788 497/2789 490/2790
f 498/2791 490/2792 491/2793
f 499/2794 498/2795 491/2796
f 499/2797 491/2798 492/2799
f 500/2800 499/2801 492/2802
f 500/2803 492/2804 493/2805
f 501/2806 500/2807 493/2808
f 501/2809 493/2810 502/2811
f 493/2812 494/2813 502/2814
f 502/2815 494/2816 503/2817
f 494/2818 495/2819 503/2820
f 503/2821 495/2822 504/2823
f 495/2824 496/2825 504/2826
f 504/2827 496/2828 497/2829
f 496/2830 489/2831 497/2832
f 505/2833 497/2834 498/2835
f 506/2836 505/2837 498/2838
f 506/2839 498/2840 499/2841
f 507/2842 506/2843 499/2844
f 507/2845 499/2846 500/2847
f 508/2848 507/2849 500/2850
f 508/2851 500/2852 501/2853
f 509/2854 508/2855 501/2856
f 509/2857 501/2858 510/2859
f 501/2860 502/2861 510/2862
f 510/2863 502/2864 511/2865
f 502/2866 503/2867 511/2868
f 511/2869 503/2870 512/2871
f 503/2872 504/2873 512/2874
f 512/2875 504/2876 505/2877
f 504/2878 497/2879 505/2880
f 521/2881 513/2882 514/2883
f 522/2884 521/2885 514/2886
f 522/2887 514/2888 515/2889
f 523/2890 522/2891 515/2892
f 523/2893 515/2894 516/2895
f 524/2896 523/2897 516/2898
f 524/2899 516/2900 517/2901
f 525/2902 524/2903 517/2904
f 525/2905 517/2906 526/2907
f 517/2908 518/2909 526/2910
f 526/2911 518/2912 527/2913
f 518/2914 519/2915 527/2916
f 527/2917 519/2918 528/2919
f 519/2920 520/2921 528/2922
f 528/2923 520/2924 521/2925
f 520/2926 513/2927 521/2928
f 529/2929 521/2930 522/2931
f 530/2932 529/2933 522/2934
f 530/2935 522/2936 523/2937
f 531/2938 530/2939 523/2940
f 531/2941 523/2942 524/2943
f 532/2944 531/2945 524/2946
f 532/2947 524/2948 525/2949
f 533/2950 532/2951 525/2952
f 533/2953 525/2954 534/2955
f 525/2956 526/2957 534/2958
f 534/2959 526/2960 535/2961
f 526/2962 527/2963 535/2964
f 535/2965 527/2966 536/2967
f 527/2968 528/2969 536/2970
f 536/2971 528/2972 529/2973
f 528/2974 521/2975 529/2976
f 537/2977 529/2978 530/2979
f 538/2980 537/2981 530/2982
f 538/2983 530/2984 531/2985
f 539/2986 538/2987 531/2988
f 539/2989 531/2990 532/2991
f 540/2992 539/2993 532/2994
f 540/2995 532/2996 533/2997
f 541/2998 540/2999 533/3000
f 541/3001 533/3002 542/3003
f 533/3004 534/3005 542/3006
f 542/3007 534/3008 543/3009
f 534/3010 535/3011 543/3012
f 543/3013 535/3014 544/3015
f 535/3016 536/3017 544/3018
f 544/3019 536/3020 537/3021
f 536/3022 529/3023 537/3024
f 545/3025 537/3026 538/3027
f 546/3028 545/3029 538/3030
f 546/3031 538/3032 539/3033
f 547/3034 546/3035 539/3036
f 547/3037 539/3038 540/3039
f 548/3040 547/3041 540/3042
f 548/3043 540/3044 541/3045
f 549/3046 548/3047 541/3048
f 549/3049 541/3050 550/3051
f 541/3052 542/3053 550/3054
f 550/3055 542/3056 551/3057
f 542/3058 543/3059 551/3060
f 551/3061 543/3062 552/3063
f 543/3064 544/3065 552/3066
f 552/3067 544/3068 545/3069
f 544/3070 537/3071 545/3072
f 553/3073 545/3074 546/3075
f 554/3076 553/3077 546/3078
f 554/3079 546/3080 547/3081
f 555/3082 554/3083 547/3084
f 555/3085 547/3086 548/3087
f 556/3088 555/3089 548/3090
f 556/3091 548/3092 549/3093
f 557/3094 556/3095 549/3096
f 557/3097 549/3098 558/3099
f 549/3100 550/3101 558/3102
f 558/3103 550/3104 559/3105
f 550/3106 551/3107 559/3108
f 559/3109 551/3110 560/3111
f 551/3112 552/3113 560/3114
f 560/3115 552/3116 553/3117
f 552/3118 545/3119 553/3120
f 561/3121 553/3122 554/3123
f 562/3124 561/3125 554/3126
f 562/3127 554/3128 555/3129
f 563/3130 562/3131 555/3132
f 563/3133 555/3134 556/3135
f 564/3136 563/3137 556/3138
f 564/3139 556/3140 557/3141
f 565/3142 564/3143 557/3144
f 565/3145 557/3146 566/3147
f 557/3148 558/3149 566/3150
f 566/3151 558/3152 567/3153
f 558/3154 559/3155 567/3156
f 567/3157 559/3158 568/3159
f 559/3160 560/3161 568/3162
f 568/3163 560/3164 561/3165
f 560/3166 553/3167 561/3168
f 577/3169 569/3170 570/3171
f 578/3172 577/3173 570/3174
f 578/3175 570/3176 571/3177
f 579/3178 578/3179 571/3180
f 579/3181 571/3182 572/3183
f 580/3184 579/3185 572/3186
f 580/3187 572/3188 573/3189
f 581/3190 580/3191 573/3192
f 581/3193 573/3194 582/3195
f 573/3196 574/3197 582/3198
f 582/3199 574/3200 583/3201
f 574/3202 575/3203 583/3204
f 583/3205 575/3206 584/3207
f 575/3208 576/3209 584/3210
f 584/3211 576/3212 577/3213
f 576/3214 569/3215 577/3216
f 585/3217 577/3218 578/3219
f 586/3220 585/3221 578/3222
f 586/3223 578/3224 579/3225
f 587/3226 586/3227 579/3228
f 587/3229 579/3230 580/3231
f 588/3232 587/3233 580/3234
f 588/3235 580/3236 581/3237
f 589/3238 588/3239 581/3240
f 589/3241 581/3242 590/3243
f 581/3244 582/3245 590/3246
f 590/3247 582/3248 591/3249
f 582/3250 583/3251 591/3252
f 591/3253 583/3254 592/3255
f 583/3256 584/3257 592/3258
f 592/3259 584/3260 585/3261
f 584/3262 577/3263 585/3264
f 593/3265 585/3266 586/3267
f 594/3268 593/3269 586/3270
f 594/3271 586/3272 587/3273
f 595/3274 594/3275 587/3276
f 595/3277 587/3278 588/3279
f 596/3280 595/3281 588/3282
f 596/3283 588/3284 589/3285
f 597/3286 596/3287 589/3288
f 597/3289 589/3290 598/3291
f 589/3292 590/3293 598/3294
f 598/3295 590/3296 599/3297
f 590/3298 591/3299 599/3300
f 599/3301 591/3302 600/3303
f 591/3304 592/3305 600/3306
f 600/3307 592/3308 593/3309
f 592/3310 585/3311 593/3312
f 601/3313 593/3314 594/3315
f 602/3316 601/3317 594/3318
f 602/3319 594/3320 595/3321
f 603/3322 602/3323 595/3324
f 603/3325 595/3326 596/3327
f 604/3328 603/3329 596/3330
f 604/3331 596/3332 597/3333
f 605/3334 604/3335 597/3336
f 605/3337 597/3338 606/3339
f 597/3340 598/3341 606/3342
f 606/3343 598/3344 607/3345
f 598/3346 599/3347 607/3348
f 607/3349 599/3350 608/3351
f 599/3352 600/3353 608/3354
f 608/3355 600/3356 601/3357
f 600/3358 593/3359 601/3360
f 609/3361 601/3362 602/3363
f 610/3364 609/3365 602/3366
f 610/3367 602/3368 603/3369
f 611/3370 610/3371 603/3372
f 611/3373 603/3374 604/3375
f 612/3376 611/3377 604/3378
f 612/3379 604/3380 605/3381
f 613/3382 612/3383 605/3384
f 613/3385 605/3386 614/3387
f 605/3388 606/3389 614/3390
f 614/3391 606/3392 615/3393
f 606/3394 607/3395 615/3396
f 615/3397 607/3398 616/3399
f 607/3400 608/3401 616/3402
f 616/3403 608/3404 609/3405
f 608/3406 601/3407 609/3408
f 617/3409 609/3410 610/3411
f 618/3412 617/3413 610/3414
f 618/3415 610/3416 611/3417
f 619/3418 618/3419 611/3420
f 619/3421 611/3422 612/3423
f 620/3424 619/3425 612/3426
f 620/3427 612/3428 613/3429
f 621/3430 620/3431 613/3432
f 621/3433 613/3434 622/3435
f 613/3436 614/3437 622/3438
f 622/3439 614/3440 623/3441
f 614/3442 615/3443 623/3444
f 623/3445 615/3446 624/3447
f 615/3448 616/3449 624/3450
f 624/3451 616/3452 617/3453
f 616/3454 609/3455 617/3456
f 633/3457 625/3458 626/3459
f 634/3460 633/3461 626/3462
f 634/3463 626/3464 627/3465
f 635/3466 634/3467 627/3468
f 635/3469 627/3470 628/3471
f 636/3472 635/3473 628/3474
f 636/3475 628/3476 629/3477
f 637/3478 636/3479 629/3480
f 637/3481 629/3482 638/3483
f 629/3484 630/3485 638/3486
f 638/3487 630/3488 639/3489
f 630/3490 631/3491 639/3492
f 639/3493 631/3494 640/3495
f 631/3496 632/3497 640/3498
f 640/3499 632/3500 633/3501
f 632/3502 625/3503 633/3504
f 641/3505 633/3506 634/3507
f 642/3508 641/3509 634/3510
f 642/3511 634/3512 635/3513
f 643/3514 642/3515 635/3516
f 643/3517 635/3518 636/3519
f 644/3520 643/3521 636/3522
f 644/3523 636/3524 637/3525
f 645/3526 644/3527 637/3528
f 645/3529 637/3530 646/3531
f 637/3532 638/3533 646/3534
f 646/3535 638/3536 647/3537
f 638/3538 639/3539 647/3540
f 647/3541 639/3542 648/3543
f 639/3544 640/3545 648/3546
f 648/3547 640/3548 641/3549
f 640/3550 633/3551 641/3552
f 649/3553 641/3554 642/3555
f 650/3556 649/3557 642/3558
f 650/3559 642/3560 643/3561
f 651/3562 650/3563 643/3564
f 651/3565 643/3566 644/3567
f 652/3568 651/3569 644/3570
f 652/3571 644/3572 645/3573
f 653/3574 652/3575 645/3576
f 653/3577 645/3578 654/3579
f 645/3580 646/3581 654/3582
f 654/3583 646/3584 655/3585
f 646/3586 647/3587 655/3588
f 655/3589 647/3590 656/3591
f 647/3592 648/3593 656/3594
f 656/3595 648/3596 649/3597
f 648/3598 641/3599 649/3600
f 657/3601 649/3602 650/3603
f 658/3604 657/3605 650/3606
f 658/3607 650/3608 651/3609
f 659/3610 658/3611 651/3612
f 659/3613 651/3614 652/3615
f 660/3616 659/3617 652/3618
f 660/3619 652/3620 653/3621
f 661/3622 660/3623 653/3624
f 661/3625 653/3626 662/3627
f 653/3628 654/3629 662/3630
f 662/3631 654/3632 663/3633
f 654/3634 655/3635 663/3636
f 663/3637 655/3638 664/3639
f 655/3640 656/3641 664/3642
f 664/3643 656/3644 657/3645
f 656/3646 649/3647 657/3648
f 665/3649 657/3650 658/3651
f 666/3652 665/3653 658/3654
f 666/3655 658/3656 659/3657
f 667/3658 666/3659 659/3660
f 667/3661 659/3662 660/3663
f 668/3664 667/3665 660/3666
f 668/3667 660/3668 661/3669
f 669/3670 668/3671 661/3672
f 669/3673 661/3674 670/3675
f 661/3676 662/3677 670/3678
f 670/3679 662/3680 671/3681
f 662/3682 663/3683 671/3684
f 671/3685 663/3686 672/3687
f 663/3688 664/3689 672/3690
f 672/3691 664/3692 665/3693
f 664/3694 657/3695 665/3696
f 673/3697 665/3698 666/3699
f 674/3700 673/3701 666/3702
f 674/3703 666/3704 667/3705
f 675/3706 674/3707 667/3708
f 675/3709 667/3710 668/3711
f 676/3712 675/3713 668/3714
f 676/3715 668/3716 669/3717
f 677/3718 676/3719 669/3720
f 677/3721 669/3722 678/3723
f 669/3724 670/3725 678/3726
f 678/3727 670/3728 679/3729
f 670/3730 671/3731 679/3732
f 679/3733 671/3734 680/3735
f 671/3736 672/3737 680/3738
f 680/3739 672/3740 673/3741
f 672/3742 665/3743 673/3744
f 689/3745 681/3746 682/3747
f 690/3748 689/3749 682/3750
f 690/3751 682/3752 683/3753
f 691/3754 690/3755 683/3756
f 691/3757 683/3758 684/3759
f 692/3760 691/3761 684/3762
f 692/3763 684/3764 685/3765
f 693/3766 692/3767 685/3768
f 693/3769 685/3770 694/3771
f 685/3772 686/3773 694/3774
f 694/3775 686/3776 695/3777
f 686/3778 687/3779 695/3780
f 695/3781 687/3782 696/3783
f 687/3784 688/3785 696/3786
f 696/3787 688/3788 689/3789
f 688/3790 681/3791 689/3792
f 697/3793 689/3794 690/3795
f 698/3796 697/3797 690/3798
f 698/3799 690/3800 691/3801
f 699/3802 698/3803 691/3804
f 699/3805 691/3806 692/3807
f 700/3808 699/3809 692/3810
f 700/3811 692/3812 693/3813
f 701/3814 700/3815 693/3816
f 701/3817 693/3818 702/3819
f 693/3820 694/3821 702/3822
f 702/3823 694/3824 703/3825
f 694/3826 695/3827 703/3828
f 703/3829 695/3830 704/3831
f 695/3832 696/3833 704/3834
f 704/3835 696/3836 697/3837
f 696/3838 689/3839 697/3840
f 705/3841 697/3842 698/3843
f 706/3844 705/3845 698/3846
f 706/3847 698/3848 699/3849
f 707/3850 706/3851 699/3852
f 707/3853 699/3854 700/3855
f 708/3856 707/3857 700/3858
f 708/3859 700/3860 701/3861
f 709/3862 708/3863 701/3864
f 709/3865 701/3866 710/3867
f 701/3868 702/3869 710/3870
f 710/3871 702/3872 711/3873
f 702/3874 703/3875 711/3876
f 711/3877 703/3878 712/3879
f 703/3880 704/3881 712/3882
f 712/3883 704/3884 705/3885
f 704/3886 697/3887 705/3888
f 713/3889 705/3890 706/3891
f 714/3892 713/3893 706/3894
f 714/3895 706/3896 707/3897
f 715/3898 714/3899 707/3900
f 715/3901 707/3902 708/3903
f 716/3904 715/3905 708/3906
f 716/3907 708/3908 709/3909
f 717/3910 716/3911 709/3912
f 717/3913 709/3914 718/3915
f 709/3916 710/3917 718/3918
f 718/3919 710/3920 719/3921
f 710/3922 711/3923 719/3924
f 719/3925 711/3926 720/3927
f 711/3928 712/3929 720/3930
f 720/3931 712/3932 713/3933
f 712/3934 705/3935 713/3936
f 721/3937 713/3938 714/3939
f 722/3940 721/3941 714/3942
f 722/3943 714/3944 715/3945
f 723/3946 722/3947 715/3948
f 723/3949 715/3950 716/3951
f 724/3952 723/3953 716/3954
f 724/3955 716/3956 717/3957
f 725/3958 724/3959 717/3960
f 725/3961 717/3962 726/3963
f 717/3964 718/3965 726/3966
f 726/3967 718/3968 727/3969
f 718/3970 719/3971 727/3972
f 727/3973 719/3974 728/3975
f 719/3976 720/3977 728/3978
f 728/3979 720/3980 721/3981
f 720/3982 713/3983 721/3984
f 729/3985 721/3986 722/3987
f 730/3988 729/3989 722/3990
f 730/3991 722/3992 723/3993
f 731/3994 730/3995 723/3996
f 731/3997 723/3998 724/3999
f 732/4000 731/4001 724/4002
f 732/4003 724/4004 725/4005
f 733/4006 732/4007 725/4008
f 733/4009 725/4010 734/4011
f 725/4012 726/4013 734/4014
f 734/4015 726/4016 735/4017
f 726/4018 727/4019 735/4020
f 735/4021 727/4022 736/4023
f 727/4024 728/4025 736/4026
f 736/4027 728/4028 729/4029
f 728/4030 721/4031 729/4032
f 745/4033 737/4034 738/4035
f 746/4036 745/4037 738/4038
f 746/4039 738/4040 739/4041
f 747/4042 746/4043 739/4044
f 747/4045 739/4046 740/4047
f 748/4048 747/4049 740/4050
f 748/4051 740/4052 741/4053
f 749/4054 748/4055 741/4056
f 749/4057 741/4058 750/4059
f 741/4060 742/4061 750/4062
f 750/4063 742/4064 751/4065
f 742/4066 743/4067 751/4068
f 751/4069 743/4070 752/4071
f 743/4072 744/4073 752/4074
f 752/4075 744/4076 745/4077
f 744/4078 737/4079 745/4080
f 753/4081 745/4082 746/4083
f 754/4084 753/4085 746/4086
f 754/4087 746/4088 747/4089
f 755/4090 754/4091 747/4092
f 755/4093 747/4094 748/4095
f 756/4096 755/4097 748/4098
f 756/4099 748/4100 749/4101
f 757/4102 756/4103 749/4104
f 757/4105 749/4106 758/4107
f 749/4108 750/4109 758/4110
f 758/4111 750/4112 759/4113
f 750/4114 751/4115 759/4116
f 759/4117 751/4118 760/4119
f 751/4120 752/4121 760/4122
f 760/4123 752/4124 753/4125
f 752/4126 745/4127 753/4128
f 761/4129 753/4130 754/4131
f 762/4132 761/4133 754/4134
f 762/4135 754/4136 755/4137
f 763/4138 762/4139 755/4140
f 763/4141 755/4142 756/4143
f 764/4144 763/4145 756/4146
f 764/4147 756/4148 757/4149
f 765/4150 764/4151 757/4152
f 765/4153 757/4154 766/4155
f 757/4156 758/4157 766/4158
f 766/4159 758/4160 767/4161
f 758/4162 759/4163 767/4164
f 767/4165 759/4166 768/4167
f 759/4168 760/4169 768/4170
f 768/4171 760/4172 761/4173
f 760/4174 753/4175 761/4176
f 769/4177 761/4178 762/4179
f 770/4180 769/4181 762/4182
f 770/4183 762/4184 763/4185
f 771/4186 770/4187 763/4188
f 771/4189 763/4190 764/4191
f 772/4192 771/4193 764/4194
f 772/4195 764/4196 765/4197
f 773/4198 772/4199 765/4200
f 773/4201 765/4202 774/4203
f 765/4204 766/4205 774/4206
f 774/4207 766/4208 775/4209
f 766/4210 767/4211 775/4212
f 775/4213 767/4214 776/4215
f 767/4216 768/4217 776/4218
f 776/4219 768/4220 769/4221
f 768/4222 761/4223 769/4224
f 777/4225 769/4226 770/4227
f 778/4228 777/4229 770/4230
f 778/4231 770/4232 771/4233
f 779/4234 778/4235 771/4236
f 779/4237 771/4238 772/4239
f 780/4240 779/4241 772/4242
f 780/4243 772/4244 773/4245
f 781/4246 780/4247 773/4248
f 781/4249 773/4250 782/4251
f 773/4252 774/4253 782/4254
f 782/4255 774/4256 783/4257
f 774/4258 775/4259 783/4260
f 783/4261 775/4262 784/4263
f 775/4264 776/4265 784/4266
f 784/4267 776/4268 777/4269
f 776/4270 769/4271 777/4272
f 785/4273 777/4274 778/4275
f 786/4276 785/4277 778/4278
f 786/4279 778/4280 779/4281
f 787/4282 786/4283 779/4284
f 787/4285 779/4286 780/4287
f 788/4288 787/4289 780/4290
f 788/4291 780/4292 781/4293
f 789/4294 788/4295 781/4296
f 789/4297 781/4298 790/4299
f 781/4300 782/4301 790/4302
f 790/4303 782/4304 791/4305
f 782/4306 783/4307 791/4308
f 791/4309 783/4310 792/4311
f 783/4312 784/4313 792/4314
f 792/4315 784/4316 785/4317
f 784/4318 777/4319 785/4320
f 801/4321 793/4322 794/4323
f 802/4324 801/4325 794/4326
f 802/4327 794/4328 795/4329
f 803/4330 802/4331 795/4332
f 803/4333 795/4334 796/4335
f 804/4336 803/4337 796/4338
f 804/4339 796/4340 797/4341
f 805/4342 804/4343 797/4344
f 805/4345 797/4346 806/4347
f 797/4348 798/4349 806/4350
f 806/4351 798/4352 807/4353
f 798/4354 799/4355 807/4356
f 807/4357 799/4358 808/4359
f 799/4360 800/4361 808/4362
f 808/4363 800/4364 801/4365
f 800/4366 793/4367 801/4368
f 809/4369 801/4370 802/4371
f 810/4372 809/4373 802/4374
f 810/4375 802/4376 803/4377
f 811/4378 810/4379 803/4380
f 811/4381 803/4382 804/4383
f 812/4384 811/4385 804/4386
f 812/4387 804/4388 805/4389
f 813/4390 812/4391 805/4392
f 813/4393 805/4394 814/4395
f 805/4396 806/4397 814/4398
f 814/4399 806/4400 815/4401
f 806/4402 807/4403 815/4404
f 815/4405 807/4406 816/4407
f 807/4408 808/4409 816/4410
f 816/4411 808/4412 809/4413
f 808/4414 801/4415 809/4416
f 817/4417 809/4418 810/4419
f 818/4420 817/4421 810/4422
f 818/4423 810/4424 811/4425
f 819/4426 818/4427 811/4428
f 819/4429 811/4430 812/4431
f 820/4432 819/4433 812/4434
f 820/4435 812/4436 813/4437
f 821/4438 820/4439 813/4440
f 821/4441 813/4442 822/4443
f 813/4444 814/4445 822/4446
f 822/4447 814/4448 823/4449
f 814/4450 815/4451 823/4452
f 823/4453 815/4454 824/4455
f 815/4456 816/4457 824/4458
f 824/4459 816/4460 817/4461
f 816/4462 809/4463 817/4464
f 825/4465 817/4466 818/4467
f 826/4468 825/4469 818/4470
f 826/4471 818/4472 819/4473
f 827/4474 826/4475 819/4476
f 827/4477 819/4478 820/4479
f 828/4480 827/4481 820/4482
f 828/4483 820/4484 821/4485
f 829/4486 828/4487 821/4488
f 829/4489 821/4490 830/4491
f 821/4492 822/4493 830/4494
f 830/4495 822/4496 831/4497
f 822/4498 823/4499 831/4500
f 831/4501 823/4502 832/4503
f 823/4504 824/4505 832/4506
f 832/4507 824/4508 825/4509
f 824/4510 817/4511 825/4512
f 833/4513 825/4514 826/4515
f 834/4516 833/4517 826/4518
f 834/4519 826/4520 827/4521
f 835/4522 834/4523 827/4524
f 835/4525 827/4526 828/4527
f 836/4528 835/4529 828/4530
f 836/4531 828/4532 829/4533
f 837/4534 836/4535 829/4536
f 837/4537 829/4538 838/4539
f 829/4540 830/4541 838/4542
f 838/4543 830/4544 839/4545
f 830/4546 831/4547 839/4548
f 839/4549 831/4550 840/4551
f 831/4552 832/4553 840/4554
f 840/4555 832/4556 833/4557
f 832/4558 825/4559 833/4560
f 841/4561 833/4562 834/4563
f 842/4564 841/4565 834/4566
f 842/4567 834/4568 835/4569
f 843/4570 842/4571 835/4572
f 843/4573 835/4574 836/4575
f 844/4576 843/4577 836/4578
f 844/4579 836/4580 837/4581
f 845/4582 844/4583 837/4584
f 845/4585 837/4586 846/4587
f 837/4588 838/4589 846/4590
f 846/4591 838/4592 847/4593
f 838/4594 839/4595 847/4596
f 847/4597 839/4598 848/4599
f 839/4600 840/4601 848/4602
f 848/4603 840/4604 841/4605
f 840/4606 833/4607 841/4608
f 861/4609 849/4610 850/4611
f 862/4612 861/4613 850/4614
f 862/4615 850/4616 851/4617
f 863/4618 862/4619 851/4620
f 863/4621 851/4622 852/4623
f 864/4624 863/4625 852/4626
f 864/4627 852/4628 853/4629
f 865/4630 864/4631 853/4632
f 865/4633 853/4634 854/4635
f 866/4636 865/4637 854/4638
f 866/4639 854/4640 855/4641
f 867/4642 866/4643 855/4644
f 867/4645 855/4646 868/4647
f 855/4648 856/4649 868/4650
f 868/4651 856/4652 869/4653
f 856/4654 857/4655 869/4656
f 869/4657 857/4658 870/4659
f 857/4660 858/4661 870/4662
f 870/4663 858/4664 871/4665
f 858/4666 859/4667 871/4668
f 871/4669 859/4670 872/4671
f 859/4672 860/4673 872/4674
f 872/4675 860/4676 861/4677
f 860/4678 849/4679 861/4680
f 873/4681 861/4682 862/4683
f 874/4684 873/4685 862/4686
f 874/4687 862/4688 863/4689
f 875/4690 874/4691 863/4692
f 875/4693 863/4694 864/4695
f 876/4696 875/4697 864/4698
f 876/4699 864/4700 865/4701
f 877/4702 876/4703 865/4704
f 877/4705 865/4706 866/4707
f 878/4708 877/4709 866/4710
f 878/4711 866/4712 867/4713
f 879/4714 878/4715 867/4716
f 879/4717 867/4718 880/4719
f 867/4720 868/4721 880/4722
f 880/4723 868/4724 881/4725
f 868/4726 869/4727 881/4728
f 881/4729 869/4730 882/4731
f 869/4732 870/4733 882/4734
f 882/4735 870/4736 883/4737
f 870/4738 871/4739 883/4740
f 883/4741 871/4742 884/4743
f 871/4744 872/4745 884/4746
f 884/4747 872/4748 873/4749
f 872/4750 861/4751 873/4752
f 885/4753 873/4754 874/4755
f 886/4756 885/4757 874/4758
f 886/4759 874/4760 875/4761
f 887/4762 886/4763 875/4764
f 887/4765 875/4766 876/4767
f 888/4768 887/4769 876/4770
f 888/4771 876/4772 877/4773
f 889/4774 888/4775 877/4776
f 889/4777 877/4778 878/4779
f 890/4780 889/4781 878/4782
f 890/4783 878/4784 879/4785
f 891/4786 890/4787 879/4788
f 891/4789 879/4790 892/4791
f 879/4792 880/4793 892/4794
f 892/4795 880/4796 893/4797
f 880/4798 881/4799 893/4800
f 893/4801 881/4802 894/4803
f 881/4804 882/4805 894/4806
f 894/4807 882/4808 895/4809
f 882/4810 883/4811 895/4812
f 895/4813 883/4814 896/4815
f 883/4816 884/4817 896/4818
f 896/4819 884/4820 885/4821
f 884/4822 873/4823 885/4824
f 897/4825 885/4826 886/4827
f 898/4828 897/4829 886/4830
f 898/4831 886/4832 887/4833
f 899/4834 898/4835 887/4836
f 899/4837 887/4838 888/4839
f 900/4840 899/4841 888/4842
f 900/4843 888/4844 889/4845
f 901/4846 900/4847 889/4848
f 901/4849 889/4850 890/4851
f 902/4852 901/4853 890/4854
f 902/4855 890/4856 891/4857
f 903/4858 902/4859 891/4860
f 903/4861 891/4862 904/4863
f 891/4864 892/4865 904/4866
f 904/4867 892/4868 905/4869
f 892/4870 893/4871 905/4872
f 905/4873 893/4874 906/4875
f 893/4876 894/4877 906/4878
f 906/4879 894/4880 907/4881
f 894/4882 895/4883 907/4884
f 907/4885 895/4886 908/4887
f 895/4888 896/4889 908/4890
f 908/4891 896/4892 897/4893
f 896/4894 885/4895 897/4896
f 909/4897 897/4898 898/4899
f 910/4900 909/4901 898/4902
f 910/4903 898/4904 899/4905
f 911/4906 910/4907 899/4908
f 911/4909 899/4910 900/4911
f 912/4912 911/4913 900/4914
f 912/4915 900/4916 901/4917
f 913/4918 912/4919 901/4920
f 913/4921 901/4922 902/4923
f 914/4924 913/4925 902/4926
f 914/4927 902/4928 903/4929
f 915/4930 914/4931 903/4932
f 915/4933 903/4934 916/4935
f 903/4936 904/4937 916/4938
f 916/4939 904/4940 917/4941
f 904/4942 905/4943 917/4944
f 917/4945 905/4946 918/4947
f 905/4948 906/4949 918/4950
f 918/4951 906/4952 919/4953
f 906/4954 907/4955 919/4956
f 919/4957 907/4958 920/4959
f 907/4960 908/4961 920/4962
f 920/4963 908/4964 909/4965
f 908/4966 897/4967 909/4968
f 921/4969 909/4970 910/4971
f 922/4972 921/4973 910/4974
f 922/4975 910/4976 911/4977
f 923/4978 922/4979 911/4980
f 923/4981 911/4982 912/4983
f 924/4984 923/4985 912/4986
f 924/4987 912/4988 913/4989
f 925/4990 924/4991 913/4992
f 925/4993 913/4994 914/4995
f 926/4996 925/4997 914/4998
f 926/4999 914/5000 915/5001
f 927/5002 926/5003 915/5004
f 927/5005 915/5006 928/5007
f 915/5008 916/5009 928/5010
f 928/5011 916/5012 929/5013
f 916/5014 917/5015 929/5016
f 929/5017 917/5018 930/5019
f 917/5020 918/5021 930/5022
f 930/5023 918/5024 931/5025
f 918/5026 919/5027 931/5028
f 931/5029 919/5030 932/5031
f 919/5032 920/5033 932/5034
f 932/5035 920/5036 921/5037
f 920/5038 909/5039 921/5040
f 933/5041 921/5042 922/5043
f 934/5044 933/5045 922/5046
f 934/5047 922/5048 923/5049
f 935/5050 934/5051 923/5052
f 935/5053 923/5054 924/5055
f 936/5056 935/5057 924/5058
f 936/5059 924/5060 925/5061
f 937/5062 936/5063 925/5064
f 937/5065 925/5066 926/5067
f 938/5068 937/5069 926/5070
f 938/5071 926/5072 927/5073
f 939/5074 938/5075 927/5076
f 939/5077 927/5078 940/5079
f 927/5080 928/5081 940/5082
f 940/5083 928/5084 941/5085
f 928/5086 929/5087 941/5088
f 941/5089 929/5090 942/5091
f 929/5092 930/5093 942/5094
f 942/5095 930/5096 943/5097
f 930/5098 931/5099 943/5100
f 943/5101 931/5102 944/5103
f 931/5104 932/5105 944/5106
f 944/5107 932/5108 933/5109
f 932/5110 921/5111 933/5112
f 945/5113 933/5114 934/5115
f 946/5116 945/5117 934/5118
f 946/5119 934/5120 935/5121
f 947/5122 946/5123 935/5124
f 947/5125 935/5126 936/5127
f 948/5128 947/5129 936/5130
f 948/5131 936/5132 937/5133
f 949/5134 948/5135 937/5136
f 949/5137 937/5138 938/5139
f 950/5140 949/5141 938/5142
f 950/5143 938/5144 939/5145
f 951/5146 950/5147 939/5148
f 951/5149 939/5150 952/5151
f 939/5152 940/5153 952/5154
f 952/5155 940/5156 953/5157
f 940/5158 941/5159 953/5160
f 953/5161 941/5162 954/5163
f 941/5164 942/5165 954/5166
f 954/5167 942/5168 955/5169
f 942/5170 943/5171 955/5172
f 955/5173 943/5174 956/5175
f 943/5176 944/5177 956/5178
f 956/5179 944/5180 945/5181
f 944/5182 933/5183 945/5184
f 957/5185 945/5186 946/5187
f 958/5188 957/5189 946/5190
f 958/5191 946/5192 947/5193
f 959/5194 958/5195 947/5196
f 959/5197 947/5198 948/5199
f 960/5200 959/5201 948/5202
f 960/5203 948/5204 949/5205
f 961/5206 960/5207 949/5208
f 961/5209 949/5210 950/5211
f 962/5212 961/5213 950/5214
f 962/5215 950/5216 951/5217
f 963/5218 962/5219 951/5220
f 963/5221 951/5222 964/5223
f 951/5224 952/5225 964/5226
f 964/5227 952/5228 965/5229
f 952/5230 953/5231 965/5232
f 965/5233 953/5234 966/5235
f 953/5236 954/5237 966/5238
f 966/5239 954/5240 967/5241
f 954/5242 955/5243 967/5244
f 967/5245 955/5246 968/5247
f 955/5248 956/5249 968/5250
f 968/5251 956/5252 957/5253
f 956/5254 945/5255 957/5256
f 969/5257 957/5258 958/5259
f 970/5260 969/5261 958/5262
f 970/5263 958/5264 959/5265
f 971/5266 970/5267 959/5268
f 971/5269 959/5270 960/5271
f 972/5272 971/5273 960/5274
f 972/5275 960/5276 961/5277
f 973/5278 972/5279 961/5280
f 973/5281 961/5282 962/5283
f 974/5284 973/5285 962/5286
f 974/5287 962/5288 963/5289
f 975/5290 974/5291 963/5292
f 975/5293 963/5294 976/5295
f 963/5296 964/5297 976/5298
f 976/5299 964/5300 977/5301
f 964/5302 965/5303 977/5304
f 977/5305 965/5306 978/5307
f 965/5308 966/5309 978/5310
f 978/5311 966/5312 979/5313
f 966/5314 967/5315 979/5316
f 979/5317 967/5318 980/5319
f 967/5320 968/5321 980/5322
f 980/5323 968/5324 969/5325
f 968/5326 957/5327 969/5328
f 989/5329 981/5330 982/5331
f 990/5332 989/5333 982/5334
f 990/5335 982/5336 983/5337
f 991/5338 990/5339 983/5340
f 991/5341 983/5342 984/5343
f 992/5344 991/5345 984/5346
f 992/5347 984/5348 985/5349
f 993/5350 992/5351 985/5352
f 993/5353 985/5354 994/5355
f 985/5356 986/5357 994/5358
f 994/5359 986/5360 995/5361
f 986/5362 987/5363 995/5364
f 995/5365 987/5366 996/5367
f 987/5368 988/5369 996/5370
f 996/5371 988/5372 989/5373
f 988/5374 981/5375 989/5376
f 997/5377 989/5378 990/5379
f 998/5380 997/5381 990/5382
f 998/5383 990/5384 991/5385
f 999/5386 998/5387 991/5388
f 999/5389 991/5390 992/5391
f 1000/5392 999/5393 992/5394
f 1000/5395 992/5396 993/5397
f 1001/5398 1000/5399 993/5400
f 1001/5401 993/5402 1002/5403
f 993/5404 994/5405 1002/5406
f 1002/5407 994/5408 1003/5409
f 994/5410 995/5411 1003/5412
f 1003/5413 995/5414 1004/5415
f 995/5416 996/5417 1004/5418
f 1004/5419 996/5420 997/5421
f 996/5422 989/5423 997/5424
f 1005/5425 997/5426 998/5427
f 1006/5428 1005/5429 998/5430
f 1006/5431 998/5432 999/5433
f 1007/5434 1006/5435 999/5436
f 1007/5437 999/5438 1000/5439
f 1008/5440 1007/5441 1000/5442
f 1008/5443 1000/5444 1001/5445
f 1009/5446 1008/5447 1001/5448
f 1009/5449 1001/5450 1010/5451
f 1001/5452 1002/5453 1010/5454
f 1010/5455 1002/5456 1011/5457
f 1002/5458 1003/5459 1011/5460
f 1011/5461 1003/5462 1012/5463
f 1003/5464 1004/5465 1012/5466
f 1012/5467 1004/5468 1005/5469
f 1004/5470 997/5471 1005/5472
f 1013/5473 1005/5474 1006/5475
f 1014/5476 1013/5477 1006/5478
f 1014/5479 1006/5480 1007/5481
f 1015/5482 1014/5483 1007/5484
f 1015/5485 1007/5486 1008/5487
f 1016/5488 1015/5489 1008/5490
f 1016/5491 1008/5492 1009/5493
f 1017/5494 1016/5495 1009/5496
f 1017/5497 1009/5498 1018/5499
f 1009/5500 1010/5501 1018/5502
f 1018/5503 1010/5504 1019/5505
f 1010/5506 1011/5507 1019/5508
f 1019/5509 1011/5510 1020/5511
f 1011/5512 1012/5513 1020/5514
f 1020/5515 1012/5516 1013/5517
f 1012/5518 1005/5519 1013/5520
f 1021/5521 1013/5522 1014/5523
f 1022/5524 1021/5525 1014/5526
f 1022/5527 1014/5528 1015/5529
f 1023/5530 1022/5531 1015/5532
f 1023/5533 1015/5534 1016/5535
f 1024/5536 1023/5537 1016/5538
f 1024/5539 1016/5540 1017/5541
f 1025/5542 1024/5543 1017/5544
f 1025/5545 1017/5546 1026/5547
f 1017/5548 1018/5549 1026/5550
f 1026/5551 1018/5552 1027/5553
f 1018/5554 1019/5555 1027/5556
f 1027/5557 1019/5558 1028/5559
f 1019/5560 1020/5561 1028/5562
f 1028/5563 1020/5564 1021/5565
f 1020/5566 1013/5567 1021/5568
f 1029/5569 1021/5570 1022/5571
f 1030/5572 1029/5573 1022/5574
f 1030/5575 1022/5576 1023/5577
f 1031/5578 1030/5579 1023/5580
f 1031/5581 1023/5582 1024/5583
f 1032/5584 1031/5585 1024/5586
f 1032/5587 1024/5588 1025/5589
f 1033/5590 1032/5591 1025/5592
f 1033/5593 1025/5594 1034/5595
f 1025/5596 1026/5597 1034/5598
f 1034/5599 1026/5600 1035/5601
f 1026/5602 1027/5603 1035/5604
f 1035/5605 1027/5606 1036/5607
f 1027/5608 1028/5609 1036/5610
f 1036/5611 1028/5612 1029/5613
f 1028/5614 1021/5615 1029/5616
f 1045/5617 1037/5618 1038/5619
f 1046/5620 1045/5621 1038/5622
f 1046/5623 1038/5624 1039/5625
f 1047/5626 1046/5627 1039/5628
f 1047/5629 1039/5630 1040/5631
f 1048/5632 1047/5633 1040/5634
f 1048/5635 1040/5636 1041/5637
f 1049/5638 1048/5639 1041/5640
f 1049/5641 1041/5642 1050/5643
f 1041/5644 1042/5645 1050/5646
f 1050/5647 1042/5648 1051/5649
f 1042/5650 1043/5651 1051/5652
f 1051/5653 1043/5654 1052/5655
f 1043/5656 1044/5657 1052/5658
f 1052/5659 1044/5660 1045/5661
f 1044/5662 1037/5663 1045/5664
f 1053/5665 1045/5666 1046/5667
f 1054/5668 1053/5669 1046/5670
f 1054/5671 1046/5672 1047/5673
f 1055/5674 1054/5675 1047/5676
f 1055/5677 1047/5678 1048/5679
f 1056/5680 1055/5681 1048/5682
f 1056/5683 1048/5684 1049/5685
f 1057/5686 1056/5687 1049/5688
f 1057/5689 1049/5690 1058/5691
f 1049/5692 1050/5693 1058/5694
f 1058/5695 1050/5696 1059/5697
f 1050/5698 1051/5699 1059/5700
f 1059/5701 1051/5702 1060/5703
f 1051/5704 1052/5705 1060/5706
f 1060/5707 1052/5708 1053/5709
f 1052/5710 1045/5711 1053/5712
f 1061/5713 1053/5714 1054/5715
f 1062/5716 1061/5717 1054/5718
f 1062/5719 1054/5720 1055/5721
f 1063/5722 1062/5723 1055/5724
f 1063/5725 1055/5726 1056/5727
f 1064/5728 1063/5729 1056/5730
f 1064/5731 1056/5732 1057/5733
f 1065/5734 1064/5735 1057/5736
f 1065/5737 1057/5738 1066/5739
f 1057/5740 1058/5741 1066/5742
f 1066/5743 1058/5744 1067/5745
f 1058/5746 1059/5747 1067/5748
f 1067/5749 1059/5750 1068/5751
f 1059/5752 1060/5753 1068/5754
f 1068/5755 1060/5756 1061/5757
f 1060/5758 1053/5759 1061/5760
f 1069/5761 1061/5762 1062/5763
f 1070/5764 1069/5765 1062/5766
f 1070/5767 1062/5768 1063/5769
f 1071/5770 1070/5771 1063/5772
f 1071/5773 1063/5774 1064/5775
f 1072/5776 1071/5777 1064/5778
f 1072/5779 1064/5780 1065/5781
f 1073/5782 1072/5783 1065/5784
f 1073/5785 1065/5786 1074/5787
f 1065/5788 1066/5789 1074/5790
f 1074/5791 1066/5792 1075/5793
f 1066/5794 1067/5795 1075/5796
f 1075/5797 1067/5798 1076/5799
f 1067/5800 1068/5801 1076/5802
f 1076/5803 1068/5804 1069/5805
f 1068/5806 1061/5807 1069/5808
f 1089/5809 1077/5810 1078/5811
f 1090/5812 1089/5813 1078/5814
f 1090/5815 1078/5816 1079/5817
f 1091/5818 1090/5819 1079/5820
f 1091/5821 1079/5822 1080/5823
f 1092/5824 1091/5825 1080/5826
f 1092/5827 1080/5828 1081/5829
f 1093/5830 1092/5831 1081/5832
f 1093/5833 1081/5834 1082/5835
f 1094/5836 1093/5837 1082/5838
f 1094/5839 1082/5840 1083/5841
f 1095/5842 1094/5843 1083/5844
f 1095/5845 1083/5846 1096/5847
f 1083/5848 1084/5849 1096/5850
f 1096/5851 1084/5852 1097/5853
f 1084/5854 1085/5855 1097/5856
f 1097/5857 1085/5858 1098/5859
f 1085/5860 1086/5861 1098/5862
f 1098/5863 1086/5864 1099/5865
f 1086/5866 1087/5867 1099/5868
f 1099/5869 1087/5870 1100/5871
f 1087/5872 1088/5873 1100/5874
f 1100/5875 1088/5876 1089/5877
f 1088/5878 1077/5879 1089/5880
f 1101/5881 1089/5882 1090/5883
f 1102/5884 1101/5885 1090/5886
f 1102/5887 1090/5888 1091/5889
f 1103/5890 1102/5891 1091/5892
f 1103/5893 1091/5894 1092/5895
f 1104/5896 1103/5897 1092/5898
f 1104/5899 1092/5900 1093/5901
f 1105/5902 1104/5903 1093/5904
f 1105/5905 1093/5906 1094/5907
f 1106/5908 1105/5909 1094/5910
f 1106/5911 1094/5912 1095/5913
f 1107/5914 1106/5915 1095/5916
f 1107/5917 1095/5918 1108/5919
f 1095/5920 1096/5921 1108/5922
f 1108/5923 1096/5924 1109/5925
f 1096/5926 1097/5927 1109/5928
f 1109/5929 1097/5930 1110/5931
f 1097/5932 1098/5933 1110/5934
f 1110/5935 1098/5936 1111/5937
f 1098/5938 1099/5939 1111/5940
f 1111/5941 1099/5942 1112/5943
f 1099/5944 1100/5945 1112/5946
f 1112/5947 1100/5948 1101/5949
f 1100/5950 1089/5951 1101/5952
f 1113/5953 1101/5954 1102/5955
f 1114/5956 1113/5957 1102/5958
f 1114/5959 1102/5960 1103/5961
f 1115/5962 1114/5963 1103/5964
f 1115/5965 1103/5966 1104/5967
f 1116/5968 1115/5969 1104/5970
f 1116/5971 1104/5972 1105/5973
f 1117/5974 1116/5975 1105/5976
f 1117/5977 1105/5978 1106/5979
f 1118/5980 1117/5981 1106/5982
f 1118/5983 1106/5984 1107/5985
f 1119/5986 1118/5987 1107/5988
f 1119/5989 1107/5990 1120/5991
f 1107/5992 1108/5993 1120/5994
f 1120/5995 1108/5996 1121/5997
f 1108/5998 1109/5999 1121/6000
f 1121/6001 1109/6002 1122/6003
f 1109/6004 1110/6005 1122/6006
f 1122/6007 1110/6008 1123/6009
f 1110/6010 1111/6011 1123/6012
f 1123/6013 1111/6014 1124/6015
f 1111/6016 1112/6017 1124/6018
f 1124/6019 1112/6020 1113/6021
f 1112/6022 1101/6023 1113/6024
f 1125/6025 1113/6026 1114/6027
f 1126/6028 1125/6029 1114/6030
f 1126/6031 1114/6032 1115/6033
f 1127/6034 1126/6035 1115/6036
f 1127/6037 1115/6038 1116/6039
f 1128/6040 1127/6041 1116/6042
f 1128/6043 1116/6044 1117/6045
f 1129/6046 1128/6047 1117/6048
f 1129/6049 1117/6050 1118/6051
f 1130/6052 1129/6053 1118/6054
f 1130/6055 1118/6056 1119/6057
f 1131/6058 1130/6059 1119/6060
f 1131/6061 1119/6062 1132/6063
f 1119/6064 1120/6065 1132/6066
f 1132/6067 1120/6068 1133/6069
f 1120/6070 1121/6071 1133/6072
f 1133/6073 1121/6074 1134/6075
f 1121/6076 1122/6077 1134/6078
f 1134/6079 1122/6080 1135/6081
f 1122/6082 1123/6083 1135/6084
f 1135/6085 1123/6086 1136/6087
f 1123/6088 1124/6089 1136/6090
f 1136/6091 1124/6092 1125/6093
f 1124/6094 1113/6095 1125/6096
f 1145/6097 1137/6098 1138/6099
f 1146/6100 1145/6101 1138/6102
f 1146/6103 1138/6104 1139/6105
f 1147/6106 1146/6107 1139/6108
f 1147/6109 1139/6110 1140/6111
f 1148/6112 1147/6113 1140/6114
f 1148/6115 1140/6116 1141/6117
f 1149/6118 1148/6119 1141/6120
f 1149/6121 1141/6122 1150/6123
f 1141/6124 1142/6125 1150/6126
f 1150/6127 1142/6128 1151/6129
f 1142/6130 1143/6131 1151/6132
f 1151/6133 1143/6134 1152/6135
f 1143/6136 1144/6137 1152/6138
f 1152/6139 1144/6140 1145/6141
f 1144/6142 1137/6143 1145/6144
f 1153/6145 1145/6146 1146/6147
f 1154/6148 1153/6149 1146/6150
f 1154/6151 1146/6152 1147/6153
f 1155/6154 1154/6155 1147/6156
f 1155/6157 1147/6158 1148/6159
f 1156/6160 1155/6161 1148/6162
f 1156/6163 1148/6164 1149/6165
f 1157/6166 1156/6167 1149/6168
f 1157/6169 1149/6170 1158/6171
f 1149/6172 1150/6173 1158/6174
f 1158/6175 1150/6176 1159/6177
f 1150/6178 1151/6179 1159/6180
f 1159/6181 1151/6182 1160/6183
f 1151/6184 1152/6185 1160/6186
f 1160/6187 1152/6188 1153/6189
f 1152/6190 1145/6191 1153/6192
f 1161/6193 1153/6194 1154/6195
f 1162/6196 1161/6197 1154/6198
f 1162/6199 1154/6200 1155/6201
f 1163/6202 1162/6203 1155/6204
f 1163/6205 1155/6206 1156/6207
f 1164/6208 1163/6209 1156/6210
f 1164/6211 1156/6212 1157/6213
f 1165/6214 1164/6215 1157/6216
f 1165/6217 1157/6218 1166/6219
f 1157/6220 1158/6221 1166/6222
f 1166/6223 1158/6224 1167/6225
f 1158/6226 1159/6227 1167/6228
f 1167/6229 1159/6230 1168/6231
f 1159/6232 1160/6233 1168/6234
f 1168/6235 1160/6236 1161/6237
f 1160/6238 1153/6239 1161/6240
f 1169/6241 1161/6242 1162/6243
f 1170/6244 1169/6245 1162/6246
f 1170/6247 1162/6248 1163/6249
f 1171/6250 1170/6251 1163/6252
f 1171/6253 1163/6254 1164/6255
f 1172/6256 1171/6257 1164/6258
f 1172/6259 1164/6260 1165/6261
f 1173/6262 1172/6263 1165/6264
f 1173/6265 1165/6266 1174/6267
f 1165/6268 1166/6269 1174/6270
f 1174/6271 1166/6272 1175/6273
f 1166/6274 1167/6275 1175/6276
f 1175/6277 1167/6278 1176/6279
f 1167/6280 1168/6281 1176/6282
f 1176/6283 1168/6284 1169/6285
f 1168/6286 1161/6287 1169/6288
f 1185/6289 1177/6290 1178/6291
f 1186/6292 1185/6293 1178/6294
f 1186/6295 1178/6296 1179/6297
f 1187/6298 1186/6299 1179/6300
f 1187/6301 1179/6302 1180/6303
f 1188/6304 1187/6305 1180/6306
f 1188/6307 1180/6308 1181/6309
f 1189/6310 1188/6311 1181/6312
f 1189/6313 1181/6314 1190/6315
f 1181/6316 1182/6317 1190/6318
f 1190/6319 1182/6320 1191/6321
f 1182/6322 1183/6323 1191/6324
f 1191/6325 1183/6326 1192/6327
f 1183/6328 1184/6329 1192/6330
f 1192/6331 1184/6332 1185/6333
f 1184/6334 1177/6335 1185/6336
f 1193/6337 1185/6338 1186/6339
f 1194/6340 1193/6341 1186/6342
f 1194/6343 1186/6344 1187/6345
f 1195/6346 1194/6347 1187/6348
f 1195/6349 1187/6350 1188/6351
f 1196/6352 1195/6353 1188/6354
f 1196/6355 1188/6356 1189/6357
f 1197/6358 1196/6359 1189/6360
f 1197/6361 1189/6362 1198/6363
f 1189/6364 1190/6365 1198/6366
f 1198/6367 1190/6368 1199/6369
f 1190/6370 1191/6371 1199/6372
f 1199/6373 1191/6374 1200/6375
f 1191/6376 1192/6377 1200/6378
f 1200/6379 1192/6380 1193/6381
f 1192/6382 1185/6383 1193/6384
f 1201/6385 1193/6386 1194/6387
f 1202/6388 1201/6389 1194/6390
f 1202/6391 1194/6392 1195/6393
f 1203/6394 1202/6395 1195/6396
f 1203/6397 1195/6398 1196/6399
f 1204/6400 1203/6401 1196/6402
f 1204/6403 1196/6404 1197/6405
f 1205/6406 1204/6407 1197/6408
f 1205/6409 1197/6410 1206/6411
f 1197/6412 1198/6413 1206/6414
f 1206/6415 1198/6416 1207/6417
f 1198/6418 1199/6419 1207/6420
f 1207/6421 1199/6422 1208/6423
f 1199/6424 1200/6425 1208/6426
f 1208/6427 1200/6428 1201/6429
f 1200/6430 1193/6431 1201/6432
f 1209/6433 1201/6434 1202/6435
f 1210/6436 1209/6437 1202/6438
f 1210/6439 1202/6440 1203/6441
f 1211/6442 1210/6443 1203/6444
f 1211/6445 1203/6446 1204/6447
f 1212/6448 1211/6449 1204/6450
f 1212/6451 1204/6452 1205/6453
f 1213/6454 1212/6455 1205/6456
f 1213/6457 1205/6458 1214/6459
f 1205/6460 1206/6461 1214/6462
f 1214/6463 1206/6464 1215/6465
f 1206/6466 1207/6467 1215/6468
f 1215/6469 1207/6470 1216/6471
f 1207/6472 1208/6473 1216/6474
f 1216/6475 1208/6476 1209/6477
f 1208/6478 1201/6479 1209/6480
f 1225/6481 1217/6482 1218/6483
f 1226/6484 1225/6485 1218/6486
f 1226/6487 1218/6488 1219/6489
f 1227/6490 1226/6491 1219/6492
f 1227/6493 1219/6494 1220/6495
f 1228/6496 1227/6497 1220/6498
f 1228/6499 1220/6500 1221/6501
f 1229/6502 1228/6503 1221/6504
f 1229/6505 1221/6506 1230/6507
f 1221/6508 1222/6509 1230/6510
f 1230/6511 1222/6512 1231/6513
f 1222/6514 1223/6515 1231/6516
f 1231/6517 1223/6518 1232/6519
f 1223/6520 1224/6521 1232/6522
f 1232/6523 1224/6524 1225/6525
f 1224/6526 1217/6527 1225/6528
f 1233/6529 1225/6530 1226/6531
f 1234/6532 1233/6533 1226/6534
f 1234/6535 1226/6536 1227/6537
f 1235/6538 1234/6539 1227/6540
f 1235/6541 1227/6542 1228/6543
f 1236/6544 1235/6545 1228/6546
f 1236/6547 1228/6548 1229/6549
f 1237/6550 1236/6551 1229/6552
f 1237/6553 1229/6554 1238/6555
f 1229/6556 1230/6557 1238/6558
f 1238/6559 1230/6560 1239/6561
f 1230/6562 1231/6563 1239/6564
f 1239/6565 1231/6566 1240/6567
f 1231/6568 1232/6569 1240/6570
f 1240/6571 1232/6572 1233/6573
f 1232/6574 1225/6575 1233/6576
f 1241/6577 1233/6578 1234/6579
f 1242/6580 1241/6581 1234/6582
f 1242/6583 1234/6584 1235/6585
f 1243/6586 1242/6587 1235/6588
f 1243/6589 1235/6590 1236/6591
f 1244/6592 1243/6593 1236/6594
f 1244/6595 1236/6596 1237/6597
f 1245/6598 1244/6599 1237/6600
f 1245/6601 1237/6602 1246/6603
f 1237/6604 1238/6605 1246/6606
f 1246/6607 1238/6608 1247/6609
f 1238/6610 1239/6611 1247/6612
f 1247/6613 1239/6614 1248/6615
f 1239/6616 1240/6617 1248/6618
f 1248/6619 1240/6620 1241/6621
f 1240/6622 1233/6623 1241/6624
f 1249/6625 1241/6626 1242/6627
f 1250/6628 1249/6629 1242/6630
f 1250/6631 1242/6632 1243/6633
f 1251/6634 1250/6635 1243/6636
f 1251/6637 1243/6638 1244/6639
f 1252/6640 1251/6641 1244/6642
f 1252/6643 1244/6644 1245/6645
f 1253/6646 1252/6647 1245/6648
f 1253/6649 1245/6650 1254/6651
f 1245/6652 1246/6653 1254/6654
f 1254/6655 1246/6656 1255/6657
f 1246/6658 1247/6659 1255/6660
f 1255/6661 1247/6662 1256/6663
f 1247/6664 1248/6665 1256/6666
f 1256/6667 1248/6668 1249/6669
f 1248/6670 1241/6671 1249/6672
f 1269/6673 1257/6674 1258/6675
f 1270/6676 1269/6677 1258/6678
f 1270/6679 1258/6680 1259/6681
f 1271/6682 1270/6683 1259/6684
f 1271/6685 1259/6686 1260/6687
f 1272/6688 1271/6689 1260/6690
f 1272/6691 1260/6692 1261/6693
f 1273/6694 1272/6695 1261/6696
f 1273/6697 1261/6698 1262/6699
f 1274/6700 1273/6701 1262/6702
f 1274/6703 1262/6704 1263/6705
f 1275/6706 1274/6707 1263/6708
f 1275/6709 1263/6710 1276/6711
f 1263/6712 1264/6713 1276/6714
f 1276/6715 1264/6716 1277/6717
f 1264/6718 1265/6719 1277/6720
f 1277/6721 1265/6722 1278/6723
f 1265/6724 1266/6725 1278/6726
f 1278/6727 1266/6728 1279/6729
f 1266/6730 1267/6731 1279/6732
f 1279/6733 1267/6734 1280/6735
f 1267/6736 1268/6737 1280/6738
f 1280/6739 1268/6740 1269/6741
f 1268/6742 1257/6743 1269/6744
f 1281/6745 1269/6746 1270/6747
f 1282/6748 1281/6749 1270/6750
f 1282/6751 1270/6752 1271/6753
f 1283/6754 1282/6755 1271/6756
f 1283/6757 1271/6758 1272/6759
f 1284/6760 1283/6761 1272/6762
f 1284/6763 1272/6764 1273/6765
f 1285/6766 1284/6767 1273/6768
f 1285/6769 1273/6770 1274/6771
f 1286/6772 1285/6773 1274/6774
f 1286/6775 1274/6776 1275/6777
f 1287/6778 1286/6779 1275/6780
f 1287/6781 1275/6782 1288/6783
f 1275/6784 1276/6785 1288/6786
f 1288/6787 1276/6788 1289/6789
f 1276/6790 1277/6791 1289/6792
f 1289/6793 1277/6794 1290/6795
f 1277/6796 1278/6797 1290/6798
f 1290/6799 1278/6800 1291/6801
f 1278/6802 1279/6803 1291/6804
f 1291/6805 1279/6806 1292/6807
f 1279/6808 1280/6809 1292/6810
f 1292/6811 1280/6812 1281/6813
f 1280/6814 1269/6815 1281/6816
f 1293/6817 1281/6818 1282/6819
f 1294/6820 1293/6821 1282/6822
f 1294/6823 1282/6824 1283/6825
f 1295/6826 1294/6827 1283/6828
f 1295/6829 1283/6830 1284/6831
f 1296/6832 1295/6833 1284/6834
f 1296/6835 1284/6836 1285/6837
f 1297/6838 1296/6839 1285/6840
f 1297/6841 1285/6842 1286/6843
f 1298/6844 1297/6845 1286/6846
f 1298/6847 1286/6848 1287/6849
f 1299/6850 1298/6851 1287/6852
f 1299/6853 1287/6854 1300/6855
f 1287/6856 1288/6857 1300/6858
f 1300/6859 1288/6860 1301/6861
f 1288/6862 1289/6863 1301/6864
f 1301/6865 1289/6866 1302/6867
f 1289/6868 1290/6869 1302/6870
f 1302/6871 1290/6872 1303/6873
f 1290/6874 1291/6875 1303/6876
f 1303/6877 1291/6878 1304/6879
f 1291/6880 1292/6881 1304/6882
f 1304/6883 1292/6884 1293/6885
f 1292/6886 1281/6887 1293/6888
f 1305/6889 1293/6890 1294/6891
f 1306/6892 1305/6893 1294/6894
f 1306/6895 1294/6896 1295/6897
f 1307/6898 1306/6899 1295/6900
f 1307/6901 1295/6902 1296/6903
f 1308/6904 1307/6905 1296/6906
f 1308/6907 1296/6908 1297/6909
f 1309/6910 1308/6911 1297/6912
f 1309/6913 1297/6914 1298/6915
f 1310/6916 1309/6917 1298/6918
f 1310/6919 1298/6920 1299/6921
f 1311/6922 1310/6923 1299/6924
f 1311/6925 1299/6926 1312/6927
f 1299/6928 1300/6929 1312/6930
f 1312/6931 1300/6932 1313/6933
f 1300/6934 1301/6935 1313/6936
f 1313/6937 1301/6938 1314/6939
f 1301/6940 1302/6941 1314/6942
f 1314/6943 1302/6944 1315/6945
f 1302/6946 1303/6947 1315/6948
f 1315/6949 1303/6950 1316/6951
f 1303/6952 1304/6953 1316/6954
f 1316/6955 1304/6956 1305/6957
f 1304/6958 1293/6959 1305/6960
f 1325/6961 1317/6962 1318/6963
f 1326/6964 1325/6965 1318/6966
f 1326/6967 1318/6968 1319/6969
f 1327/6970 1326/6971 1319/6972
f 1327/6973 1319/6974 1320/6975
f 1328/6976 1327/6977 1320/6978
f 1328/6979 1320/6980 1321/6981
f 1329/6982 1328/6983 1321/6984
f 1329/6985 1321/6986 1330/6987
f 1321/6988 1322/6989 1330/6990
f 1330/6991 1322/6992 1331/6993
f 1322/6994 1323/6995 1331/6996
f 1331/6997 1323/6998 1332/6999
f 1323/7000 1324/7001 1332/7002
f 1332/7003 1324/7004 1325/7005
f 1324/7006 1317/7007 1325/7008
f 1333/7009 1325/7010 1326/7011
f 1334/7012 1333/7013 1326/7014
f 1334/7015 1326/7016 1327/7017
f 1335/7018 1334/7019 1327/7020
f 1335/7021 1327/7022 1328/7023
f 1336/7024 1335/7025 1328/7026
f 1336/7027 1328/7028 1329/7029
f 1337/7030 1336/7031 1329/7032
f 1337/7033 1329/7034 1338/7035
f 1329/7036 1330/7037 1338/7038
f 1338/7039 1330/7040 1339/7041
f 1330/7042 1331/7043 1339/7044
f 1339/7045 1331/7046 1340/7047
f 1331/7048 1332/7049 1340/7050
f 1340/7051 1332/7052 1333/7053
f 1332/7054 1325/7055 1333/7056
f 1341/7057 1333/7058 1334/7059
f 1342/7060 1341/7061 1334/7062
f 1342/7063 1334/7064 1335/7065
f 1343/7066 1342/7067 1335/7068
f 1343/7069 1335/7070 1336/7071
f 1344/7072 1343/7073 1336/7074
f 1344/7075 1336/7076 1337/7077
f 1345/7078 1344/7079 1337/7080
f 1345/7081 1337/7082 1346/7083
f 1337/7084 1338/7085 1346/7086
f 1346/7087 1338/7088 1347/7089
f 1338/7090 1339/7091 1347/7092
f 1347/7093 1339/7094 1348/7095
f 1339/7096 1340/7097 1348/7098
f 1348/7099 1340/7100 1341/7101
f 1340/7102 1333/7103 1341/7104
f 1349/7105 1341/7106 1342/7107
f 1350/7108 1349/7109 1342/7110
f 1350/7111 1342/7112 1343/7113
f 1351/7114 1350/7115 1343/7116
f 1351/7117 1343/7118 1344/7119
f 1352/7120 1351/7121 1344/7122
f 1352/7123 1344/7124 1345/7125
f 1353/7126 1352/7127 1345/7128
f 1353/7129 1345/7130 1354/7131
f 1345/7132 1346/7133 1354/7134
f 1354/7135 1346/7136 1355/7137
f 1346/7138 1347/7139 1355/7140
f 1355/7141 1347/7142 1356/7143
f 1347/7144 1348/7145 1356/7146
f 1356/7147 1348/7148 1349/7149
f 1348/7150 1341/7151 1349/7152
f 1357/7153 1349/7154 1350/7155
f 1358/7156 1357/7157 1350/7158
f 1358/7159 1350/7160 1351/7161
f 1359/7162 1358/7163 1351/7164
f 1359/7165 1351/7166 1352/7167
f 1360/7168 1359/7169 1352/7170
f 1360/7171 1352/7172 1353/7173
f 1361/7174 1360/7175 1353/7176
f 1361/7177 1353/7178 1362/7179
f 1353/7180 1354/7181 1362/7182
f 1362/7183 1354/7184 1363/7185
f 1354/7186 1355/7187 1363/7188
f 1363/7189 1355/7190 1364/7191
f 1355/7192 1356/7193 1364/7194
f 1364/7195 1356/7196 1357/7197
f 1356/7198 1349/7199 1357/7200
f 1365/7201 1357/7202 1358/7203
f 1366/7204 1365/7205 1358/7206
f 1366/7207 1358/7208 1359/7209
f 1367/7210 1366/7211 1359/7212
f 1367/7213 1359/7214 1360/7215
f 1368/7216 1367/7217 1360/7218
f 1368/7219 1360/7220 1361/7221
f 1369/7222 1368/7223 1361/7224
f 1369/7225 1361/7226 1370/7227
f 1361/7228 1362/7229 1370/7230
f 1370/7231 1362/7232 1371/7233
f 1362/7234 1363/7235 1371/7236
f 1371/7237 1363/7238 1372/7239
f 1363/7240 1364/7241 1372/7242
f 1372/7243 1364/7244 1365/7245
f 1364/7246 1357/7247 1365/7248
f 1381/7249 1373/7250 1374/7251
f 1382/7252 1381/7253 1374/7254
f 1382/7255 1374/7256 1375/7257
f 1383/7258 1382/7259 1375/7260
f 1383/7261 1375/7262 1376/7263
f 1384/7264 1383/7265 1376/7266
f 1384/7267 1376/7268 1377/7269
f 1385/7270 1384/7271 1377/7272
f 1385/7273 1377/7274 1386/7275
f 1377/7276 1378/7277 1386/7278
f 1386/7279 1378/7280 1387/7281
f 1378/7282 1379/7283 1387/7284
f 1387/7285 1379/7286 1388/7287
f 1379/7288 1380/7289 1388/7290
f 1388/7291 1380/7292 1381/7293
f 1380/7294 1373/7295 1381/7296
f 1389/7297 1381/7298 1382/7299
f 1390/7300 1389/7301 1382/7302
f 1390/7303 1382/7304 1383/7305
f 1391/7306 1390/7307 1383/7308
f 1391/7309 1383/7310 1384/7311
f 1392/7312 1391/7313 1384/7314
f 1392/7315 1384/7316 1385/7317
f 1393/7318 1392/7319 1385/7320
f 1393/7321 1385/7322 1394/7323
f 1385/7324 1386/7325 1394/7326
f 1394/7327 1386/7328 1395/7329
f 1386/7330 1387/7331 1395/7332
f 1395/7333 1387/7334 1396/7335
f 1387/7336 1388/7337 1396/7338
f 1396/7339 1388/7340 1389/7341
f 1388/7342 1381/7343 1389/7344
f 1397/7345 1389/7346 1390/7347
f 1398/7348 1397/7349 1390/7350
f 1398/7351 1390/7352 1391/7353
f 1399/7354 1398/7355 1391/7356
f 1399/7357 1391/7358 1392/7359
f 1400/7360 1399/7361 1392/7362
f 1400/7363 1392/7364 1393/7365
f 1401/7366 1400/7367 1393/7368
f 1401/7369 1393/7370 1402/7371
f 1393/7372 1394/7373 1402/7374
f 1402/7375 1394/7376 1403/7377
f 1394/7378 1395/7379 1403/7380
f 1403/7381 1395/7382 1404/7383
f 1395/7384 1396/7385 1404/7386
f 1404/7387 1396/7388 1397/7389
f 1396/7390 1389/7391 1397/7392
f 1405/7393 1397/7394 1398/7395
f 1406/7396 1405/7397 1398/7398
f 1406/7399 1398/7400 1399/7401
f 1407/7402 1406/7403 1399/7404
f 1407/7405 1399/7406 1400/7407
f 1408/7408 1407/7409 1400/7410
f 1408/7411 1400/7412 1401/7413
f 1409/7414 1408/7415 1401/7416
f 1409/7417 1401/7418 1410/7419
f 1401/7420 1402/7421 1410/7422
f 1410/7423 1402/7424 1411/7425
f 1402/7426 1403/7427 1411/7428
f 1411/7429 1403/7430 1412/7431
f 1403/7432 1404/7433 1412/7434
f 1412/7435 1404/7436 1405/7437
f 1404/7438 1397/7439 1405/7440
f 1413/7441 1405/7442 1406/7443
f 1414/7444 1413/7445 1406/7446
f 1414/7447 1406/7448 1407/7449
f 1415/7450 1414/7451 1407/7452
f 1415/7453 1407/7454 1408/7455
f 1416/7456 1415/7457 1408/7458
f 1416/7459 1408/7460 1409/7461
f 1417/7462 1416/7463 1409/7464
f 1417/7465 1409/7466 1418/7467
f 1409/7468 1410/7469 1418/7470
f 1418/7471 1410/7472 1419/7473
f 1410/7474 1411/7475 1419/7476
f 1419/7477 1411/7478 1420/7479
f 1411/7480 1412/7481 1420/7482
f 1420/7483 1412/7484 1413/7485
f 1412/7486 1405/7487 1413/7488
f 1421/7489 1413/7490 1414/7491
f 1422/7492 1421/7493 1414/7494
f 1422/7495 1414/7496 1415/7497
f 1423/7498 1422/7499 1415/7500
f 1423/7501 1415/7502 1416/7503
f 1424/7504 1423/7505 1416/7506
f 1424/7507 1416/7508 1417/7509
f 1425/7510 1424/7511 1417/7512
f 1425/7513 1417/7514 1426/7515
f 1417/7516 1418/7517 1426/7518
f 1426/7519 1418/7520 1427/7521
f 1418/7522 1419/7523 1427/7524
f 1427/7525 1419/7526 1428/7527
f 1419/7528 1420/7529 1428/7530
f 1428/7531 1420/7532 1421/7533
f 1420/7534 1413/7535 1421/7536
f 1437/7537 1429/7538 1430/7539
f 1438/7540 1437/7541 1430/7542
f 1438/7543 1430/7544 1431/7545
f 1439/7546 1438/7547 1431/7548
f 1439/7549 1431/7550 1432/7551
f 1440/7552 1439/7553 1432/7554
f 1440/7555 1432/7556 1433/7557
f 1441/7558 1440/7559 1433/7560
f 1441/7561 1433/7562 1442/7563
f 1433/7564 1434/7565 1442/7566
f 1442/7567 1434/7568 1443/7569
f 1434/7570 1435/7571 1443/7572
f 1443/7573 1435/7574 1444/7575
f 1435/7576 1436/7577 1444/7578
f 1444/7579 1436/7580 1437/7581
f 1436/7582 1429/7583 1437/7584
f 1445/7585 1437/7586 1438/7587
f 1446/7588 1445/7589 1438/7590
f 1446/7591 1438/7592 1439/7593
f 1447/7594 1446/7595 1439/7596
f 1447/7597 1439/7598 1440/7599
f 1448/7600 1447/7601 1440/7602
f 1448/7603 1440/7604 1441/7605
f 1449/7606 1448/7607 1441/7608
f 1449/7609 1441/7610 1450/7611
f 1441/7612 1442/7613 1450/7614
f 1450/7615 1442/7616 1451/7617
f 1442/7618 1443/7619 1451/7620
f 1451/7621 1443/7622 1452/7623
f 1443/7624 1444/7625 1452/7626
f 1452/7627 1444/7628 1445/7629
f 1444/7630 1437/7631 1445/7632
f 1453/7633 1445/7634 1446/7635
f 1454/7636 1453/7637 1446/7638
f 1454/7639 1446/7640 1447/7641
f 1455/7642 1454/7643 1447/7644
f 1455/7645 1447/7646 1448/7647
f 1456/7648 1455/7649 1448/7650
f 1456/7651 1448/7652 1449/7653
f 1457/7654 1456/7655 1449/7656
f 1457/7657 1449/7658 1458/7659
f 1449/7660 1450/7661 1458/7662
f 1458/7663 1450/7664 1459/7665
f 1450/7666 1451/7667 1459/7668
f 1459/7669 1451/7670 1460/7671
f 1451/7672 1452/7673 1460/7674
f 1460/7675 1452/7676 1453/7677
f 1452/7678 1445/7679 1453/7680
f 1461/7681 1453/7682 1454/7683
f 1462/7684 1461/7685 1454/7686
f 1462/7687 1454/7688 1455/7689
f 1463/7690 1462/7691 1455/7692
f 1463/7693 1455/7694 1456/7695
f 1464/7696 1463/7697 1456/7698
f 1464/7699 1456/7700 1457/7701
f 1465/7702 1464/7703 1457/7704
f 1465/7705 1457/7706 1466/7707
f 1457/7708 1458/7709 1466/7710
f 1466/7711 1458/7712 1467/7713
f 1458/7714 1459/7715 1467/7716
f 1467/7717 1459/7718 1468/7719
f 1459/7720 1460/7721 1468/7722
f 1468/7723 1460/7724 1461/7725
f 1460/7726 1453/7727 1461/7728
f 1469/7729 1461/7730 1462/7731
f 1470/7732 1469/7733 1462/7734
f 1470/7735 1462/7736 1463/7737
f 1471/7738 1470/7739 1463/7740
f 1471/7741 1463/7742 1464/7743
f 1472/7744 1471/7745 1464/7746
f 1472/7747 1464/7748 1465/7749
f 1473/7750 1472/7751 1465/7752
f 1473/7753 1465/7754 1474/7755
f 1465/7756 1466/7757 1474/7758
f 1474/7759 1466/7760 1475/7761
f 1466/7762 1467/7763 1475/7764
f 1475/7765 1467/7766 1476/7767
f 1467/7768 1468/7769 1476/7770
f 1476/7771 1468/7772 1469/7773
f 1468/7774 1461/7775 1469/7776
f 1477/7777 1469/7778 1470/7779
f 1478/7780 1477/7781 1470/7782
f 1478/7783 1470/7784 1471/7785
f 1479/7786 1478/7787 1471/7788
f 1479/7789 1471/7790 1472/7791
f 1480/7792 1479/7793 1472/7794
f 1480/7795 1472/7796 1473/7797
f 1481/7798 1480/7799 1473/7800
f 1481/7801 1473/7802 1482/7803
f 1473/7804 1474/7805 1482/7806
f 1482/7807 1474/7808 1483/7809
f 1474/7810 1475/7811 1483/7812
f 1483/7813 1475/7814 1484/7815
f 1475/7816 1476/7817 1484/7818
f 1484/7819 1476/7820 1477/7821
f 1476/7822 1469/7823 1477/7824
f 1493/7825 1485/7826 1486/7827
f 1494/7828 1493/7829 1486/7830
f 1494/7831 1486/7832 1487/7833
f 1495/7834 1494/7835 1487/7836
f 1495/7837 1487/7838 1488/7839
f 1496/7840 1495/7841 1488/7842
f 1496/7843 1488/7844 1489/7845
f 1497/7846 1496/7847 1489/7848
f 1497/7849 1489/7850 1498/7851
f 1489/7852 1490/7853 1498/7854
f 1498/7855 1490/7856 1499/7857
f 1490/7858 1491/7859 1499/7860
f 1499/7861 1491/7862 1500/7863
f 1491/7864 1492/7865 1500/7866
f 1500/7867 1492/7868 1493/7869
f 1492/7870 1485/7871 1493/7872
f 1501/7873 1493/7874 1494/7875
f 1502/7876 1501/7877 1494/7878
f 1502/7879 1494/7880 1495/7881
f 1503/7882 1502/7883 1495/7884
f 1503/7885 1495/7886 1496/7887
f 1504/7888 1503/7889 1496/7890
f 1504/7891 1496/7892 1497/7893
f 1505/7894 1504/7895 1497/7896
f 1505/7897 1497/7898 1506/7899
f 1497/7900 1498/7901 1506/7902
f 1506/7903 1498/7904 1507/7905
f 1498/7906 1499/7907 1507/7908
f 1507/7909 1499/7910 1508/7911
f 1499/7912 1500/7913 1508/7914
f 1508/7915 1500/7916 1501/7917
f 1500/7918 1493/7919 1501/7920
f 1509/7921 1501/7922 1502/7923
f 1510/7924 1509/7925 1502/7926
f 1510/7927 1502/7928 1503/7929
f 1511/7930 1510/7931 1503/7932
f 1511/7933 1503/7934 1504/7935
f 1512/7936 1511/7937 1504/7938
f 1512/7939 1504/7940 1505/7941
f 1513/7942 1512/7943 1505/7944
f 1513/7945 1505/7946 1514/7947
f 1505/7948 1506/7949 1514/7950
f 1514/7951 1506/7952 1515/7953
f 1506/7954 1507/7955 1515/7956
f 1515/7957 1507/7958 1516/7959
f 1507/7960 1508/7961 1516/7962
f 1516/7963 1508/7964 1509/7965
f 1508/7966 1501/7967 1509/7968
f 1517/7969 1509/7970 1510/7971
f 1518/7972 1517/7973 1510/7974
f 1518/7975 1510/7976 1511/7977
f 1519/7978 1518/7979 1511/7980
f 1519/7981 1511/7982 1512/7983
f 1520/7984 1519/7985 1512/7986
f 1520/7987 1512/7988 1513/7989
f 1521/7990 1520/7991 1513/7992
f 1521/7993 1513/7994 1522/7995
f 1513/7996 1514/7997 1522/7998
f 1522/7999 1514/8000 1523/8001
f 1514/8002 1515/8003 1523/8004
f 1523/8005 1515/8006 1524/8007
f 1515/8008 1516/8009 1524/8010
f 1524/8011 1516/8012 1517/8013
f 1516/8014 1509/8015 1517/8016
f 1525/8017 1517/8018 1518/8019
f 1526/8020 1525/8021 1518/8022
f 1526/8023 1518/8024 1519/8025
f 1527/8026 1526/8027 1519/8028
f 1527/8029 1519/8030 1520/8031
f 1528/8032 1527/8033 1520/8034
f 1528/8035 1520/8036 1521/8037
f 1529/8038 1528/8039 1521/8040
f 1529/8041 1521/8042 1530/8043
f 1521/8044 1522/8045 1530/8046
f 1530/8047 1522/8048 1531/8049
f 1522/8050 1523/8051 1531/8052
f 1531/8053 1523/8054 1532/8055
f 1523/8056 1524/8057 1532/8058
f 1532/8059 1524/8060 1525/8061
f 1524/8062 1517/8063 1525/8064
f 1533/8065 1525/8066 1526/8067
f 1534/8068 1533/8069 1526/8070
f 1534/8071 1526/8072 1527/8073
f 1535/8074 1534/8075 1527/8076
f 1535/8077 1527/8078 1528/8079
f 1536/8080 1535/8081 1528/8082
f 1536/8083 1528/8084 1529/8085
f 1537/8086 1536/8087 1529/8088
f 1537/8089 1529/8090 1538/8091
f 1529/8092 1530/8093 1538/8094
f 1538/8095 1530/8096 1539/8097
f 1530/8098 1531/8099 1539/8100
f 1539/8101 1531/8102 1540/8103
f 1531/8104 1532/8105 1540/8106
f 1540/8107 1532/8108 1533/8109
f 1532/8110 1525/8111 1533/8112
f 1541/8113 1542/8114 1545/8115
f 1545/8116 1542/8117 1546/8118
f 1542/8119 1544/8120 1546/8121
f 1541/8122 1545/8123 1543/8124
f 1545/8125 1546/8126 1543/8127
f 1543/8128 1546/8129 1544/8130
f 1548/8131 1547/8132 1551/8133
f 1548/8134 1551/8135 1552/8136
f 1550/8137 1548/8138 1552/8139
f 1549/8140 1551/8141 1547/8142
f 1549/8143 1552/8144 1551/8145
f 1550/8146 1552/8147 1549/8148
